chittick_pdf_page	movahhed_ref_as_cited	movahhed_vol	movahhed_page_in_vol	ocr_record	ocr_record_next
28	703-4	2	106	urn:lib:shams.maqalat.movahhed_ocr:00716	urn:lib:shams.maqalat.movahhed_ocr:00717
28	742	2	145	urn:lib:shams.maqalat.movahhed_ocr:00755	urn:lib:shams.maqalat.movahhed_ocr:00756
29	702	2	105	urn:lib:shams.maqalat.movahhed_ocr:00715	urn:lib:shams.maqalat.movahhed_ocr:00716
29	77	1	77	urn:lib:shams.maqalat.movahhed_ocr:00089	urn:lib:shams.maqalat.movahhed_ocr:00090
29	119	1	119	urn:lib:shams.maqalat.movahhed_ocr:00131	urn:lib:shams.maqalat.movahhed_ocr:00132
30	625-26	2	28	urn:lib:shams.maqalat.movahhed_ocr:00638	urn:lib:shams.maqalat.movahhed_ocr:00639
30	196	1	196	urn:lib:shams.maqalat.movahhed_ocr:00208	urn:lib:shams.maqalat.movahhed_ocr:00209
31	236	1	236	urn:lib:shams.maqalat.movahhed_ocr:00248	urn:lib:shams.maqalat.movahhed_ocr:00249
31	677-78	2	80	urn:lib:shams.maqalat.movahhed_ocr:00690	urn:lib:shams.maqalat.movahhed_ocr:00691
32	740-41	2	143	urn:lib:shams.maqalat.movahhed_ocr:00753	urn:lib:shams.maqalat.movahhed_ocr:00754
32	268	1	268	urn:lib:shams.maqalat.movahhed_ocr:00280	urn:lib:shams.maqalat.movahhed_ocr:00281
32	615	2	18	urn:lib:shams.maqalat.movahhed_ocr:00628	urn:lib:shams.maqalat.movahhed_ocr:00629
33	209-10	1	209	urn:lib:shams.maqalat.movahhed_ocr:00221	urn:lib:shams.maqalat.movahhed_ocr:00222
33	343	1	343	urn:lib:shams.maqalat.movahhed_ocr:00355	urn:lib:shams.maqalat.movahhed_ocr:00356
34	340	1	340	urn:lib:shams.maqalat.movahhed_ocr:00352	urn:lib:shams.maqalat.movahhed_ocr:00353
37	291-94	1	291	urn:lib:shams.maqalat.movahhed_ocr:00303	urn:lib:shams.maqalat.movahhed_ocr:00304
37	776	2	179	urn:lib:shams.maqalat.movahhed_ocr:00789	urn:lib:shams.maqalat.movahhed_ocr:00790
39	278-79	1	278	urn:lib:shams.maqalat.movahhed_ocr:00290	urn:lib:shams.maqalat.movahhed_ocr:00291
39	222	1	222	urn:lib:shams.maqalat.movahhed_ocr:00234	urn:lib:shams.maqalat.movahhed_ocr:00235
40	140-41	1	140	urn:lib:shams.maqalat.movahhed_ocr:00152	urn:lib:shams.maqalat.movahhed_ocr:00153
41	626-27	2	29	urn:lib:shams.maqalat.movahhed_ocr:00639	urn:lib:shams.maqalat.movahhed_ocr:00640
41	744	2	147	urn:lib:shams.maqalat.movahhed_ocr:00757	urn:lib:shams.maqalat.movahhed_ocr:00758
42	283	1	283	urn:lib:shams.maqalat.movahhed_ocr:00295	urn:lib:shams.maqalat.movahhed_ocr:00296
42	166-67	1	166	urn:lib:shams.maqalat.movahhed_ocr:00178	urn:lib:shams.maqalat.movahhed_ocr:00179
42	241	1	241	urn:lib:shams.maqalat.movahhed_ocr:00253	urn:lib:shams.maqalat.movahhed_ocr:00254
43	221	1	221	urn:lib:shams.maqalat.movahhed_ocr:00233	urn:lib:shams.maqalat.movahhed_ocr:00234
44	753-55	2	156	urn:lib:shams.maqalat.movahhed_ocr:00766	urn:lib:shams.maqalat.movahhed_ocr:00767
45	831	2	234	urn:lib:shams.maqalat.movahhed_ocr:00844	urn:lib:shams.maqalat.movahhed_ocr:00845
45	608	2	11	urn:lib:shams.maqalat.movahhed_ocr:00621	urn:lib:shams.maqalat.movahhed_ocr:00622
46	607-8	2	10	urn:lib:shams.maqalat.movahhed_ocr:00620	urn:lib:shams.maqalat.movahhed_ocr:00621
47	204-5	1	204	urn:lib:shams.maqalat.movahhed_ocr:00216	urn:lib:shams.maqalat.movahhed_ocr:00217
47	286-87	1	286	urn:lib:shams.maqalat.movahhed_ocr:00298	urn:lib:shams.maqalat.movahhed_ocr:00299
47	82	1	82	urn:lib:shams.maqalat.movahhed_ocr:00094	urn:lib:shams.maqalat.movahhed_ocr:00095
48	641	2	44	urn:lib:shams.maqalat.movahhed_ocr:00654	urn:lib:shams.maqalat.movahhed_ocr:00655
48	635-36	2	38	urn:lib:shams.maqalat.movahhed_ocr:00648	urn:lib:shams.maqalat.movahhed_ocr:00649
49	657-58	2	60	urn:lib:shams.maqalat.movahhed_ocr:00670	urn:lib:shams.maqalat.movahhed_ocr:00671
49	697	2	100	urn:lib:shams.maqalat.movahhed_ocr:00710	urn:lib:shams.maqalat.movahhed_ocr:00711
50	118-19	1	118	urn:lib:shams.maqalat.movahhed_ocr:00130	urn:lib:shams.maqalat.movahhed_ocr:00131
50	110-11	1	110	urn:lib:shams.maqalat.movahhed_ocr:00122	urn:lib:shams.maqalat.movahhed_ocr:00123
51	271-72	1	271	urn:lib:shams.maqalat.movahhed_ocr:00283	urn:lib:shams.maqalat.movahhed_ocr:00284
52	192-93	1	192	urn:lib:shams.maqalat.movahhed_ocr:00204	urn:lib:shams.maqalat.movahhed_ocr:00205
53	339	1	339	urn:lib:shams.maqalat.movahhed_ocr:00351	urn:lib:shams.maqalat.movahhed_ocr:00352
53	697	2	100	urn:lib:shams.maqalat.movahhed_ocr:00710	urn:lib:shams.maqalat.movahhed_ocr:00711
53	275	1	275	urn:lib:shams.maqalat.movahhed_ocr:00287	urn:lib:shams.maqalat.movahhed_ocr:00288
54	225-26	1	225	urn:lib:shams.maqalat.movahhed_ocr:00237	urn:lib:shams.maqalat.movahhed_ocr:00238
55	697-98	2	100	urn:lib:shams.maqalat.movahhed_ocr:00710	urn:lib:shams.maqalat.movahhed_ocr:00711
55	338	1	338	urn:lib:shams.maqalat.movahhed_ocr:00350	urn:lib:shams.maqalat.movahhed_ocr:00351
56	239-40	1	239	urn:lib:shams.maqalat.movahhed_ocr:00251	urn:lib:shams.maqalat.movahhed_ocr:00252
57	96-7	1	96	urn:lib:shams.maqalat.movahhed_ocr:00108	urn:lib:shams.maqalat.movahhed_ocr:00109
57	168	1	168	urn:lib:shams.maqalat.movahhed_ocr:00180	urn:lib:shams.maqalat.movahhed_ocr:00181
58	777	2	180	urn:lib:shams.maqalat.movahhed_ocr:00790	urn:lib:shams.maqalat.movahhed_ocr:00791
58	299	1	299	urn:lib:shams.maqalat.movahhed_ocr:00311	urn:lib:shams.maqalat.movahhed_ocr:00312
59	304-5	1	304	urn:lib:shams.maqalat.movahhed_ocr:00316	urn:lib:shams.maqalat.movahhed_ocr:00317
59	144	1	144	urn:lib:shams.maqalat.movahhed_ocr:00156	urn:lib:shams.maqalat.movahhed_ocr:00157
59	294	1	294	urn:lib:shams.maqalat.movahhed_ocr:00306	urn:lib:shams.maqalat.movahhed_ocr:00307
60	217-18	1	217	urn:lib:shams.maqalat.movahhed_ocr:00229	urn:lib:shams.maqalat.movahhed_ocr:00230
64	313	1	313	urn:lib:shams.maqalat.movahhed_ocr:00325	urn:lib:shams.maqalat.movahhed_ocr:00326
64	180	1	180	urn:lib:shams.maqalat.movahhed_ocr:00192	urn:lib:shams.maqalat.movahhed_ocr:00193
65	313-14	1	313	urn:lib:shams.maqalat.movahhed_ocr:00325	urn:lib:shams.maqalat.movahhed_ocr:00326
66	310-11	1	310	urn:lib:shams.maqalat.movahhed_ocr:00322	urn:lib:shams.maqalat.movahhed_ocr:00323
66	249	1	249	urn:lib:shams.maqalat.movahhed_ocr:00261	urn:lib:shams.maqalat.movahhed_ocr:00262
66	676	2	79	urn:lib:shams.maqalat.movahhed_ocr:00689	urn:lib:shams.maqalat.movahhed_ocr:00690
67	134	1	134	urn:lib:shams.maqalat.movahhed_ocr:00146	urn:lib:shams.maqalat.movahhed_ocr:00147
67	307	1	307	urn:lib:shams.maqalat.movahhed_ocr:00319	urn:lib:shams.maqalat.movahhed_ocr:00320
67	648	2	51	urn:lib:shams.maqalat.movahhed_ocr:00661	urn:lib:shams.maqalat.movahhed_ocr:00662
67	659	2	62	urn:lib:shams.maqalat.movahhed_ocr:00672	urn:lib:shams.maqalat.movahhed_ocr:00673
68	188	1	188	urn:lib:shams.maqalat.movahhed_ocr:00200	urn:lib:shams.maqalat.movahhed_ocr:00201
68	241	1	241	urn:lib:shams.maqalat.movahhed_ocr:00253	urn:lib:shams.maqalat.movahhed_ocr:00254
68	678	2	81	urn:lib:shams.maqalat.movahhed_ocr:00691	urn:lib:shams.maqalat.movahhed_ocr:00692
69	636	2	39	urn:lib:shams.maqalat.movahhed_ocr:00649	urn:lib:shams.maqalat.movahhed_ocr:00650
70	669-70	2	72	urn:lib:shams.maqalat.movahhed_ocr:00682	urn:lib:shams.maqalat.movahhed_ocr:00683
70	202	1	202	urn:lib:shams.maqalat.movahhed_ocr:00214	urn:lib:shams.maqalat.movahhed_ocr:00215
71	668	2	71	urn:lib:shams.maqalat.movahhed_ocr:00681	urn:lib:shams.maqalat.movahhed_ocr:00682
71	227	1	227	urn:lib:shams.maqalat.movahhed_ocr:00239	urn:lib:shams.maqalat.movahhed_ocr:00240
72	75-76	1	75	urn:lib:shams.maqalat.movahhed_ocr:00087	urn:lib:shams.maqalat.movahhed_ocr:00088
72	676	2	79	urn:lib:shams.maqalat.movahhed_ocr:00689	urn:lib:shams.maqalat.movahhed_ocr:00690
72	185	1	185	urn:lib:shams.maqalat.movahhed_ocr:00197	urn:lib:shams.maqalat.movahhed_ocr:00198
73	76-77	1	76	urn:lib:shams.maqalat.movahhed_ocr:00088	urn:lib:shams.maqalat.movahhed_ocr:00089
74	127-28	1	127	urn:lib:shams.maqalat.movahhed_ocr:00139	urn:lib:shams.maqalat.movahhed_ocr:00140
75	190-91	1	190	urn:lib:shams.maqalat.movahhed_ocr:00202	urn:lib:shams.maqalat.movahhed_ocr:00203
75	131	1	131	urn:lib:shams.maqalat.movahhed_ocr:00143	urn:lib:shams.maqalat.movahhed_ocr:00144
76	178	1	178	urn:lib:shams.maqalat.movahhed_ocr:00190	urn:lib:shams.maqalat.movahhed_ocr:00191
76	608	2	11	urn:lib:shams.maqalat.movahhed_ocr:00621	urn:lib:shams.maqalat.movahhed_ocr:00622
77	652	2	55	urn:lib:shams.maqalat.movahhed_ocr:00665	urn:lib:shams.maqalat.movahhed_ocr:00666
78	136-38	1	136	urn:lib:shams.maqalat.movahhed_ocr:00148	urn:lib:shams.maqalat.movahhed_ocr:00149
78	684	2	87	urn:lib:shams.maqalat.movahhed_ocr:00697	urn:lib:shams.maqalat.movahhed_ocr:00698
79	744-45	2	147	urn:lib:shams.maqalat.movahhed_ocr:00757	urn:lib:shams.maqalat.movahhed_ocr:00758
79	687	2	90	urn:lib:shams.maqalat.movahhed_ocr:00700	urn:lib:shams.maqalat.movahhed_ocr:00701
80	141-42	1	141	urn:lib:shams.maqalat.movahhed_ocr:00153	urn:lib:shams.maqalat.movahhed_ocr:00154
80	349	1	349	urn:lib:shams.maqalat.movahhed_ocr:00361	urn:lib:shams.maqalat.movahhed_ocr:00362
81	72	1	72	urn:lib:shams.maqalat.movahhed_ocr:00084	urn:lib:shams.maqalat.movahhed_ocr:00085
82	761-62	2	164	urn:lib:shams.maqalat.movahhed_ocr:00774	urn:lib:shams.maqalat.movahhed_ocr:00775
83	161-62	1	161	urn:lib:shams.maqalat.movahhed_ocr:00173	urn:lib:shams.maqalat.movahhed_ocr:00174
83	207-8	1	207	urn:lib:shams.maqalat.movahhed_ocr:00219	urn:lib:shams.maqalat.movahhed_ocr:00220
84	213-14	1	213	urn:lib:shams.maqalat.movahhed_ocr:00225	urn:lib:shams.maqalat.movahhed_ocr:00226
84	674-75	2	77	urn:lib:shams.maqalat.movahhed_ocr:00687	urn:lib:shams.maqalat.movahhed_ocr:00688
85	666-67	2	69	urn:lib:shams.maqalat.movahhed_ocr:00679	urn:lib:shams.maqalat.movahhed_ocr:00680
87	176-78	1	176	urn:lib:shams.maqalat.movahhed_ocr:00188	urn:lib:shams.maqalat.movahhed_ocr:00189
88	711-12	2	114	urn:lib:shams.maqalat.movahhed_ocr:00724	urn:lib:shams.maqalat.movahhed_ocr:00725
88	739-40	2	142	urn:lib:shams.maqalat.movahhed_ocr:00752	urn:lib:shams.maqalat.movahhed_ocr:00753
88	646-47	2	49	urn:lib:shams.maqalat.movahhed_ocr:00659	urn:lib:shams.maqalat.movahhed_ocr:00660
88	753	2	156	urn:lib:shams.maqalat.movahhed_ocr:00766	urn:lib:shams.maqalat.movahhed_ocr:00767
89	83-84	1	83	urn:lib:shams.maqalat.movahhed_ocr:00095	urn:lib:shams.maqalat.movahhed_ocr:00096
89	231	1	231	urn:lib:shams.maqalat.movahhed_ocr:00243	urn:lib:shams.maqalat.movahhed_ocr:00244
89	649	2	52	urn:lib:shams.maqalat.movahhed_ocr:00662	urn:lib:shams.maqalat.movahhed_ocr:00663
90	296-97	1	296	urn:lib:shams.maqalat.movahhed_ocr:00308	urn:lib:shams.maqalat.movahhed_ocr:00309
91	658-59	2	61	urn:lib:shams.maqalat.movahhed_ocr:00671	urn:lib:shams.maqalat.movahhed_ocr:00672
91	288	1	288	urn:lib:shams.maqalat.movahhed_ocr:00300	urn:lib:shams.maqalat.movahhed_ocr:00301
91	641	2	44	urn:lib:shams.maqalat.movahhed_ocr:00654	urn:lib:shams.maqalat.movahhed_ocr:00655
92	86-87	1	86	urn:lib:shams.maqalat.movahhed_ocr:00098	urn:lib:shams.maqalat.movahhed_ocr:00099
93	716	2	119	urn:lib:shams.maqalat.movahhed_ocr:00729	urn:lib:shams.maqalat.movahhed_ocr:00730
93	640	2	43	urn:lib:shams.maqalat.movahhed_ocr:00653	urn:lib:shams.maqalat.movahhed_ocr:00654
94	268	1	268	urn:lib:shams.maqalat.movahhed_ocr:00280	urn:lib:shams.maqalat.movahhed_ocr:00281
94	75	1	75	urn:lib:shams.maqalat.movahhed_ocr:00087	urn:lib:shams.maqalat.movahhed_ocr:00088
95	734-35	2	137	urn:lib:shams.maqalat.movahhed_ocr:00747	urn:lib:shams.maqalat.movahhed_ocr:00748
95	642	2	45	urn:lib:shams.maqalat.movahhed_ocr:00655	urn:lib:shams.maqalat.movahhed_ocr:00656
95	196-97	1	196	urn:lib:shams.maqalat.movahhed_ocr:00208	urn:lib:shams.maqalat.movahhed_ocr:00209
96	691	2	94	urn:lib:shams.maqalat.movahhed_ocr:00704	urn:lib:shams.maqalat.movahhed_ocr:00705
96	209	1	209	urn:lib:shams.maqalat.movahhed_ocr:00221	urn:lib:shams.maqalat.movahhed_ocr:00222
96	280-81	1	280	urn:lib:shams.maqalat.movahhed_ocr:00292	urn:lib:shams.maqalat.movahhed_ocr:00293
96	303	1	303	urn:lib:shams.maqalat.movahhed_ocr:00315	urn:lib:shams.maqalat.movahhed_ocr:00316
97	281	1	281	urn:lib:shams.maqalat.movahhed_ocr:00293	urn:lib:shams.maqalat.movahhed_ocr:00294
98	217	1	217	urn:lib:shams.maqalat.movahhed_ocr:00229	urn:lib:shams.maqalat.movahhed_ocr:00230
100	119-21	1	119	urn:lib:shams.maqalat.movahhed_ocr:00131	urn:lib:shams.maqalat.movahhed_ocr:00132
101	764-65	2	167	urn:lib:shams.maqalat.movahhed_ocr:00777	urn:lib:shams.maqalat.movahhed_ocr:00778
101	612-13	2	15	urn:lib:shams.maqalat.movahhed_ocr:00625	urn:lib:shams.maqalat.movahhed_ocr:00626
102	679-80	2	82	urn:lib:shams.maqalat.movahhed_ocr:00692	urn:lib:shams.maqalat.movahhed_ocr:00693
103	282-83	1	282	urn:lib:shams.maqalat.movahhed_ocr:00294	urn:lib:shams.maqalat.movahhed_ocr:00295
104	140	1	140	urn:lib:shams.maqalat.movahhed_ocr:00152	urn:lib:shams.maqalat.movahhed_ocr:00153
104	645	2	48	urn:lib:shams.maqalat.movahhed_ocr:00658	urn:lib:shams.maqalat.movahhed_ocr:00659
104	208-9	1	208	urn:lib:shams.maqalat.movahhed_ocr:00220	urn:lib:shams.maqalat.movahhed_ocr:00221
105	638	2	41	urn:lib:shams.maqalat.movahhed_ocr:00651	urn:lib:shams.maqalat.movahhed_ocr:00652
105	742-43	2	145	urn:lib:shams.maqalat.movahhed_ocr:00755	urn:lib:shams.maqalat.movahhed_ocr:00756
106	696-97	2	99	urn:lib:shams.maqalat.movahhed_ocr:00709	urn:lib:shams.maqalat.movahhed_ocr:00710
107	663-64	2	66	urn:lib:shams.maqalat.movahhed_ocr:00676	urn:lib:shams.maqalat.movahhed_ocr:00677
107	741	2	144	urn:lib:shams.maqalat.movahhed_ocr:00754	urn:lib:shams.maqalat.movahhed_ocr:00755
107	227-28	1	227	urn:lib:shams.maqalat.movahhed_ocr:00239	urn:lib:shams.maqalat.movahhed_ocr:00240
108	657	2	60	urn:lib:shams.maqalat.movahhed_ocr:00670	urn:lib:shams.maqalat.movahhed_ocr:00671
108	738-39	2	141	urn:lib:shams.maqalat.movahhed_ocr:00751	urn:lib:shams.maqalat.movahhed_ocr:00752
109	653-54	2	56	urn:lib:shams.maqalat.movahhed_ocr:00666	urn:lib:shams.maqalat.movahhed_ocr:00667
109	690	2	93	urn:lib:shams.maqalat.movahhed_ocr:00703	urn:lib:shams.maqalat.movahhed_ocr:00704
110	299-300	1	299	urn:lib:shams.maqalat.movahhed_ocr:00311	urn:lib:shams.maqalat.movahhed_ocr:00312
111	90-91	1	90	urn:lib:shams.maqalat.movahhed_ocr:00102	urn:lib:shams.maqalat.movahhed_ocr:00103
111	245-46	1	245	urn:lib:shams.maqalat.movahhed_ocr:00257	urn:lib:shams.maqalat.movahhed_ocr:00258
111	85-86	1	85	urn:lib:shams.maqalat.movahhed_ocr:00097	urn:lib:shams.maqalat.movahhed_ocr:00098
112	205	1	205	urn:lib:shams.maqalat.movahhed_ocr:00217	urn:lib:shams.maqalat.movahhed_ocr:00218
112	210-11	1	210	urn:lib:shams.maqalat.movahhed_ocr:00222	urn:lib:shams.maqalat.movahhed_ocr:00223
112	643	2	46	urn:lib:shams.maqalat.movahhed_ocr:00656	urn:lib:shams.maqalat.movahhed_ocr:00657
113	280	1	280	urn:lib:shams.maqalat.movahhed_ocr:00292	urn:lib:shams.maqalat.movahhed_ocr:00293
113	162-63	1	162	urn:lib:shams.maqalat.movahhed_ocr:00174	urn:lib:shams.maqalat.movahhed_ocr:00175
114	741-42	2	144	urn:lib:shams.maqalat.movahhed_ocr:00754	urn:lib:shams.maqalat.movahhed_ocr:00755
114	220-21	1	220	urn:lib:shams.maqalat.movahhed_ocr:00232	urn:lib:shams.maqalat.movahhed_ocr:00233
115	218-19	1	218	urn:lib:shams.maqalat.movahhed_ocr:00230	urn:lib:shams.maqalat.movahhed_ocr:00231
115	195-96	1	195	urn:lib:shams.maqalat.movahhed_ocr:00207	urn:lib:shams.maqalat.movahhed_ocr:00208
115	280	1	280	urn:lib:shams.maqalat.movahhed_ocr:00292	urn:lib:shams.maqalat.movahhed_ocr:00293
116	258-59	1	258	urn:lib:shams.maqalat.movahhed_ocr:00270	urn:lib:shams.maqalat.movahhed_ocr:00271
116	99	1	99	urn:lib:shams.maqalat.movahhed_ocr:00111	urn:lib:shams.maqalat.movahhed_ocr:00112
117	175	1	175	urn:lib:shams.maqalat.movahhed_ocr:00187	urn:lib:shams.maqalat.movahhed_ocr:00188
117	160	1	160	urn:lib:shams.maqalat.movahhed_ocr:00172	urn:lib:shams.maqalat.movahhed_ocr:00173
117	655	2	58	urn:lib:shams.maqalat.movahhed_ocr:00668	urn:lib:shams.maqalat.movahhed_ocr:00669
118	647-48	2	50	urn:lib:shams.maqalat.movahhed_ocr:00660	urn:lib:shams.maqalat.movahhed_ocr:00661
118	262	1	262	urn:lib:shams.maqalat.movahhed_ocr:00274	urn:lib:shams.maqalat.movahhed_ocr:00275
118	309-10	1	309	urn:lib:shams.maqalat.movahhed_ocr:00321	urn:lib:shams.maqalat.movahhed_ocr:00322
119	249-50	1	249	urn:lib:shams.maqalat.movahhed_ocr:00261	urn:lib:shams.maqalat.movahhed_ocr:00262
119	641-42	2	44	urn:lib:shams.maqalat.movahhed_ocr:00654	urn:lib:shams.maqalat.movahhed_ocr:00655
120	69	1	69	urn:lib:shams.maqalat.movahhed_ocr:00081	urn:lib:shams.maqalat.movahhed_ocr:00082
120	668-69	2	71	urn:lib:shams.maqalat.movahhed_ocr:00681	urn:lib:shams.maqalat.movahhed_ocr:00682
120	651	2	54	urn:lib:shams.maqalat.movahhed_ocr:00664	urn:lib:shams.maqalat.movahhed_ocr:00665
121	308-9	1	308	urn:lib:shams.maqalat.movahhed_ocr:00320	urn:lib:shams.maqalat.movahhed_ocr:00321
121	160-61	1	160	urn:lib:shams.maqalat.movahhed_ocr:00172	urn:lib:shams.maqalat.movahhed_ocr:00173
122	164-65	1	164	urn:lib:shams.maqalat.movahhed_ocr:00176	urn:lib:shams.maqalat.movahhed_ocr:00177
122	236-37	1	236	urn:lib:shams.maqalat.movahhed_ocr:00248	urn:lib:shams.maqalat.movahhed_ocr:00249
122	231	1	231	urn:lib:shams.maqalat.movahhed_ocr:00243	urn:lib:shams.maqalat.movahhed_ocr:00244
123	624	2	27	urn:lib:shams.maqalat.movahhed_ocr:00637	urn:lib:shams.maqalat.movahhed_ocr:00638
124	87-89	1	87	urn:lib:shams.maqalat.movahhed_ocr:00099	urn:lib:shams.maqalat.movahhed_ocr:00100
125	131-32	1	131	urn:lib:shams.maqalat.movahhed_ocr:00143	urn:lib:shams.maqalat.movahhed_ocr:00144
126	142-43	1	142	urn:lib:shams.maqalat.movahhed_ocr:00154	urn:lib:shams.maqalat.movahhed_ocr:00155
126	207	1	207	urn:lib:shams.maqalat.movahhed_ocr:00219	urn:lib:shams.maqalat.movahhed_ocr:00220
127	206	1	206	urn:lib:shams.maqalat.movahhed_ocr:00218	urn:lib:shams.maqalat.movahhed_ocr:00219
127	97	1	97	urn:lib:shams.maqalat.movahhed_ocr:00109	urn:lib:shams.maqalat.movahhed_ocr:00110
127	235	1	235	urn:lib:shams.maqalat.movahhed_ocr:00247	urn:lib:shams.maqalat.movahhed_ocr:00248
128	716	2	119	urn:lib:shams.maqalat.movahhed_ocr:00729	urn:lib:shams.maqalat.movahhed_ocr:00730
129	316-17	1	316	urn:lib:shams.maqalat.movahhed_ocr:00328	urn:lib:shams.maqalat.movahhed_ocr:00329
129	624	2	27	urn:lib:shams.maqalat.movahhed_ocr:00637	urn:lib:shams.maqalat.movahhed_ocr:00638
130	745	2	148	urn:lib:shams.maqalat.movahhed_ocr:00758	urn:lib:shams.maqalat.movahhed_ocr:00759
130	739	2	142	urn:lib:shams.maqalat.movahhed_ocr:00752	urn:lib:shams.maqalat.movahhed_ocr:00753
130	148	1	148	urn:lib:shams.maqalat.movahhed_ocr:00160	urn:lib:shams.maqalat.movahhed_ocr:00161
130	210	1	210	urn:lib:shams.maqalat.movahhed_ocr:00222	urn:lib:shams.maqalat.movahhed_ocr:00223
132	758-59	2	161	urn:lib:shams.maqalat.movahhed_ocr:00771	urn:lib:shams.maqalat.movahhed_ocr:00772
132	685-86	2	88	urn:lib:shams.maqalat.movahhed_ocr:00698	urn:lib:shams.maqalat.movahhed_ocr:00699
133	153-54	1	153	urn:lib:shams.maqalat.movahhed_ocr:00165	urn:lib:shams.maqalat.movahhed_ocr:00166
134	272-73	1	272	urn:lib:shams.maqalat.movahhed_ocr:00284	urn:lib:shams.maqalat.movahhed_ocr:00285
134	230	1	230	urn:lib:shams.maqalat.movahhed_ocr:00242	urn:lib:shams.maqalat.movahhed_ocr:00243
135	106-7	1	106	urn:lib:shams.maqalat.movahhed_ocr:00118	urn:lib:shams.maqalat.movahhed_ocr:00119
135	163	1	163	urn:lib:shams.maqalat.movahhed_ocr:00175	urn:lib:shams.maqalat.movahhed_ocr:00176
135	213	1	213	urn:lib:shams.maqalat.movahhed_ocr:00225	urn:lib:shams.maqalat.movahhed_ocr:00226
137	130-31	1	130	urn:lib:shams.maqalat.movahhed_ocr:00142	urn:lib:shams.maqalat.movahhed_ocr:00143
137	125-26	1	125	urn:lib:shams.maqalat.movahhed_ocr:00137	urn:lib:shams.maqalat.movahhed_ocr:00138
138	187-88	1	187	urn:lib:shams.maqalat.movahhed_ocr:00199	urn:lib:shams.maqalat.movahhed_ocr:00200
138	706	2	109	urn:lib:shams.maqalat.movahhed_ocr:00719	urn:lib:shams.maqalat.movahhed_ocr:00720
138	284	1	284	urn:lib:shams.maqalat.movahhed_ocr:00296	urn:lib:shams.maqalat.movahhed_ocr:00297
139	214	1	214	urn:lib:shams.maqalat.movahhed_ocr:00226	urn:lib:shams.maqalat.movahhed_ocr:00227
139	623	2	26	urn:lib:shams.maqalat.movahhed_ocr:00636	urn:lib:shams.maqalat.movahhed_ocr:00637
139	180	1	180	urn:lib:shams.maqalat.movahhed_ocr:00192	urn:lib:shams.maqalat.movahhed_ocr:00193
139	629-30	2	32	urn:lib:shams.maqalat.movahhed_ocr:00642	urn:lib:shams.maqalat.movahhed_ocr:00643
140	80	1	80	urn:lib:shams.maqalat.movahhed_ocr:00092	urn:lib:shams.maqalat.movahhed_ocr:00093
140	649-50	2	52	urn:lib:shams.maqalat.movahhed_ocr:00662	urn:lib:shams.maqalat.movahhed_ocr:00663
141	607	2	10	urn:lib:shams.maqalat.movahhed_ocr:00620	urn:lib:shams.maqalat.movahhed_ocr:00621
141	267	1	267	urn:lib:shams.maqalat.movahhed_ocr:00279	urn:lib:shams.maqalat.movahhed_ocr:00280
142	700	2	103	urn:lib:shams.maqalat.movahhed_ocr:00713	urn:lib:shams.maqalat.movahhed_ocr:00714
142	78-79	1	78	urn:lib:shams.maqalat.movahhed_ocr:00090	urn:lib:shams.maqalat.movahhed_ocr:00091
143	700-1	2	103	urn:lib:shams.maqalat.movahhed_ocr:00713	urn:lib:shams.maqalat.movahhed_ocr:00714
144	146-47	1	146	urn:lib:shams.maqalat.movahhed_ocr:00158	urn:lib:shams.maqalat.movahhed_ocr:00159
144	644	2	47	urn:lib:shams.maqalat.movahhed_ocr:00657	urn:lib:shams.maqalat.movahhed_ocr:00658
144	270-71	1	270	urn:lib:shams.maqalat.movahhed_ocr:00282	urn:lib:shams.maqalat.movahhed_ocr:00283
146	144-46	1	144	urn:lib:shams.maqalat.movahhed_ocr:00156	urn:lib:shams.maqalat.movahhed_ocr:00157
146	608-9	2	11	urn:lib:shams.maqalat.movahhed_ocr:00621	urn:lib:shams.maqalat.movahhed_ocr:00622
147	129	1	129	urn:lib:shams.maqalat.movahhed_ocr:00141	urn:lib:shams.maqalat.movahhed_ocr:00142
147	122	1	122	urn:lib:shams.maqalat.movahhed_ocr:00134	urn:lib:shams.maqalat.movahhed_ocr:00135
148	92-93	1	92	urn:lib:shams.maqalat.movahhed_ocr:00104	urn:lib:shams.maqalat.movahhed_ocr:00105
148	701	2	104	urn:lib:shams.maqalat.movahhed_ocr:00714	urn:lib:shams.maqalat.movahhed_ocr:00715
148	107-8	1	107	urn:lib:shams.maqalat.movahhed_ocr:00119	urn:lib:shams.maqalat.movahhed_ocr:00120
149	314-15	1	314	urn:lib:shams.maqalat.movahhed_ocr:00326	urn:lib:shams.maqalat.movahhed_ocr:00327
149	128-29	1	128	urn:lib:shams.maqalat.movahhed_ocr:00140	urn:lib:shams.maqalat.movahhed_ocr:00141
150	312-13	1	312	urn:lib:shams.maqalat.movahhed_ocr:00324	urn:lib:shams.maqalat.movahhed_ocr:00325
150	237	1	237	urn:lib:shams.maqalat.movahhed_ocr:00249	urn:lib:shams.maqalat.movahhed_ocr:00250
150	223	1	223	urn:lib:shams.maqalat.movahhed_ocr:00235	urn:lib:shams.maqalat.movahhed_ocr:00236
151	690-91	2	93	urn:lib:shams.maqalat.movahhed_ocr:00703	urn:lib:shams.maqalat.movahhed_ocr:00704
151	267	1	267	urn:lib:shams.maqalat.movahhed_ocr:00279	urn:lib:shams.maqalat.movahhed_ocr:00280
151	713-14	2	116	urn:lib:shams.maqalat.movahhed_ocr:00726	urn:lib:shams.maqalat.movahhed_ocr:00727
152	676-77	2	79	urn:lib:shams.maqalat.movahhed_ocr:00689	urn:lib:shams.maqalat.movahhed_ocr:00690
152	283-84	1	283	urn:lib:shams.maqalat.movahhed_ocr:00295	urn:lib:shams.maqalat.movahhed_ocr:00296
152	205	1	205	urn:lib:shams.maqalat.movahhed_ocr:00217	urn:lib:shams.maqalat.movahhed_ocr:00218
153	613	2	16	urn:lib:shams.maqalat.movahhed_ocr:00626	urn:lib:shams.maqalat.movahhed_ocr:00627
153	732	2	135	urn:lib:shams.maqalat.movahhed_ocr:00745	urn:lib:shams.maqalat.movahhed_ocr:00746
153	227	1	227	urn:lib:shams.maqalat.movahhed_ocr:00239	urn:lib:shams.maqalat.movahhed_ocr:00240
153	90	1	90	urn:lib:shams.maqalat.movahhed_ocr:00102	urn:lib:shams.maqalat.movahhed_ocr:00103
153	269	1	269	urn:lib:shams.maqalat.movahhed_ocr:00281	urn:lib:shams.maqalat.movahhed_ocr:00282
154	265-66	1	265	urn:lib:shams.maqalat.movahhed_ocr:00277	urn:lib:shams.maqalat.movahhed_ocr:00278
155	732-33	2	135	urn:lib:shams.maqalat.movahhed_ocr:00745	urn:lib:shams.maqalat.movahhed_ocr:00746
155	770-71	2	173	urn:lib:shams.maqalat.movahhed_ocr:00783	urn:lib:shams.maqalat.movahhed_ocr:00784
156	750-51	2	153	urn:lib:shams.maqalat.movahhed_ocr:00763	urn:lib:shams.maqalat.movahhed_ocr:00764
157	737-38	2	140	urn:lib:shams.maqalat.movahhed_ocr:00750	urn:lib:shams.maqalat.movahhed_ocr:00751
158	301-2	1	301	urn:lib:shams.maqalat.movahhed_ocr:00313	urn:lib:shams.maqalat.movahhed_ocr:00314
158	182-83	1	182	urn:lib:shams.maqalat.movahhed_ocr:00194	urn:lib:shams.maqalat.movahhed_ocr:00195
159	657	2	60	urn:lib:shams.maqalat.movahhed_ocr:00670	urn:lib:shams.maqalat.movahhed_ocr:00671
159	185	1	185	urn:lib:shams.maqalat.movahhed_ocr:00197	urn:lib:shams.maqalat.movahhed_ocr:00198
161	727-29	2	130	urn:lib:shams.maqalat.movahhed_ocr:00740	urn:lib:shams.maqalat.movahhed_ocr:00741
161	650	2	53	urn:lib:shams.maqalat.movahhed_ocr:00663	urn:lib:shams.maqalat.movahhed_ocr:00664
161	200	1	200	urn:lib:shams.maqalat.movahhed_ocr:00212	urn:lib:shams.maqalat.movahhed_ocr:00213
162	212-13	1	212	urn:lib:shams.maqalat.movahhed_ocr:00224	urn:lib:shams.maqalat.movahhed_ocr:00225
162	642	2	45	urn:lib:shams.maqalat.movahhed_ocr:00655	urn:lib:shams.maqalat.movahhed_ocr:00656
162	718	2	121	urn:lib:shams.maqalat.movahhed_ocr:00731	urn:lib:shams.maqalat.movahhed_ocr:00732
162	203	1	203	urn:lib:shams.maqalat.movahhed_ocr:00215	urn:lib:shams.maqalat.movahhed_ocr:00216
164	259-61	1	259	urn:lib:shams.maqalat.movahhed_ocr:00271	urn:lib:shams.maqalat.movahhed_ocr:00272
164	83	1	83	urn:lib:shams.maqalat.movahhed_ocr:00095	urn:lib:shams.maqalat.movahhed_ocr:00096
165	727-29	2	130	urn:lib:shams.maqalat.movahhed_ocr:00740	urn:lib:shams.maqalat.movahhed_ocr:00741
165	650	2	53	urn:lib:shams.maqalat.movahhed_ocr:00663	urn:lib:shams.maqalat.movahhed_ocr:00664
165	200	1	200	urn:lib:shams.maqalat.movahhed_ocr:00212	urn:lib:shams.maqalat.movahhed_ocr:00213
166	212-13	1	212	urn:lib:shams.maqalat.movahhed_ocr:00224	urn:lib:shams.maqalat.movahhed_ocr:00225
166	642	2	45	urn:lib:shams.maqalat.movahhed_ocr:00655	urn:lib:shams.maqalat.movahhed_ocr:00656
166	718	2	121	urn:lib:shams.maqalat.movahhed_ocr:00731	urn:lib:shams.maqalat.movahhed_ocr:00732
166	203	1	203	urn:lib:shams.maqalat.movahhed_ocr:00215	urn:lib:shams.maqalat.movahhed_ocr:00216
167	657	2	60	urn:lib:shams.maqalat.movahhed_ocr:00670	urn:lib:shams.maqalat.movahhed_ocr:00671
167	185	1	185	urn:lib:shams.maqalat.movahhed_ocr:00197	urn:lib:shams.maqalat.movahhed_ocr:00198
169	727-29	2	130	urn:lib:shams.maqalat.movahhed_ocr:00740	urn:lib:shams.maqalat.movahhed_ocr:00741
169	650	2	53	urn:lib:shams.maqalat.movahhed_ocr:00663	urn:lib:shams.maqalat.movahhed_ocr:00664
169	200	1	200	urn:lib:shams.maqalat.movahhed_ocr:00212	urn:lib:shams.maqalat.movahhed_ocr:00213
170	212-13	1	212	urn:lib:shams.maqalat.movahhed_ocr:00224	urn:lib:shams.maqalat.movahhed_ocr:00225
170	642	2	45	urn:lib:shams.maqalat.movahhed_ocr:00655	urn:lib:shams.maqalat.movahhed_ocr:00656
170	718	2	121	urn:lib:shams.maqalat.movahhed_ocr:00731	urn:lib:shams.maqalat.movahhed_ocr:00732
170	203	1	203	urn:lib:shams.maqalat.movahhed_ocr:00215	urn:lib:shams.maqalat.movahhed_ocr:00216
172	259-61	1	259	urn:lib:shams.maqalat.movahhed_ocr:00271	urn:lib:shams.maqalat.movahhed_ocr:00272
172	83	1	83	urn:lib:shams.maqalat.movahhed_ocr:00095	urn:lib:shams.maqalat.movahhed_ocr:00096
173	90	1	90	urn:lib:shams.maqalat.movahhed_ocr:00102	urn:lib:shams.maqalat.movahhed_ocr:00103
174	276-78	1	276	urn:lib:shams.maqalat.movahhed_ocr:00288	urn:lib:shams.maqalat.movahhed_ocr:00289
175	264	1	264	urn:lib:shams.maqalat.movahhed_ocr:00276	urn:lib:shams.maqalat.movahhed_ocr:00277
175	229-30	1	229	urn:lib:shams.maqalat.movahhed_ocr:00241	urn:lib:shams.maqalat.movahhed_ocr:00242
176	216-17	1	216	urn:lib:shams.maqalat.movahhed_ocr:00228	urn:lib:shams.maqalat.movahhed_ocr:00229
176	647	2	50	urn:lib:shams.maqalat.movahhed_ocr:00660	urn:lib:shams.maqalat.movahhed_ocr:00661
177	117-18	1	117	urn:lib:shams.maqalat.movahhed_ocr:00129	urn:lib:shams.maqalat.movahhed_ocr:00130
177	194	1	194	urn:lib:shams.maqalat.movahhed_ocr:00206	urn:lib:shams.maqalat.movahhed_ocr:00207
178	265	1	265	urn:lib:shams.maqalat.movahhed_ocr:00277	urn:lib:shams.maqalat.movahhed_ocr:00278
179	123-24	1	123	urn:lib:shams.maqalat.movahhed_ocr:00135	urn:lib:shams.maqalat.movahhed_ocr:00136
180	320-21	1	320	urn:lib:shams.maqalat.movahhed_ocr:00332	urn:lib:shams.maqalat.movahhed_ocr:00333
182	323-25	1	323	urn:lib:shams.maqalat.movahhed_ocr:00335	urn:lib:shams.maqalat.movahhed_ocr:00336
183	285-86	1	285	urn:lib:shams.maqalat.movahhed_ocr:00297	urn:lib:shams.maqalat.movahhed_ocr:00298
185	617-18	2	20	urn:lib:shams.maqalat.movahhed_ocr:00630	urn:lib:shams.maqalat.movahhed_ocr:00631
185	184	1	184	urn:lib:shams.maqalat.movahhed_ocr:00196	urn:lib:shams.maqalat.movahhed_ocr:00197
185	172-73	1	172	urn:lib:shams.maqalat.movahhed_ocr:00184	urn:lib:shams.maqalat.movahhed_ocr:00185
186	698-99	2	101	urn:lib:shams.maqalat.movahhed_ocr:00711	urn:lib:shams.maqalat.movahhed_ocr:00712
186	253	1	253	urn:lib:shams.maqalat.movahhed_ocr:00265	urn:lib:shams.maqalat.movahhed_ocr:00266
187	206-7	1	206	urn:lib:shams.maqalat.movahhed_ocr:00218	urn:lib:shams.maqalat.movahhed_ocr:00219
188	667-68	2	70	urn:lib:shams.maqalat.movahhed_ocr:00680	urn:lib:shams.maqalat.movahhed_ocr:00681
188	621-22	2	24	urn:lib:shams.maqalat.movahhed_ocr:00634	urn:lib:shams.maqalat.movahhed_ocr:00635
189	634-35	2	37	urn:lib:shams.maqalat.movahhed_ocr:00647	urn:lib:shams.maqalat.movahhed_ocr:00648
189	272	1	272	urn:lib:shams.maqalat.movahhed_ocr:00284	urn:lib:shams.maqalat.movahhed_ocr:00285
190	294-95	1	294	urn:lib:shams.maqalat.movahhed_ocr:00306	urn:lib:shams.maqalat.movahhed_ocr:00307
191	319-20	1	319	urn:lib:shams.maqalat.movahhed_ocr:00331	urn:lib:shams.maqalat.movahhed_ocr:00332
191	657	2	60	urn:lib:shams.maqalat.movahhed_ocr:00670	urn:lib:shams.maqalat.movahhed_ocr:00671
192	257-58	1	257	urn:lib:shams.maqalat.movahhed_ocr:00269	urn:lib:shams.maqalat.movahhed_ocr:00270
192	125	1	125	urn:lib:shams.maqalat.movahhed_ocr:00137	urn:lib:shams.maqalat.movahhed_ocr:00138
193	762	2	165	urn:lib:shams.maqalat.movahhed_ocr:00775	urn:lib:shams.maqalat.movahhed_ocr:00776
193	182	1	182	urn:lib:shams.maqalat.movahhed_ocr:00194	urn:lib:shams.maqalat.movahhed_ocr:00195
194	185-86	1	185	urn:lib:shams.maqalat.movahhed_ocr:00197	urn:lib:shams.maqalat.movahhed_ocr:00198
194	281-82	1	281	urn:lib:shams.maqalat.movahhed_ocr:00293	urn:lib:shams.maqalat.movahhed_ocr:00294
194	651-52	2	54	urn:lib:shams.maqalat.movahhed_ocr:00664	urn:lib:shams.maqalat.movahhed_ocr:00665
195	667	2	70	urn:lib:shams.maqalat.movahhed_ocr:00680	urn:lib:shams.maqalat.movahhed_ocr:00681
195	694-95	2	97	urn:lib:shams.maqalat.movahhed_ocr:00707	urn:lib:shams.maqalat.movahhed_ocr:00708
195	238-39	1	238	urn:lib:shams.maqalat.movahhed_ocr:00250	urn:lib:shams.maqalat.movahhed_ocr:00251
196	167-68	1	167	urn:lib:shams.maqalat.movahhed_ocr:00179	urn:lib:shams.maqalat.movahhed_ocr:00180
196	130	1	130	urn:lib:shams.maqalat.movahhed_ocr:00142	urn:lib:shams.maqalat.movahhed_ocr:00143
197	189	1	189	urn:lib:shams.maqalat.movahhed_ocr:00201	urn:lib:shams.maqalat.movahhed_ocr:00202
197	701	2	104	urn:lib:shams.maqalat.movahhed_ocr:00714	urn:lib:shams.maqalat.movahhed_ocr:00715
197	693-94	2	96	urn:lib:shams.maqalat.movahhed_ocr:00706	urn:lib:shams.maqalat.movahhed_ocr:00707
197	147-48	1	147	urn:lib:shams.maqalat.movahhed_ocr:00159	urn:lib:shams.maqalat.movahhed_ocr:00160
198	664	2	67	urn:lib:shams.maqalat.movahhed_ocr:00677	urn:lib:shams.maqalat.movahhed_ocr:00678
199	688-89	2	91	urn:lib:shams.maqalat.movahhed_ocr:00701	urn:lib:shams.maqalat.movahhed_ocr:00702
200	158-60	1	158	urn:lib:shams.maqalat.movahhed_ocr:00170	urn:lib:shams.maqalat.movahhed_ocr:00171
201	197-98	1	197	urn:lib:shams.maqalat.movahhed_ocr:00209	urn:lib:shams.maqalat.movahhed_ocr:00210
202	263-64	1	263	urn:lib:shams.maqalat.movahhed_ocr:00275	urn:lib:shams.maqalat.movahhed_ocr:00276
202	318-19	1	318	urn:lib:shams.maqalat.movahhed_ocr:00330	urn:lib:shams.maqalat.movahhed_ocr:00331
204	173-75	1	173	urn:lib:shams.maqalat.movahhed_ocr:00185	urn:lib:shams.maqalat.movahhed_ocr:00186
205	762-63	2	165	urn:lib:shams.maqalat.movahhed_ocr:00775	urn:lib:shams.maqalat.movahhed_ocr:00776
205	214-15	1	214	urn:lib:shams.maqalat.movahhed_ocr:00226	urn:lib:shams.maqalat.movahhed_ocr:00227
205	639-40	2	42	urn:lib:shams.maqalat.movahhed_ocr:00652	urn:lib:shams.maqalat.movahhed_ocr:00653
206	616-17	2	19	urn:lib:shams.maqalat.movahhed_ocr:00629	urn:lib:shams.maqalat.movahhed_ocr:00630
207	219	1	219	urn:lib:shams.maqalat.movahhed_ocr:00231	urn:lib:shams.maqalat.movahhed_ocr:00232
212	759-60	2	162	urn:lib:shams.maqalat.movahhed_ocr:00772	urn:lib:shams.maqalat.movahhed_ocr:00773
212	763	2	166	urn:lib:shams.maqalat.movahhed_ocr:00776	urn:lib:shams.maqalat.movahhed_ocr:00777
213	764	2	167	urn:lib:shams.maqalat.movahhed_ocr:00777	urn:lib:shams.maqalat.movahhed_ocr:00778
213	704	2	107	urn:lib:shams.maqalat.movahhed_ocr:00717	urn:lib:shams.maqalat.movahhed_ocr:00718
214	127	1	127	urn:lib:shams.maqalat.movahhed_ocr:00139	urn:lib:shams.maqalat.movahhed_ocr:00140
214	110	1	110	urn:lib:shams.maqalat.movahhed_ocr:00122	urn:lib:shams.maqalat.movahhed_ocr:00123
216	113-15	1	113	urn:lib:shams.maqalat.movahhed_ocr:00125	urn:lib:shams.maqalat.movahhed_ocr:00126
216	107	1	107	urn:lib:shams.maqalat.movahhed_ocr:00119	urn:lib:shams.maqalat.movahhed_ocr:00120
217	109	1	109	urn:lib:shams.maqalat.movahhed_ocr:00121	urn:lib:shams.maqalat.movahhed_ocr:00122
217	690	2	93	urn:lib:shams.maqalat.movahhed_ocr:00703	urn:lib:shams.maqalat.movahhed_ocr:00704
218	290	1	290	urn:lib:shams.maqalat.movahhed_ocr:00302	urn:lib:shams.maqalat.movahhed_ocr:00303
218	618-19	2	21	urn:lib:shams.maqalat.movahhed_ocr:00631	urn:lib:shams.maqalat.movahhed_ocr:00632
219	752-53	2	155	urn:lib:shams.maqalat.movahhed_ocr:00765	urn:lib:shams.maqalat.movahhed_ocr:00766
219	82	1	82	urn:lib:shams.maqalat.movahhed_ocr:00094	urn:lib:shams.maqalat.movahhed_ocr:00095
220	628	2	31	urn:lib:shams.maqalat.movahhed_ocr:00641	urn:lib:shams.maqalat.movahhed_ocr:00642
220	142	1	142	urn:lib:shams.maqalat.movahhed_ocr:00154	urn:lib:shams.maqalat.movahhed_ocr:00155
220	665	2	68	urn:lib:shams.maqalat.movahhed_ocr:00678	urn:lib:shams.maqalat.movahhed_ocr:00679
220	660	2	63	urn:lib:shams.maqalat.movahhed_ocr:00673	urn:lib:shams.maqalat.movahhed_ocr:00674
221	622-23	2	25	urn:lib:shams.maqalat.movahhed_ocr:00635	urn:lib:shams.maqalat.movahhed_ocr:00636
221	739	2	142	urn:lib:shams.maqalat.movahhed_ocr:00752	urn:lib:shams.maqalat.movahhed_ocr:00753
222	773-74	2	176	urn:lib:shams.maqalat.movahhed_ocr:00786	urn:lib:shams.maqalat.movahhed_ocr:00787
222	74	1	74	urn:lib:shams.maqalat.movahhed_ocr:00086	urn:lib:shams.maqalat.movahhed_ocr:00087
223	148-49	1	148	urn:lib:shams.maqalat.movahhed_ocr:00160	urn:lib:shams.maqalat.movahhed_ocr:00161
223	106	1	106	urn:lib:shams.maqalat.movahhed_ocr:00118	urn:lib:shams.maqalat.movahhed_ocr:00119
224	766-67	2	169	urn:lib:shams.maqalat.movahhed_ocr:00779	urn:lib:shams.maqalat.movahhed_ocr:00780
224	248	1	248	urn:lib:shams.maqalat.movahhed_ocr:00260	urn:lib:shams.maqalat.movahhed_ocr:00261
225	115-16	1	115	urn:lib:shams.maqalat.movahhed_ocr:00127	urn:lib:shams.maqalat.movahhed_ocr:00128
225	681	2	84	urn:lib:shams.maqalat.movahhed_ocr:00694	urn:lib:shams.maqalat.movahhed_ocr:00695
225	767	2	170	urn:lib:shams.maqalat.movahhed_ocr:00780	urn:lib:shams.maqalat.movahhed_ocr:00781
225	224-25	1	224	urn:lib:shams.maqalat.movahhed_ocr:00236	urn:lib:shams.maqalat.movahhed_ocr:00237
226	732	2	135	urn:lib:shams.maqalat.movahhed_ocr:00745	urn:lib:shams.maqalat.movahhed_ocr:00746
226	186	1	186	urn:lib:shams.maqalat.movahhed_ocr:00198	urn:lib:shams.maqalat.movahhed_ocr:00199
226	97-98	1	97	urn:lib:shams.maqalat.movahhed_ocr:00109	urn:lib:shams.maqalat.movahhed_ocr:00110
227	138-39	1	138	urn:lib:shams.maqalat.movahhed_ocr:00150	urn:lib:shams.maqalat.movahhed_ocr:00151
227	347-48	1	347	urn:lib:shams.maqalat.movahhed_ocr:00359	urn:lib:shams.maqalat.movahhed_ocr:00360
228	693	2	96	urn:lib:shams.maqalat.movahhed_ocr:00706	urn:lib:shams.maqalat.movahhed_ocr:00707
228	610-11	2	13	urn:lib:shams.maqalat.movahhed_ocr:00623	urn:lib:shams.maqalat.movahhed_ocr:00624
228	317-18	1	317	urn:lib:shams.maqalat.movahhed_ocr:00329	urn:lib:shams.maqalat.movahhed_ocr:00330
229	610	2	13	urn:lib:shams.maqalat.movahhed_ocr:00623	urn:lib:shams.maqalat.movahhed_ocr:00624
229	189	1	189	urn:lib:shams.maqalat.movahhed_ocr:00201	urn:lib:shams.maqalat.movahhed_ocr:00202
229	713	2	116	urn:lib:shams.maqalat.movahhed_ocr:00726	urn:lib:shams.maqalat.movahhed_ocr:00727
230	218	1	218	urn:lib:shams.maqalat.movahhed_ocr:00230	urn:lib:shams.maqalat.movahhed_ocr:00231
230	623	2	26	urn:lib:shams.maqalat.movahhed_ocr:00636	urn:lib:shams.maqalat.movahhed_ocr:00637
231	133-34	1	133	urn:lib:shams.maqalat.movahhed_ocr:00145	urn:lib:shams.maqalat.movahhed_ocr:00146
231	179	1	179	urn:lib:shams.maqalat.movahhed_ocr:00191	urn:lib:shams.maqalat.movahhed_ocr:00192
232	627-28	2	30	urn:lib:shams.maqalat.movahhed_ocr:00640	urn:lib:shams.maqalat.movahhed_ocr:00641
232	302	1	302	urn:lib:shams.maqalat.movahhed_ocr:00314	urn:lib:shams.maqalat.movahhed_ocr:00315
232	235-36	1	235	urn:lib:shams.maqalat.movahhed_ocr:00247	urn:lib:shams.maqalat.movahhed_ocr:00248
233	745-46	2	148	urn:lib:shams.maqalat.movahhed_ocr:00758	urn:lib:shams.maqalat.movahhed_ocr:00759
233	302	1	302	urn:lib:shams.maqalat.movahhed_ocr:00314	urn:lib:shams.maqalat.movahhed_ocr:00315
234	666	2	69	urn:lib:shams.maqalat.movahhed_ocr:00679	urn:lib:shams.maqalat.movahhed_ocr:00680
235	321-23	1	321	urn:lib:shams.maqalat.movahhed_ocr:00333	urn:lib:shams.maqalat.movahhed_ocr:00334
236	691-92	2	94	urn:lib:shams.maqalat.movahhed_ocr:00704	urn:lib:shams.maqalat.movahhed_ocr:00705
238	721-22	2	124	urn:lib:shams.maqalat.movahhed_ocr:00734	urn:lib:shams.maqalat.movahhed_ocr:00735
238	129-30	1	129	urn:lib:shams.maqalat.movahhed_ocr:00141	urn:lib:shams.maqalat.movahhed_ocr:00142
239	749-50	2	152	urn:lib:shams.maqalat.movahhed_ocr:00762	urn:lib:shams.maqalat.movahhed_ocr:00763
240	222-23	1	222	urn:lib:shams.maqalat.movahhed_ocr:00234	urn:lib:shams.maqalat.movahhed_ocr:00235
240	647	2	50	urn:lib:shams.maqalat.movahhed_ocr:00660	urn:lib:shams.maqalat.movahhed_ocr:00661
241	648-49	2	51	urn:lib:shams.maqalat.movahhed_ocr:00661	urn:lib:shams.maqalat.movahhed_ocr:00662
242	712-13	2	115	urn:lib:shams.maqalat.movahhed_ocr:00725	urn:lib:shams.maqalat.movahhed_ocr:00726
242	730	2	133	urn:lib:shams.maqalat.movahhed_ocr:00743	urn:lib:shams.maqalat.movahhed_ocr:00744
243	684-85	2	87	urn:lib:shams.maqalat.movahhed_ocr:00697	urn:lib:shams.maqalat.movahhed_ocr:00698
243	751	2	154	urn:lib:shams.maqalat.movahhed_ocr:00764	urn:lib:shams.maqalat.movahhed_ocr:00765
244	284-85	1	284	urn:lib:shams.maqalat.movahhed_ocr:00296	urn:lib:shams.maqalat.movahhed_ocr:00297
244	779	2	182	urn:lib:shams.maqalat.movahhed_ocr:00792	urn:lib:shams.maqalat.movahhed_ocr:00793
245	273	1	273	urn:lib:shams.maqalat.movahhed_ocr:00285	urn:lib:shams.maqalat.movahhed_ocr:00286
245	777-78	2	180	urn:lib:shams.maqalat.movahhed_ocr:00790	urn:lib:shams.maqalat.movahhed_ocr:00791
245	240	1	240	urn:lib:shams.maqalat.movahhed_ocr:00252	urn:lib:shams.maqalat.movahhed_ocr:00253
246	775-76	2	178	urn:lib:shams.maqalat.movahhed_ocr:00788	urn:lib:shams.maqalat.movahhed_ocr:00789
247	121-22	1	121	urn:lib:shams.maqalat.movahhed_ocr:00133	urn:lib:shams.maqalat.movahhed_ocr:00134
247	139	1	139	urn:lib:shams.maqalat.movahhed_ocr:00151	urn:lib:shams.maqalat.movahhed_ocr:00152
248	695-96	2	98	urn:lib:shams.maqalat.movahhed_ocr:00708	urn:lib:shams.maqalat.movahhed_ocr:00709
249	778-79	2	181	urn:lib:shams.maqalat.movahhed_ocr:00791	urn:lib:shams.maqalat.movahhed_ocr:00792
249	221-22	1	221	urn:lib:shams.maqalat.movahhed_ocr:00233	urn:lib:shams.maqalat.movahhed_ocr:00234
250	638-39	2	41	urn:lib:shams.maqalat.movahhed_ocr:00651	urn:lib:shams.maqalat.movahhed_ocr:00652
250	234	1	234	urn:lib:shams.maqalat.movahhed_ocr:00246	urn:lib:shams.maqalat.movahhed_ocr:00247
251	146	1	146	urn:lib:shams.maqalat.movahhed_ocr:00158	urn:lib:shams.maqalat.movahhed_ocr:00159
251	115	1	115	urn:lib:shams.maqalat.movahhed_ocr:00127	urn:lib:shams.maqalat.movahhed_ocr:00128
252	300-1	1	300	urn:lib:shams.maqalat.movahhed_ocr:00312	urn:lib:shams.maqalat.movahhed_ocr:00313
252	188-89	1	188	urn:lib:shams.maqalat.movahhed_ocr:00200	urn:lib:shams.maqalat.movahhed_ocr:00201
253	219-20	1	219	urn:lib:shams.maqalat.movahhed_ocr:00231	urn:lib:shams.maqalat.movahhed_ocr:00232
254	295-96	1	295	urn:lib:shams.maqalat.movahhed_ocr:00307	urn:lib:shams.maqalat.movahhed_ocr:00308
254	760-61	2	163	urn:lib:shams.maqalat.movahhed_ocr:00773	urn:lib:shams.maqalat.movahhed_ocr:00774
255	650-51	2	53	urn:lib:shams.maqalat.movahhed_ocr:00663	urn:lib:shams.maqalat.movahhed_ocr:00664
256	756-57	2	159	urn:lib:shams.maqalat.movahhed_ocr:00769	urn:lib:shams.maqalat.movahhed_ocr:00770
256	139-40	1	139	urn:lib:shams.maqalat.movahhed_ocr:00151	urn:lib:shams.maqalat.movahhed_ocr:00152
257	768	2	171	urn:lib:shams.maqalat.movahhed_ocr:00781	urn:lib:shams.maqalat.movahhed_ocr:00782
257	646	2	49	urn:lib:shams.maqalat.movahhed_ocr:00659	urn:lib:shams.maqalat.movahhed_ocr:00660
258	706	2	109	urn:lib:shams.maqalat.movahhed_ocr:00719	urn:lib:shams.maqalat.movahhed_ocr:00720
259	231-33	1	231	urn:lib:shams.maqalat.movahhed_ocr:00243	urn:lib:shams.maqalat.movahhed_ocr:00244
261	103-5	1	103	urn:lib:shams.maqalat.movahhed_ocr:00115	urn:lib:shams.maqalat.movahhed_ocr:00116
261	99-100	1	99	urn:lib:shams.maqalat.movahhed_ocr:00111	urn:lib:shams.maqalat.movahhed_ocr:00112
262	93-94	1	93	urn:lib:shams.maqalat.movahhed_ocr:00105	urn:lib:shams.maqalat.movahhed_ocr:00106
263	353	1	353	urn:lib:shams.maqalat.movahhed_ocr:00365	urn:lib:shams.maqalat.movahhed_ocr:00366
263	760	2	163	urn:lib:shams.maqalat.movahhed_ocr:00773	urn:lib:shams.maqalat.movahhed_ocr:00774
263	180-81	1	180	urn:lib:shams.maqalat.movahhed_ocr:00192	urn:lib:shams.maqalat.movahhed_ocr:00193
263	83	1	83	urn:lib:shams.maqalat.movahhed_ocr:00095	urn:lib:shams.maqalat.movahhed_ocr:00096
264	175-76	1	175	urn:lib:shams.maqalat.movahhed_ocr:00187	urn:lib:shams.maqalat.movahhed_ocr:00188
264	150	1	150	urn:lib:shams.maqalat.movahhed_ocr:00162	urn:lib:shams.maqalat.movahhed_ocr:00163
264	697	2	100	urn:lib:shams.maqalat.movahhed_ocr:00710	urn:lib:shams.maqalat.movahhed_ocr:00711
265	91-92	1	91	urn:lib:shams.maqalat.movahhed_ocr:00103	urn:lib:shams.maqalat.movahhed_ocr:00104
266	89-90	1	89	urn:lib:shams.maqalat.movahhed_ocr:00101	urn:lib:shams.maqalat.movahhed_ocr:00102
267	84-85	1	84	urn:lib:shams.maqalat.movahhed_ocr:00096	urn:lib:shams.maqalat.movahhed_ocr:00097
268	226-27	1	226	urn:lib:shams.maqalat.movahhed_ocr:00238	urn:lib:shams.maqalat.movahhed_ocr:00239
269	124-25	1	124	urn:lib:shams.maqalat.movahhed_ocr:00136	urn:lib:shams.maqalat.movahhed_ocr:00137
270	143-44	1	143	urn:lib:shams.maqalat.movahhed_ocr:00155	urn:lib:shams.maqalat.movahhed_ocr:00156
270	226	1	226	urn:lib:shams.maqalat.movahhed_ocr:00238	urn:lib:shams.maqalat.movahhed_ocr:00239
271	105-6	1	105	urn:lib:shams.maqalat.movahhed_ocr:00117	urn:lib:shams.maqalat.movahhed_ocr:00118
271	710-11	2	113	urn:lib:shams.maqalat.movahhed_ocr:00723	urn:lib:shams.maqalat.movahhed_ocr:00724
272	76	1	76	urn:lib:shams.maqalat.movahhed_ocr:00088	urn:lib:shams.maqalat.movahhed_ocr:00089
272	273	1	273	urn:lib:shams.maqalat.movahhed_ocr:00285	urn:lib:shams.maqalat.movahhed_ocr:00286
272	743	2	146	urn:lib:shams.maqalat.movahhed_ocr:00756	urn:lib:shams.maqalat.movahhed_ocr:00757
272	288-89	1	288	urn:lib:shams.maqalat.movahhed_ocr:00300	urn:lib:shams.maqalat.movahhed_ocr:00301
273	701-2	2	104	urn:lib:shams.maqalat.movahhed_ocr:00714	urn:lib:shams.maqalat.movahhed_ocr:00715
274	729	2	132	urn:lib:shams.maqalat.movahhed_ocr:00742	urn:lib:shams.maqalat.movahhed_ocr:00743
274	209	1	209	urn:lib:shams.maqalat.movahhed_ocr:00221	urn:lib:shams.maqalat.movahhed_ocr:00222
274	609-10	2	12	urn:lib:shams.maqalat.movahhed_ocr:00622	urn:lib:shams.maqalat.movahhed_ocr:00623
275	628-29	2	31	urn:lib:shams.maqalat.movahhed_ocr:00641	urn:lib:shams.maqalat.movahhed_ocr:00642
275	298-99	1	298	urn:lib:shams.maqalat.movahhed_ocr:00310	urn:lib:shams.maqalat.movahhed_ocr:00311
276	241-42	1	241	urn:lib:shams.maqalat.movahhed_ocr:00253	urn:lib:shams.maqalat.movahhed_ocr:00254
277	662-63	2	65	urn:lib:shams.maqalat.movahhed_ocr:00675	urn:lib:shams.maqalat.movahhed_ocr:00676
277	305	1	305	urn:lib:shams.maqalat.movahhed_ocr:00317	urn:lib:shams.maqalat.movahhed_ocr:00318
278	150-51	1	150	urn:lib:shams.maqalat.movahhed_ocr:00162	urn:lib:shams.maqalat.movahhed_ocr:00163
278	622	2	25	urn:lib:shams.maqalat.movahhed_ocr:00635	urn:lib:shams.maqalat.movahhed_ocr:00636
279	629	2	32	urn:lib:shams.maqalat.movahhed_ocr:00642	urn:lib:shams.maqalat.movahhed_ocr:00643
279	303	1	303	urn:lib:shams.maqalat.movahhed_ocr:00315	urn:lib:shams.maqalat.movahhed_ocr:00316
279	769-70	2	172	urn:lib:shams.maqalat.movahhed_ocr:00782	urn:lib:shams.maqalat.movahhed_ocr:00783
280	702-3	2	105	urn:lib:shams.maqalat.movahhed_ocr:00715	urn:lib:shams.maqalat.movahhed_ocr:00716
280	613	2	16	urn:lib:shams.maqalat.movahhed_ocr:00626	urn:lib:shams.maqalat.movahhed_ocr:00627
280	202-3	1	202	urn:lib:shams.maqalat.movahhed_ocr:00214	urn:lib:shams.maqalat.movahhed_ocr:00215
281	233-34	1	233	urn:lib:shams.maqalat.movahhed_ocr:00245	urn:lib:shams.maqalat.movahhed_ocr:00246
282	191-92	1	191	urn:lib:shams.maqalat.movahhed_ocr:00203	urn:lib:shams.maqalat.movahhed_ocr:00204
282	774-75	2	177	urn:lib:shams.maqalat.movahhed_ocr:00787	urn:lib:shams.maqalat.movahhed_ocr:00788
283	267	1	267	urn:lib:shams.maqalat.movahhed_ocr:00279	urn:lib:shams.maqalat.movahhed_ocr:00280
283	74-75	1	74	urn:lib:shams.maqalat.movahhed_ocr:00086	urn:lib:shams.maqalat.movahhed_ocr:00087
284	81-82	1	81	urn:lib:shams.maqalat.movahhed_ocr:00093	urn:lib:shams.maqalat.movahhed_ocr:00094
284	611-12	2	14	urn:lib:shams.maqalat.movahhed_ocr:00624	urn:lib:shams.maqalat.movahhed_ocr:00625
285	614	2	17	urn:lib:shams.maqalat.movahhed_ocr:00627	urn:lib:shams.maqalat.movahhed_ocr:00628
285	188	1	188	urn:lib:shams.maqalat.movahhed_ocr:00200	urn:lib:shams.maqalat.movahhed_ocr:00201
288	169-71	1	169	urn:lib:shams.maqalat.movahhed_ocr:00181	urn:lib:shams.maqalat.movahhed_ocr:00182
288	266	1	266	urn:lib:shams.maqalat.movahhed_ocr:00278	urn:lib:shams.maqalat.movahhed_ocr:00279
289	157-58	1	157	urn:lib:shams.maqalat.movahhed_ocr:00169	urn:lib:shams.maqalat.movahhed_ocr:00170
291	101-3	1	101	urn:lib:shams.maqalat.movahhed_ocr:00113	urn:lib:shams.maqalat.movahhed_ocr:00114
292	655	2	58	urn:lib:shams.maqalat.movahhed_ocr:00668	urn:lib:shams.maqalat.movahhed_ocr:00669
293	108-9	1	108	urn:lib:shams.maqalat.movahhed_ocr:00120	urn:lib:shams.maqalat.movahhed_ocr:00121
293	272	1	272	urn:lib:shams.maqalat.movahhed_ocr:00284	urn:lib:shams.maqalat.movahhed_ocr:00285
294	132-33	1	132	urn:lib:shams.maqalat.movahhed_ocr:00144	urn:lib:shams.maqalat.movahhed_ocr:00145
295	116-17	1	116	urn:lib:shams.maqalat.movahhed_ocr:00128	urn:lib:shams.maqalat.movahhed_ocr:00129
295	126-27	1	126	urn:lib:shams.maqalat.movahhed_ocr:00138	urn:lib:shams.maqalat.movahhed_ocr:00139
296	302	1	302	urn:lib:shams.maqalat.movahhed_ocr:00314	urn:lib:shams.maqalat.movahhed_ocr:00315
296	303-4	1	303	urn:lib:shams.maqalat.movahhed_ocr:00315	urn:lib:shams.maqalat.movahhed_ocr:00316
297	710	2	113	urn:lib:shams.maqalat.movahhed_ocr:00723	urn:lib:shams.maqalat.movahhed_ocr:00724
298	181-82	1	181	urn:lib:shams.maqalat.movahhed_ocr:00193	urn:lib:shams.maqalat.movahhed_ocr:00194
298	736-37	2	139	urn:lib:shams.maqalat.movahhed_ocr:00749	urn:lib:shams.maqalat.movahhed_ocr:00750
298	641	2	44	urn:lib:shams.maqalat.movahhed_ocr:00654	urn:lib:shams.maqalat.movahhed_ocr:00655
299	215	1	215	urn:lib:shams.maqalat.movahhed_ocr:00227	urn:lib:shams.maqalat.movahhed_ocr:00228
300	100-1	1	100	urn:lib:shams.maqalat.movahhed_ocr:00112	urn:lib:shams.maqalat.movahhed_ocr:00113
300	303	1	303	urn:lib:shams.maqalat.movahhed_ocr:00315	urn:lib:shams.maqalat.movahhed_ocr:00316
300	640-41	2	43	urn:lib:shams.maqalat.movahhed_ocr:00653	urn:lib:shams.maqalat.movahhed_ocr:00654
301	287	1	287	urn:lib:shams.maqalat.movahhed_ocr:00299	urn:lib:shams.maqalat.movahhed_ocr:00300
301	755-56	2	158	urn:lib:shams.maqalat.movahhed_ocr:00768	urn:lib:shams.maqalat.movahhed_ocr:00769
301	668	2	71	urn:lib:shams.maqalat.movahhed_ocr:00681	urn:lib:shams.maqalat.movahhed_ocr:00682
302	326-27	1	326	urn:lib:shams.maqalat.movahhed_ocr:00338	urn:lib:shams.maqalat.movahhed_ocr:00339
303	731-32	2	134	urn:lib:shams.maqalat.movahhed_ocr:00744	urn:lib:shams.maqalat.movahhed_ocr:00745
303	79-80	1	79	urn:lib:shams.maqalat.movahhed_ocr:00091	urn:lib:shams.maqalat.movahhed_ocr:00092
304	200	1	200	urn:lib:shams.maqalat.movahhed_ocr:00212	urn:lib:shams.maqalat.movahhed_ocr:00213
304	319	1	319	urn:lib:shams.maqalat.movahhed_ocr:00331	urn:lib:shams.maqalat.movahhed_ocr:00332
305	243-45	1	243	urn:lib:shams.maqalat.movahhed_ocr:00255	urn:lib:shams.maqalat.movahhed_ocr:00256
305	315-16	1	315	urn:lib:shams.maqalat.movahhed_ocr:00327	urn:lib:shams.maqalat.movahhed_ocr:00328
306	659-60	2	62	urn:lib:shams.maqalat.movahhed_ocr:00672	urn:lib:shams.maqalat.movahhed_ocr:00673
306	274	1	274	urn:lib:shams.maqalat.movahhed_ocr:00286	urn:lib:shams.maqalat.movahhed_ocr:00287
306	263	1	263	urn:lib:shams.maqalat.movahhed_ocr:00275	urn:lib:shams.maqalat.movahhed_ocr:00276
307	610	2	13	urn:lib:shams.maqalat.movahhed_ocr:00623	urn:lib:shams.maqalat.movahhed_ocr:00624
307	187	1	187	urn:lib:shams.maqalat.movahhed_ocr:00199	urn:lib:shams.maqalat.movahhed_ocr:00200
308	242-43	1	242	urn:lib:shams.maqalat.movahhed_ocr:00254	urn:lib:shams.maqalat.movahhed_ocr:00255
309	325-26	1	325	urn:lib:shams.maqalat.movahhed_ocr:00337	urn:lib:shams.maqalat.movahhed_ocr:00338
309	317	1	317	urn:lib:shams.maqalat.movahhed_ocr:00329	urn:lib:shams.maqalat.movahhed_ocr:00330
310	660-61	2	63	urn:lib:shams.maqalat.movahhed_ocr:00673	urn:lib:shams.maqalat.movahhed_ocr:00674
310	740	2	143	urn:lib:shams.maqalat.movahhed_ocr:00753	urn:lib:shams.maqalat.movahhed_ocr:00754
311	73-74	1	73	urn:lib:shams.maqalat.movahhed_ocr:00085	urn:lib:shams.maqalat.movahhed_ocr:00086
312	615-16	2	18	urn:lib:shams.maqalat.movahhed_ocr:00628	urn:lib:shams.maqalat.movahhed_ocr:00629
313	679	2	82	urn:lib:shams.maqalat.movahhed_ocr:00692	urn:lib:shams.maqalat.movahhed_ocr:00693
313	273	1	273	urn:lib:shams.maqalat.movahhed_ocr:00285	urn:lib:shams.maqalat.movahhed_ocr:00286
313	211-12	1	211	urn:lib:shams.maqalat.movahhed_ocr:00223	urn:lib:shams.maqalat.movahhed_ocr:00224
314	77-78	1	77	urn:lib:shams.maqalat.movahhed_ocr:00089	urn:lib:shams.maqalat.movahhed_ocr:00090
314	109-10	1	109	urn:lib:shams.maqalat.movahhed_ocr:00121	urn:lib:shams.maqalat.movahhed_ocr:00122
314	219	1	219	urn:lib:shams.maqalat.movahhed_ocr:00231	urn:lib:shams.maqalat.movahhed_ocr:00232
315	234-35	1	234	urn:lib:shams.maqalat.movahhed_ocr:00246	urn:lib:shams.maqalat.movahhed_ocr:00247
316	183-84	1	183	urn:lib:shams.maqalat.movahhed_ocr:00195	urn:lib:shams.maqalat.movahhed_ocr:00196
316	252-53	1	252	urn:lib:shams.maqalat.movahhed_ocr:00264	urn:lib:shams.maqalat.movahhed_ocr:00265
317	309	1	309	urn:lib:shams.maqalat.movahhed_ocr:00321	urn:lib:shams.maqalat.movahhed_ocr:00322
317	622	2	25	urn:lib:shams.maqalat.movahhed_ocr:00635	urn:lib:shams.maqalat.movahhed_ocr:00636
317	692-93	2	95	urn:lib:shams.maqalat.movahhed_ocr:00705	urn:lib:shams.maqalat.movahhed_ocr:00706
318	94-95	1	94	urn:lib:shams.maqalat.movahhed_ocr:00106	urn:lib:shams.maqalat.movahhed_ocr:00107
318	268-69	1	268	urn:lib:shams.maqalat.movahhed_ocr:00280	urn:lib:shams.maqalat.movahhed_ocr:00281
319	198	1	198	urn:lib:shams.maqalat.movahhed_ocr:00210	urn:lib:shams.maqalat.movahhed_ocr:00211
319	82-83	1	82	urn:lib:shams.maqalat.movahhed_ocr:00094	urn:lib:shams.maqalat.movahhed_ocr:00095
319	138	1	138	urn:lib:shams.maqalat.movahhed_ocr:00150	urn:lib:shams.maqalat.movahhed_ocr:00151
320	275	1	275	urn:lib:shams.maqalat.movahhed_ocr:00287	urn:lib:shams.maqalat.movahhed_ocr:00288
321	306-7	1	306	urn:lib:shams.maqalat.movahhed_ocr:00318	urn:lib:shams.maqalat.movahhed_ocr:00319
321	290-91	1	290	urn:lib:shams.maqalat.movahhed_ocr:00302	urn:lib:shams.maqalat.movahhed_ocr:00303
322	759	2	162	urn:lib:shams.maqalat.movahhed_ocr:00772	urn:lib:shams.maqalat.movahhed_ocr:00773
323	155-56	1	155	urn:lib:shams.maqalat.movahhed_ocr:00167	urn:lib:shams.maqalat.movahhed_ocr:00168
323	93	1	93	urn:lib:shams.maqalat.movahhed_ocr:00105	urn:lib:shams.maqalat.movahhed_ocr:00106
325	69-71	1	69	urn:lib:shams.maqalat.movahhed_ocr:00081	urn:lib:shams.maqalat.movahhed_ocr:00082
325	763-64	2	166	urn:lib:shams.maqalat.movahhed_ocr:00776	urn:lib:shams.maqalat.movahhed_ocr:00777
326	98-99	1	98	urn:lib:shams.maqalat.movahhed_ocr:00110	urn:lib:shams.maqalat.movahhed_ocr:00111
326	768-69	2	171	urn:lib:shams.maqalat.movahhed_ocr:00781	urn:lib:shams.maqalat.movahhed_ocr:00782
326	279-80	1	279	urn:lib:shams.maqalat.movahhed_ocr:00291	urn:lib:shams.maqalat.movahhed_ocr:00292
327	199-200	1	199	urn:lib:shams.maqalat.movahhed_ocr:00211	urn:lib:shams.maqalat.movahhed_ocr:00212
328	156-57	1	156	urn:lib:shams.maqalat.movahhed_ocr:00168	urn:lib:shams.maqalat.movahhed_ocr:00169
330	134-36	1	134	urn:lib:shams.maqalat.movahhed_ocr:00146	urn:lib:shams.maqalat.movahhed_ocr:00147
331	151-53	1	151	urn:lib:shams.maqalat.movahhed_ocr:00163	urn:lib:shams.maqalat.movahhed_ocr:00164
332	621	2	24	urn:lib:shams.maqalat.movahhed_ocr:00634	urn:lib:shams.maqalat.movahhed_ocr:00635
335	630-33	2	33	urn:lib:shams.maqalat.movahhed_ocr:00643	urn:lib:shams.maqalat.movahhed_ocr:00644
336	756	2	159	urn:lib:shams.maqalat.movahhed_ocr:00769	urn:lib:shams.maqalat.movahhed_ocr:00770
336	168-69	1	168	urn:lib:shams.maqalat.movahhed_ocr:00180	urn:lib:shams.maqalat.movahhed_ocr:00181
337	340	1	340	urn:lib:shams.maqalat.movahhed_ocr:00352	urn:lib:shams.maqalat.movahhed_ocr:00353
337	766	2	169	urn:lib:shams.maqalat.movahhed_ocr:00779	urn:lib:shams.maqalat.movahhed_ocr:00780
338	163-64	1	163	urn:lib:shams.maqalat.movahhed_ocr:00175	urn:lib:shams.maqalat.movahhed_ocr:00176
338	760	2	163	urn:lib:shams.maqalat.movahhed_ocr:00773	urn:lib:shams.maqalat.movahhed_ocr:00774
339	678-79	2	81	urn:lib:shams.maqalat.movahhed_ocr:00691	urn:lib:shams.maqalat.movahhed_ocr:00692
339	772-73	2	175	urn:lib:shams.maqalat.movahhed_ocr:00785	urn:lib:shams.maqalat.movahhed_ocr:00786
343	54	1	54	urn:lib:shams.maqalat.movahhed_ocr:00066	urn:lib:shams.maqalat.movahhed_ocr:00067
346	286-88	1	286	urn:lib:shams.maqalat.movahhed_ocr:00298	urn:lib:shams.maqalat.movahhed_ocr:00299
353	216	1	216	urn:lib:shams.maqalat.movahhed_ocr:00228	urn:lib:shams.maqalat.movahhed_ocr:00229
354	203	1	203	urn:lib:shams.maqalat.movahhed_ocr:00215	urn:lib:shams.maqalat.movahhed_ocr:00216
371	87, 619	1	87	urn:lib:shams.maqalat.movahhed_ocr:00099	urn:lib:shams.maqalat.movahhed_ocr:00100
374	105	1	105	urn:lib:shams.maqalat.movahhed_ocr:00117	urn:lib:shams.maqalat.movahhed_ocr:00118
375	633	2	36	urn:lib:shams.maqalat.movahhed_ocr:00646	urn:lib:shams.maqalat.movahhed_ocr:00647
378	152	1	152	urn:lib:shams.maqalat.movahhed_ocr:00164	urn:lib:shams.maqalat.movahhed_ocr:00165
395	225	1	225	urn:lib:shams.maqalat.movahhed_ocr:00237	urn:lib:shams.maqalat.movahhed_ocr:00238
398	26	1	26	urn:lib:shams.maqalat.movahhed_ocr:00038	urn:lib:shams.maqalat.movahhed_ocr:00039
399	43	1	43	urn:lib:shams.maqalat.movahhed_ocr:00055	urn:lib:shams.maqalat.movahhed_ocr:00056
399	23,71	1	23	urn:lib:shams.maqalat.movahhed_ocr:00035	urn:lib:shams.maqalat.movahhed_ocr:00036
399	149	1	149	urn:lib:shams.maqalat.movahhed_ocr:00161	urn:lib:shams.maqalat.movahhed_ocr:00162
401	616	2	19	urn:lib:shams.maqalat.movahhed_ocr:00629	urn:lib:shams.maqalat.movahhed_ocr:00630
403	64	1	64	urn:lib:shams.maqalat.movahhed_ocr:00076	urn:lib:shams.maqalat.movahhed_ocr:00077
407	225	1	225	urn:lib:shams.maqalat.movahhed_ocr:00237	urn:lib:shams.maqalat.movahhed_ocr:00238
411	36, 49	1	36	urn:lib:shams.maqalat.movahhed_ocr:00048	urn:lib:shams.maqalat.movahhed_ocr:00049
411	149, 205	1	149	urn:lib:shams.maqalat.movahhed_ocr:00161	urn:lib:shams.maqalat.movahhed_ocr:00162
413	140	1	140	urn:lib:shams.maqalat.movahhed_ocr:00152	urn:lib:shams.maqalat.movahhed_ocr:00153
419	89	1	89	urn:lib:shams.maqalat.movahhed_ocr:00101	urn:lib:shams.maqalat.movahhed_ocr:00102
426	200	1	200	urn:lib:shams.maqalat.movahhed_ocr:00212	urn:lib:shams.maqalat.movahhed_ocr:00213
428	20	1	20	urn:lib:shams.maqalat.movahhed_ocr:00032	urn:lib:shams.maqalat.movahhed_ocr:00033
428	138,156,181	1	138	urn:lib:shams.maqalat.movahhed_ocr:00150	urn:lib:shams.maqalat.movahhed_ocr:00151
429	223	1	223	urn:lib:shams.maqalat.movahhed_ocr:00235	urn:lib:shams.maqalat.movahhed_ocr:00236
434	31	1	31	urn:lib:shams.maqalat.movahhed_ocr:00043	urn:lib:shams.maqalat.movahhed_ocr:00044
434	32	1	32	urn:lib:shams.maqalat.movahhed_ocr:00044	urn:lib:shams.maqalat.movahhed_ocr:00045
