knysh_heading	knysh_page	arabic_record	arabic_heading	arabic_page	score	status
Abu Ishaq Ibrahim b. Adham b. Mansur	18	urn:openiti:0465IbnHawazinQushayri.RisalaQushayriyya.JK009321-ara1:p00008	أبو إسحاق إبراهيم بن أدهم بن منصور	21	1.00	matched
Abu πl-Fayd Dhu πl-Nun al-Misri	19	urn:openiti:0465IbnHawazinQushayri.RisalaQushayriyya.JK009321-ara1:p00010	أبو الفيض ذو النون المصري	22	0.90	matched
Abu ∏Ali al-Fudayl b. ∏Iyad	20	urn:openiti:0465IbnHawazinQushayri.RisalaQushayriyya.JK009321-ara1:p00012	أبو علي الفضيل بن عياض	24	0.89	matched
Abu Mahfuz Ma∏ruf b. Fayruz al-Karkhi	21	urn:openiti:0465IbnHawazinQushayri.RisalaQushayriyya.JK009321-ara1:p00014	ومنهم : معروف بن فيروز الكرخي	25	0.83	matched
Abu πl-Hasan [al-]Sari b. al-Mughallis al-Saqati	23	urn:openiti:0465IbnHawazinQushayri.RisalaQushayriyya.JK009321-ara1:p00016	أبو الحسن سري بن المغلس السقطي	27	0.93	matched
Abu Nasr Bishr b. al-Harith al-Hafi (the Barefoot)	25	urn:openiti:0465IbnHawazinQushayri.RisalaQushayriyya.JK009321-ara1:p00018	أبو نصر بشر بن الحارث الحافي	29	0.32	weak
Abu ∏Abdallah al-Harith al-Muhasibi	27	urn:openiti:0465IbnHawazinQushayri.RisalaQushayriyya.JK009321-ara1:p00020	الحارث بن أسد المحاسبي	31	0.70	matched
Abu Sulayman Dawud b. Nusayr al-Taπi	29	urn:openiti:0465IbnHawazinQushayri.RisalaQushayriyya.JK009321-ara1:p00022	أبو سليمان داود بن نصير الطائي	33	1.00	matched
Abu ∏Ali Shaqiq b. Ibrahim al-Balkhi	30	urn:openiti:0465IbnHawazinQushayri.RisalaQushayriyya.JK009321-ara1:p00024	أبو علي شقيق بن إبراهيم البلخي	35	0.96	matched
Abu Yazid b. Tayfur b. ∏Isa al-Bastami	32	urn:openiti:0465IbnHawazinQushayri.RisalaQushayriyya.JK009321-ara1:p00026	أبو يزيد بن طيفور بن عيسى البسطامي	36	1.00	matched
Abu Muhammad Sahl b. ∏Abdallah al-Tustari	33	urn:openiti:0465IbnHawazinQushayri.RisalaQushayriyya.JK009321-ara1:p00028	سهل بن عبد الله التستري	38	0.79	matched
Abu Sulayman ∏Abd al-Rahman b. ∏Atiyya al-Darani	35	urn:openiti:0465IbnHawazinQushayri.RisalaQushayriyya.JK009321-ara1:p00030	عبد الرحمن بن عطية الداراني	39	0.80	matched
Abu ∏Abd al-Rahman Hatim b. ∏Unwan	36	urn:openiti:0465IbnHawazinQushayri.RisalaQushayriyya.JK009321-ara1:p00032	أبو عبد الرحمن حاتم بن علوان	41	0.91	matched
Abu Zakariya Yahya b. Mu∏adh al-Razi, the Preacher	37	urn:openiti:0465IbnHawazinQushayri.RisalaQushayriyya.JK009321-ara1:p00034	أبو زكريا يحيى بن معاذ الرازي الواعظ	42	0.69	matched
Abu Hamid Ahmad b. Khadrawayh (Khidruya) al-Balkhi	38	urn:openiti:0465IbnHawazinQushayri.RisalaQushayriyya.JK009321-ara1:p00036	أبو حامد أحمد بن خضرويه البلخي	43	0.42	weak
Abu πl-Hasan Ahmad b. Abi πl-Hawari	39	urn:openiti:0465IbnHawazinQushayri.RisalaQushayriyya.JK009321-ara1:p00038	أبو الحسين أحمد بن أبي الحواري	43	0.89	matched
Abu Hafs ∏Umar b. Maslama al-Haddad	39	urn:openiti:0465IbnHawazinQushayri.RisalaQushayriyya.JK009321-ara1:p00040	أبو حفص عمر بن مسلمة الحداد	44	0.92	matched
Abu Turab ∏Askar b. Husayn al-Nakhshabi	40	urn:openiti:0465IbnHawazinQushayri.RisalaQushayriyya.JK009321-ara1:p00042	أبو تراب عسكر بن حصين النخشبي	44	1.00	matched
Abu Muhammad ∏Abdallah b. Khubayq	41	urn:openiti:0465IbnHawazinQushayri.RisalaQushayriyya.JK009321-ara1:p00044	أبو محمد عبد الله بن خبيق	46	0.92	matched
Abu ∏Ali Ahmad b. ∏Asim al-Antaki	41	urn:openiti:0465IbnHawazinQushayri.RisalaQushayriyya.JK009321-ara1:p00046	أبو علي أحمد بن عاصم الأنطاكي	46	0.94	matched
Abu πl-Sari Mansur b. ∏Ammar	42	urn:openiti:0465IbnHawazinQushayri.RisalaQushayriyya.JK009321-ara1:p00048	أبو السري منصور بن عمار	47	0.89	matched
Abu Salih Hamdun b. Ahmad b. ∏Umara al-Qassar	42	urn:openiti:0465IbnHawazinQushayri.RisalaQushayriyya.JK009321-ara1:p00050	أبو صالح حمدون بن أحمد بن عمارة القصار	48	0.94	matched
Abu πl-Qasim al-Junayd b. Muhammad	43	urn:openiti:0465IbnHawazinQushayri.RisalaQushayriyya.JK009321-ara1:p00052	أبو القاسم الجنيد بن محمد	48	0.91	matched
Abu ∏Uthman Sa∏id b. Isma∏il al-Hiri	45	urn:openiti:0465IbnHawazinQushayri.RisalaQushayriyya.JK009321-ara1:p00054	أبو عثمان سعيد بن إسماعيل الجبري	50	0.87	matched
Abu πl-Husayn Ahmad b. Muhammad al-Nuri	46	urn:openiti:0465IbnHawazinQushayri.RisalaQushayriyya.JK009321-ara1:p00056	أبو الحسين أحمد بن محمد النوري بغدادي	52	0.77	matched
Abu ∏Abdallah Ahmad b. Yahya al-Jallaπ	47	urn:openiti:0465IbnHawazinQushayri.RisalaQushayriyya.JK009321-ara1:p00058	أبو عبد الله أحمد بن يحيى الجلاء	53	0.91	matched
Abu Muhammad Ruwaym b. Ahmad	48	urn:openiti:0465IbnHawazinQushayri.RisalaQushayriyya.JK009321-ara1:p00060	أبو محمد رويم بن أحمد	54	0.95	matched
Abu ∏Abdallah Muhammad b. al-Fadl al-Balkhi	48	urn:openiti:0465IbnHawazinQushayri.RisalaQushayriyya.JK009321-ara1:p00062	أبو عبد الله محمد بن الفضل البلخي	55	0.94	matched
Abu Bakr Ahmad b. Nasr al-Zaqqaq al-Kabir	49					gap
Abu ∏Abdallah ‘Amr b. ∏Uthman al-Makki	50	urn:openiti:0465IbnHawazinQushayri.RisalaQushayriyya.JK009321-ara1:p00064	أبو عبد الله عمرو بن عثمان المكي	56	0.89	matched
Samnun b. Hamza	50	urn:openiti:0465IbnHawazinQushayri.RisalaQushayriyya.JK009321-ara1:p00066	سمنون بن حمزة	57	0.93	matched
Abu ∏Ubayd al-Busri	51	urn:openiti:0465IbnHawazinQushayri.RisalaQushayriyya.JK009321-ara1:p00068	أبو عبيد البسري	58	1.00	matched
Abu πl-Fawaris Shah b. Shuja∏ al-Kirmani	52	urn:openiti:0465IbnHawazinQushayri.RisalaQushayriyya.JK009321-ara1:p00070	أبو الفوارس شاه بن شجاع الكرماني	58	0.96	matched
Yusuf b. al-Husayn	52	urn:openiti:0465IbnHawazinQushayri.RisalaQushayriyya.JK009321-ara1:p00072	يوسف بن الحسين	59	1.00	matched
Abu ∏Abdallah Muhammad b. ∏Ali al-Tirmidhi	52	urn:openiti:0465IbnHawazinQushayri.RisalaQushayriyya.JK009321-ara1:p00074	أبو عبد الله الترمذي أبو عبد الله محمد بن علي الترمذي	59	0.74	matched
Abu Bakr Muhammad b. ∏Umar al-Warraq al-Tirmidhi	53	urn:openiti:0465IbnHawazinQushayri.RisalaQushayriyya.JK009321-ara1:p00076	أبو بكر محمد بن عمر الوراق الترمذي	60	0.94	matched
Abu Sa∏id Ahmad b. ∏Isa al-Kharraz	53	urn:openiti:0465IbnHawazinQushayri.RisalaQushayriyya.JK009321-ara1:p00078	أبو سعيد أحمد بن عيسى الخراز	60	0.95	matched
Abu ∏Abdallah Muhammad b. Isma∏il al-Maghribi	54	urn:openiti:0465IbnHawazinQushayri.RisalaQushayriyya.JK009321-ara1:p00080	أبو عبد الله محمد بن إسماعيل المغربي	61	0.94	matched
Abu πl-∏Abbas Ahmad b. Muhammad Masruq	54	urn:openiti:0465IbnHawazinQushayri.RisalaQushayriyya.JK009321-ara1:p00082	أبو العباس أحمد بن محمد بن مسروق	61	0.90	matched
Abu πl-Hasan ∏Ali b. Sahl al-Isbahani	54	urn:openiti:0465IbnHawazinQushayri.RisalaQushayriyya.JK009321-ara1:p00084	أبو الحسن علي بن سهل الأصبهاني	62	0.91	matched
Abu Muhammad Ahmad b. Muhammad b. al-Husayn al-Jurayri	55	urn:openiti:0465IbnHawazinQushayri.RisalaQushayriyya.JK009321-ara1:p00086	أبو محمد بن محمد بن الحسين الجريري	62	0.85	matched
Abu πl-∏Abbas Ahmad b. Muhammad b. Sahl b. ∏Ataπ al-Adami	56	urn:openiti:0465IbnHawazinQushayri.RisalaQushayriyya.JK009321-ara1:p00088	أبو العباس أحمد بن محمد بن سهل بن عطاء الآدمي	63	0.91	matched
Abu Ishaq Ibrahim b. Ahmad al-Khawwas	56	urn:openiti:0465IbnHawazinQushayri.RisalaQushayriyya.JK009321-ara1:p00090	أبو إسحاق إبراهيم بن أحمد الخواص	63	1.00	matched
Abu Muhammad ∏Abdallah b. Muhammad al-Kharraz	57	urn:openiti:0465IbnHawazinQushayri.RisalaQushayriyya.JK009321-ara1:p00092	أبو محمد الخراز أبو محمد عبد الله بن محمد الخراز	64	0.77	matched
Abu πl-Hasan Bunan b. Muhammad al-Hammal	57					gap
Abu Hamza al-Baghdadi al-Bazzaz	57	urn:openiti:0465IbnHawazinQushayri.RisalaQushayriyya.JK009321-ara1:p00096	أبو حمزة البغدادي البزاز	65	0.92	matched
Abu Bakr Muhammad b. Musa al-Wasiti	58	urn:openiti:0465IbnHawazinQushayri.RisalaQushayriyya.JK009321-ara1:p00098	أبو بكر محمد بن موسى الواسطي	66	0.96	matched
Abu πl-Hasan b. al-Saπigh	59	urn:openiti:0465IbnHawazinQushayri.RisalaQushayriyya.JK009321-ara1:p00100	أبو الحسن بن الصائغ	67	0.92	matched
Abu Ishaq Ibrahim b. Dawud al-Raqqi	59	urn:openiti:0465IbnHawazinQushayri.RisalaQushayriyya.JK009321-ara1:p00102	أبو إسحق إبراهيم بن داود الرقي	67	0.96	matched
Mimshadh al-Dinawari	59	urn:openiti:0465IbnHawazinQushayri.RisalaQushayriyya.JK009321-ara1:p00104	ممشاد الدينوري	68	0.94	matched
Khayr al-Nassaj	60	urn:openiti:0465IbnHawazinQushayri.RisalaQushayriyya.JK009321-ara1:p00106	خير النساج	68	0.92	matched
Abu Hamza al-Khurasani	60	urn:openiti:0465IbnHawazinQushayri.RisalaQushayriyya.JK009321-ara1:p00108	أبو حمزة الخراساني	69	0.94	matched
Abu Bakr Dulaf b. Jahdar al-Shibli	61	urn:openiti:0465IbnHawazinQushayri.RisalaQushayriyya.JK009321-ara1:p00110	أبو بكر بن جحدر الشبلي	70	0.88	matched
Abu Muhammad ∏Abdallah b. Muhammad al-Murta∏ish	62	urn:openiti:0465IbnHawazinQushayri.RisalaQushayriyya.JK009321-ara1:p00112	أبو محمد عبد الله بن محمد المرتعش	70	0.92	matched
Abu ∏Ali Ahmad b. Muhammad al-Rudhbari	62	urn:openiti:0465IbnHawazinQushayri.RisalaQushayriyya.JK009321-ara1:p00114	أبو علي أحمد بن محمد الروذباري	71	0.92	matched
Abu Muhammad ∏Abdallah b. Munazil	63	urn:openiti:0465IbnHawazinQushayri.RisalaQushayriyya.JK009321-ara1:p00116	أبو محمد عبد الله بن منازل	72	0.92	matched
Abu ∏Ali Muhammad b. ∏Abd al-Wahhab al-Thaqafi	63	urn:openiti:0465IbnHawazinQushayri.RisalaQushayriyya.JK009321-ara1:p00118	أبو علي محمد بن عبد الوهاب الثقفي	72	0.89	matched
Abu πl-Khayr al-Aqta∏	64	urn:openiti:0465IbnHawazinQushayri.RisalaQushayriyya.JK009321-ara1:p00120	أبو الخير الأقطع	73	0.91	matched
Abu Bakr Muhammad b. ∏Ali al-Kattani	64	urn:openiti:0465IbnHawazinQushayri.RisalaQushayriyya.JK009321-ara1:p00122	أبو بكر محمد بن علي الكتاني	73	0.87	matched
Abu Ya∏qub Ishaq b. Muhammad al-Nahrajuri	64	urn:openiti:0465IbnHawazinQushayri.RisalaQushayriyya.JK009321-ara1:p00124	أبو يعقوب إسحاق بن محمد النهرجوري	73	0.97	matched
Abu πl-Hasan ∏Ali b. Muhammad al-Muzayyin	65	urn:openiti:0465IbnHawazinQushayri.RisalaQushayriyya.JK009321-ara1:p00126	أبو الحسن علي بن محمد المزين	74	0.87	matched
Abu ∏Ali b. al-Katib	65	urn:openiti:0465IbnHawazinQushayri.RisalaQushayriyya.JK009321-ara1:p00128	أبو علي بن الكاتب	75	0.86	matched
Muzaffar al-Qirmisini	65	urn:openiti:0465IbnHawazinQushayri.RisalaQushayriyya.JK009321-ara1:p00130	مظفر القرمسيني	75	0.95	matched
Abu Bakr ∏Abdallah b. Tahir al-Abhari	66	urn:openiti:0465IbnHawazinQushayri.RisalaQushayriyya.JK009321-ara1:p00132	أبو بكر عبد الله بن طاهر الأبهري	76	0.96	matched
Abu πl-Husayn b. Bunan	66	urn:openiti:0465IbnHawazinQushayri.RisalaQushayriyya.JK009321-ara1:p00134	أبو الحسين بن بنان	76	0.92	matched
Abu Ishaq Ibrahim b. Shayban al-Qirmisini	66	urn:openiti:0465IbnHawazinQushayri.RisalaQushayriyya.JK009321-ara1:p00136	أبو إسحاق إبراهيم بن شيبان القرمسيني	76	1.00	matched
Abu Bakr al-Husayn b. ∏Ali b. Yazdanyar	67	urn:openiti:0465IbnHawazinQushayri.RisalaQushayriyya.JK009321-ara1:p00138	أبو بكر الحسين بن علي بن يزدانيار	77	0.95	matched
Abu Sa∏id b. al-A∏rabi	67	urn:openiti:0465IbnHawazinQushayri.RisalaQushayriyya.JK009321-ara1:p00140	أبو سعيد بن الأعرابي	77	1.00	matched
Abu ∏Amr Muhammad b. Ibrahim al-Zajjaji al-Naysaburi	67	urn:openiti:0465IbnHawazinQushayri.RisalaQushayriyya.JK009321-ara1:p00142	أبو عمرو محمد بن إبراهيم الزجاجي النيسابوري	78	0.94	matched
Abu Muhammad Ja∏far b. Muhammad b. Nusayr	68	urn:openiti:0465IbnHawazinQushayri.RisalaQushayriyya.JK009321-ara1:p00144	أبو محمد جعفر بن محمد بن نصير	78	0.93	matched
Abu πl-∏Abbas al-Sayyari	68	urn:openiti:0465IbnHawazinQushayri.RisalaQushayriyya.JK009321-ara1:p00146	أبو العباس السياري	79	0.80	matched
Abu Bakr Muhammad b. Dawud al-Dinawari	68	urn:openiti:0465IbnHawazinQushayri.RisalaQushayriyya.JK009321-ara1:p00148	أبو بكر محمد بن داود الدينوري	79	0.96	matched
Abu Muhammad ∏Abdallah b. Muhammad al-Razi	69	urn:openiti:0465IbnHawazinQushayri.RisalaQushayriyya.JK009321-ara1:p00150	أبو محمد عبد الله بن محمد الرازي	79	0.90	matched
Abu ∏Amr Isma∏il b. Nujayd	69	urn:openiti:0465IbnHawazinQushayri.RisalaQushayriyya.JK009321-ara1:p00152	أبو عمرو إسماعيل بن نجيد	80	1.00	matched
Abu πl-Hasan ∏Ali b. Ahmad b. Sahl al-Bushanji	69	urn:openiti:0465IbnHawazinQushayri.RisalaQushayriyya.JK009321-ara1:p00154	أبو الحسن علي بن أحمد بن سهل البوشنجي	80	0.93	matched
Abu ∏Abdallah Muhammad b. Khafif al-Shirazi	70					gap
Abu πl-Husayn Bundar b. al-Husayn al-Shirazi	71	urn:openiti:0465IbnHawazinQushayri.RisalaQushayriyya.JK009321-ara1:p00156	أبو الحسين بندار بن الحسين الشيرازي	82	0.97	matched
Abu Bakr al-Tamastani	71	urn:openiti:0465IbnHawazinQushayri.RisalaQushayriyya.JK009321-ara1:p00158	أبو بكر الطمستاني	82	1.00	matched
Abu πl-∏Abbas Ahmad b. Muhammad al-Dinawari	71	urn:openiti:0465IbnHawazinQushayri.RisalaQushayriyya.JK009321-ara1:p00160	أبو العباس أحمد بن محمد الدينوري	83	0.89	matched
Abu ∏Uthman Sa∏id b. Sallam al-Maghribi	72	urn:openiti:0465IbnHawazinQushayri.RisalaQushayriyya.JK009321-ara1:p00162	أبو عثمان سعيد بن سلام المغربي	83	0.97	matched
Abu πl-Qasim Ibrahim b. Muhammad al-Nasrabadhi	72	urn:openiti:0465IbnHawazinQushayri.RisalaQushayriyya.JK009321-ara1:p00164	أبو القاسم إبراهيم بن محمد النصراباذي	84	0.94	matched
Abu πl-Hasan ‘Ali b. Ibrahim al-Husri al-Basri	73	urn:openiti:0465IbnHawazinQushayri.RisalaQushayriyya.JK009321-ara1:p00166	أبو الحسن علي بن إبراهيم الحصري البقري	85	0.87	matched
Abu ∏Abdallah Ahmad b. ∏Ataπ al-Rudhbari	73	urn:openiti:0465IbnHawazinQushayri.RisalaQushayriyya.JK009321-ara1:p00168	أبو عبد الله بن أحمد بن عطاء الروذباري	85	0.96	matched
The [mystical] moment (waqt)	75	urn:openiti:0465IbnHawazinQushayri.RisalaQushayriyya.JK009321-ara1:p00172	الوقت	88	1.00	matched
The [mystical] station (maqam)	77	urn:openiti:0465IbnHawazinQushayri.RisalaQushayriyya.JK009321-ara1:p00174	المقام	90	1.00	matched
The [mystical] state (hal)	78	urn:openiti:0465IbnHawazinQushayri.RisalaQushayriyya.JK009321-ara1:p00176	الحال	91	1.00	matched
Contraction (qabd) and expansion (bast)	79	urn:openiti:0465IbnHawazinQushayri.RisalaQushayriyya.JK009321-ara1:p00178	القبض والبسط	92	0.92	matched
Awe (hayba) and intimacy (uns)	81	urn:openiti:0465IbnHawazinQushayri.RisalaQushayriyya.JK009321-ara1:p00180	الهيبة والأنس	94	0.80	matched
[The states of] ecstatic behavior (tawajud), ecstatic rapture (wajd), and ecstatic finding (wujud)	83	urn:openiti:0465IbnHawazinQushayri.RisalaQushayriyya.JK009321-ara1:p00182	التواجد والوجد والوجود	95	0.88	matched
Unification (jam∏) and separation (farq)	87	urn:openiti:0465IbnHawazinQushayri.RisalaQushayriyya.JK009321-ara1:p00184	الجمع والفرق	99	0.91	matched
The unification of unification (jam∏ al-jam∏)	88	urn:openiti:0465IbnHawazinQushayri.RisalaQushayriyya.JK009321-ara1:p00186	جمع الجمع	100	1.00	matched
Annihilation (fanaπ) and subsistence (baqaπ) [in God]	89	urn:openiti:0465IbnHawazinQushayri.RisalaQushayriyya.JK009321-ara1:p00190	الفناء واليقاء	101	0.75	matched
Absence (ghayba) and presence (hudur)	91	urn:openiti:0465IbnHawazinQushayri.RisalaQushayriyya.JK009321-ara1:p00192	الغيبة والحضور	103	0.86	matched
Sobriety (sahw) and drunkenness (sukr)	93	urn:openiti:0465IbnHawazinQushayri.RisalaQushayriyya.JK009321-ara1:p00194	الصحو والسكر	105	0.91	matched
Tasting (dhawq) and drinking (shurb)	95	urn:openiti:0465IbnHawazinQushayri.RisalaQushayriyya.JK009321-ara1:p00196	الذوق والشرب	107	0.93	matched
Erasure (mahw) and affirmation (ithbat)	96	urn:openiti:0465IbnHawazinQushayri.RisalaQushayriyya.JK009321-ara1:p00198	المحو والإثبات	108	0.92	matched
Concealment (satr) and [self-]manifestation (tajalli)	96	urn:openiti:0465IbnHawazinQushayri.RisalaQushayriyya.JK009321-ara1:p00200	الستر والتجلي	109	0.86	matched
Presence (muhadara), unveiling (mukashafa) and witnessing (mushahada)	97	urn:openiti:0465IbnHawazinQushayri.RisalaQushayriyya.JK009321-ara1:p00202	المحاضرة والمكاشفة والمشاهدة	110	0.85	matched
Glimmers (lawaπih), dawnings (tawali∏) and flashes (lawami∏)	99	urn:openiti:0465IbnHawazinQushayri.RisalaQushayriyya.JK009321-ara1:p00204	اللوائح ، والطوالع ، واللوامع	111	0.86	matched
[Unexpected] raids (bawadih) and attacks (hujum)	100	urn:openiti:0465IbnHawazinQushayri.RisalaQushayriyya.JK009321-ara1:p00206	البداوه والهجوم	113	0.92	matched
Inconstancy (talwin) and stability (tamkin)	100	urn:openiti:0465IbnHawazinQushayri.RisalaQushayriyya.JK009321-ara1:p00208	التلوين والتمكين	113	0.93	matched
Proximity (qurb) and distance (bu∏d)	103	urn:openiti:0465IbnHawazinQushayri.RisalaQushayriyya.JK009321-ara1:p00210	القرب والبعد	115	0.91	matched
The [Divine] Law (shari∏a) and the True Reality (haqiqa)	105	urn:openiti:0465IbnHawazinQushayri.RisalaQushayriyya.JK009321-ara1:p00212	الشريعة والحقيقة	117	0.80	matched
Breath (nafas)	105	urn:openiti:0465IbnHawazinQushayri.RisalaQushayriyya.JK009321-ara1:p00214	النفس	118	1.00	matched
Thoughts (khawatir)	106	urn:openiti:0465IbnHawazinQushayri.RisalaQushayriyya.JK009321-ara1:p00216	الخواطر	118	1.00	matched
Certain knowledge (∏ilm al-yaqin), the essence of certainty (∏ayn al-yaqin) and the truth of certainty (haqq al-yaqin)	107	urn:openiti:0465IbnHawazinQushayri.RisalaQushayriyya.JK009321-ara1:p00218	علم اليقين وعين القين وحق اليقين	120	0.96	matched
Occurrence (warid)	108	urn:openiti:0465IbnHawazinQushayri.RisalaQushayriyya.JK009321-ara1:p00220	الوارد	120	1.00	matched
Witness (shahid)	108	urn:openiti:0465IbnHawazinQushayri.RisalaQushayriyya.JK009321-ara1:p00222	الشاهد	121	1.00	matched
The soul (nafs)	109	urn:openiti:0465IbnHawazinQushayri.RisalaQushayriyya.JK009321-ara1:p00224	النفس	122	1.00	matched
The spirit (ruh)	110	urn:openiti:0465IbnHawazinQushayri.RisalaQushayriyya.JK009321-ara1:p00226	الروح	123	1.00	matched
The innermost self (sirr)	110	urn:openiti:0465IbnHawazinQushayri.RisalaQushayriyya.JK009321-ara1:p00228	السر	123	0.80	matched
Chapter 3 The [mystical] stations (maqamat)	111					gap
Repentance (tawba)	111	urn:openiti:0465IbnHawazinQushayri.RisalaQushayriyya.JK009321-ara1:p00230	باب التوبة	125	0.57	matched
Striving (mujahada)	118	urn:openiti:0465IbnHawazinQushayri.RisalaQushayriyya.JK009321-ara1:p00232	باب المجاهدة	132	0.73	matched
Retreat (khalwa) and seclusion (∏uzla)	122	urn:openiti:0465IbnHawazinQushayri.RisalaQushayriyya.JK009321-ara1:p00234	باب الخلوة والعزلة	136	0.67	matched
Fear of God (taqwa)	125	urn:openiti:0465IbnHawazinQushayri.RisalaQushayriyya.JK009321-ara1:p00236	باب التقوى	140	0.67	matched
Scrupulousness (wara∏)	129	urn:openiti:0465IbnHawazinQushayri.RisalaQushayriyya.JK009321-ara1:p00238	باب الورع	145	0.50	matched
Renunciation (zuhd)	134	urn:openiti:0465IbnHawazinQushayri.RisalaQushayriyya.JK009321-ara1:p00240	باب الزهد	150	0.75	matched
Silence (samt)	138	urn:openiti:0465IbnHawazinQushayri.RisalaQushayriyya.JK009321-ara1:p00242	باب الصمت	155	0.75	matched
Fear (khawf )	142	urn:openiti:0465IbnHawazinQushayri.RisalaQushayriyya.JK009321-ara1:p00244	باب الخوف	160	0.75	matched
Hope (rajaπ)	148					gap
Sadness (huzn)	155	urn:openiti:0465IbnHawazinQushayri.RisalaQushayriyya.JK009321-ara1:p00246	باب الحزن	173	0.75	matched
Hunger (ju∏) and the abandonment of [carnal] desire (shahwa)	157	urn:openiti:0465IbnHawazinQushayri.RisalaQushayriyya.JK009321-ara1:p00248	باب الجوع وترك الشهوة	175	0.57	matched
Humility (khushu∏) and modesty (tawadu∏)	161	urn:openiti:0465IbnHawazinQushayri.RisalaQushayriyya.JK009321-ara1:p00250	باب الخشوع والتواضع	180	0.80	matched
Opposing the soul (mukhalafat al-nafs) and remembering its faults (dhikr ∏uyubiha)	167	urn:openiti:0465IbnHawazinQushayri.RisalaQushayriyya.JK009321-ara1:p00252	باب مخالفة النفس وذكر عيوبها	187	0.88	matched
Envy (hasad)	170					gap
Backbiting (ghiba)	172	urn:openiti:0465IbnHawazinQushayri.RisalaQushayriyya.JK009321-ara1:p00254	باب الغيبة	193	0.67	matched
Contentment (qana∏a)	175	urn:openiti:0465IbnHawazinQushayri.RisalaQushayriyya.JK009321-ara1:p00256	باب القناعة	195	0.57	matched
Trust in God (tawakkul)	178	urn:openiti:0465IbnHawazinQushayri.RisalaQushayriyya.JK009321-ara1:p00258	باب التوكل	198	0.67	matched
Gratitude (shukr)	188	urn:openiti:0465IbnHawazinQushayri.RisalaQushayriyya.JK009321-ara1:p00260	باب الشكر	209	0.80	matched
Certainty (yaqin)	193	urn:openiti:0465IbnHawazinQushayri.RisalaQushayriyya.JK009321-ara1:p00262	باب اليقين	213	0.67	matched
Patience (sabr)	196	urn:openiti:0465IbnHawazinQushayri.RisalaQushayriyya.JK009321-ara1:p00264	باب الصبر	217	0.75	matched
Awareness [of God] (muraqaba)	202	urn:openiti:0465IbnHawazinQushayri.RisalaQushayriyya.JK009321-ara1:p00266	باب المراقبة	223	0.73	matched
Satisfaction (rida)	205	urn:openiti:0465IbnHawazinQushayri.RisalaQushayriyya.JK009321-ara1:p00268	باب الرضا	226	0.67	matched
Servanthood (∏ubudiyya)	210	urn:openiti:0465IbnHawazinQushayri.RisalaQushayriyya.JK009321-ara1:p00270	باب العبودية	231	0.57	matched
Desire (irada)	213	urn:openiti:0465IbnHawazinQushayri.RisalaQushayriyya.JK009321-ara1:p00272	باب الإرادة	234	0.57	matched
Uprightness (istiqama)	217	urn:openiti:0465IbnHawazinQushayri.RisalaQushayriyya.JK009321-ara1:p00274	باب الاستقامة	238	0.73	matched
Sincerity (ikhlas)	220	urn:openiti:0465IbnHawazinQushayri.RisalaQushayriyya.JK009321-ara1:p00276	باب الإخلاص	241	0.80	matched
Truthfulness (sidq)	222	urn:openiti:0465IbnHawazinQushayri.RisalaQushayriyya.JK009321-ara1:p00278	باب الصدق	244	0.75	matched
Shame (haya)	226	urn:openiti:0465IbnHawazinQushayri.RisalaQushayriyya.JK009321-ara1:p00280	باب الحياء	248	0.50	matched
Freedom (hurriyya)	229	urn:openiti:0465IbnHawazinQushayri.RisalaQushayriyya.JK009321-ara1:p00282	باب الحرية	251	0.50	matched
Remembrance (dhikr)	232	urn:openiti:0465IbnHawazinQushayri.RisalaQushayriyya.JK009321-ara1:p00284	باب الذكر	254	0.80	matched
Chivalry (futuwwa)	237	urn:openiti:0465IbnHawazinQushayri.RisalaQushayriyya.JK009321-ara1:p00286	باب الفتوة	259	0.57	matched
Spiritual insight (firasa)	242	urn:openiti:0465IbnHawazinQushayri.RisalaQushayriyya.JK009321-ara1:p00288	باب الفراسة	265	0.67	matched
Moral character (khuluq)	252	urn:openiti:0465IbnHawazinQushayri.RisalaQushayriyya.JK009321-ara1:p00290	باب الخلق	274	0.80	matched
Munificence (jud) and generosity (sakhaπ)	257	urn:openiti:0465IbnHawazinQushayri.RisalaQushayriyya.JK009321-ara1:p00292	باب الجود والسخاء	279	0.77	matched
Jealousy (ghayra)	264	urn:openiti:0465IbnHawazinQushayri.RisalaQushayriyya.JK009321-ara1:p00294	باب الغيرة	286	0.67	matched
Friendship with God (wilaya)	268	urn:openiti:0465IbnHawazinQushayri.RisalaQushayriyya.JK009321-ara1:p00296	باب الولاية	291	0.40	weak
Supplicatory prayer (du∏aπ)	273	urn:openiti:0465IbnHawazinQushayri.RisalaQushayriyya.JK009321-ara1:p00298	باب الدعاء	294	0.50	matched
Poverty (faqr)	280	urn:openiti:0465IbnHawazinQushayri.RisalaQushayriyya.JK009321-ara1:p00300	باب الفقر	301	0.75	matched
Sufism (tasawwuf)	288	urn:openiti:0465IbnHawazinQushayri.RisalaQushayriyya.JK009321-ara1:p00302	باب التصوف	310	0.75	matched
Good manners (adab)	292	urn:openiti:0465IbnHawazinQushayri.RisalaQushayriyya.JK009321-ara1:p00304	باب الأدب	314	0.67	matched
The rules of travel (safar)	297	urn:openiti:0465IbnHawazinQushayri.RisalaQushayriyya.JK009321-ara1:p00306	باب أحكامهم في السفر	319	0.43	weak
Companionship (suhba)	302	urn:openiti:0465IbnHawazinQushayri.RisalaQushayriyya.JK009321-ara1:p00308	باب الصحبة	324	0.67	matched
The Oneness of God (tawhid)	306	urn:openiti:0465IbnHawazinQushayri.RisalaQushayriyya.JK009321-ara1:p00310	باب التوحيد	328	0.75	matched
How some Sufis [of old] behaved at the time of their departure from this world (ahwaluhum ∏inda πl-khuruj min al-dunya)	312	urn:openiti:0465IbnHawazinQushayri.RisalaQushayriyya.JK009321-ara1:p00312	باب أحوالهم عند الخروج من الدنيا	333	0.90	matched
Divine gnosis (al-ma∏rifa [bi-llah])	319	urn:openiti:0465IbnHawazinQushayri.RisalaQushayriyya.JK009321-ara1:p00314	باب المعرفة بالله	341	0.82	matched
Love (mahabba)	325	urn:openiti:0465IbnHawazinQushayri.RisalaQushayriyya.JK009321-ara1:p00316	باب المحبة	346	0.60	matched
Passionate longing (shawq)	335	urn:openiti:0465IbnHawazinQushayri.RisalaQushayriyya.JK009321-ara1:p00318	باب الشوق	356	0.75	matched
On how [God] protects the hearts of Sufi masters and on [the necessity of] not opposing them [in anything they do]	339	urn:openiti:0465IbnHawazinQushayri.RisalaQushayriyya.JK009321-ara1:p00320	باب حفظ قلوب المشايخ وترك الخلاف عليهم	360	0.26	weak
Listening to music (sama∏)	342	urn:openiti:0465IbnHawazinQushayri.RisalaQushayriyya.JK009321-ara1:p00322	باب السماع	362	0.67	matched
Miracles of God’s friends (karamat al-awliyaπ)	357	urn:openiti:0465IbnHawazinQushayri.RisalaQushayriyya.JK009321-ara1:p00324	باب كرامات الأولياء	377	0.83	matched
The vision of the Sufis (ruπyat al-qawm)	392	urn:openiti:0465IbnHawazinQushayri.RisalaQushayriyya.JK009321-ara1:p00344	باب رؤيا القوم	412	0.67	matched
Spiritual advice for Sufi novices (wasaya li πl-muridin)	403	urn:openiti:0465IbnHawazinQushayri.RisalaQushayriyya.JK009321-ara1:p00346	باب الوصية للمريدين	423	0.82	matched
