path	sha256	bytes	origin	original_name
annotations/mathnawi/frames/lion_hare.json	85f206939c9b933996cc2d06494054c16a3e6dad7376ccbd810df6e4bde66943	4000	project	mathnawi_frames_lion_hare.json
annotations/mathnawi/frames/merchant_parrot.json	8fb38f6fa60ab617dfcb140aaa7c0d274d44878a751ae7d6353c4b8df5523fd7	1510	project	mathnawi_frames_merchant_parrot.json
annotations/mathnawi/frames/umar_envoy.json	93e065f8857533a76694ad5b18409296ee1452c0699d2d2f985e1b9cf30cb085	855	project	mathnawi_frames_umar_envoy.json
annotations/mathnawi/hadith_check_pilot.json	2c6f3e1ddafe8f6e4ded266458625b627207325fcc91b32c2efb09c24b21cfe7	6899	project	mathnawi_pilot_hadith_check.json
apparatus/mathnawi/collation_pilot.tsv	4ae85e7b9714e5bb6b33dcb25b4eef7b7beb6461b71ca7a774faeac1b2789200	142460	project	mathnawi_collation_pilot.tsv
apparatus/mathnawi/konya/book1_differences.tsv	47d1aca32c8ade1d9f729d665cbbcf13de9ea6ec42ef23f711f3577a39dacdfc	23893	project	mathnawi_konya_book1_differences.tsv
apparatus/mathnawi/konya/book1_variants_konya_not_ganjoor.tsv	866678a61d70981cfd6331c0324d4843b9a1c048b8411ec7209c4929477ad43c	33782	project	mathnawi_book1_variants_konya_not_ganjoor.tsv
apparatus/mathnawi/konya/books2-6_konya_not_ganjoor.tsv	eccffa94ffb3b7e326ecbf3aee7b622dd211ef8c79e85c85794ef0beb5b42451	55564	project	mathnawi_books2-6_konya_not_ganjoor.tsv
catalogs/arabic_sources_survey.md	11d2d9dddbf750505ac9f3d3568b90eacc34f8098c3d7b3d2ae2c09deee4ccb3	4547	project	works_arabic_sources_survey.md
catalogs/ganjoor_survey.md	77ab043f3f929299b6dda36e0dce3cdf9498cdf073a2c08f45af17c464bcf7d0	2542	project	works_ganjoor_survey.md
catalogs/misc_catalog_v10.json	9c5faaf0db33c9d2d47433b3df3ce1bca0fc299df521ba94f8b6333c2b266937	9539	project	works_misc_catalog_v10.json
catalogs/openiti_catalog.json	81006c87db6cf89d055c57493d603cfd7496add568bc0fa13abfe8e8be2ee869	39234	project	works_openiti_catalog.json
catalogs/shamela_catalog.json	243e8fc16bc9670213bfc37f7cd99290f5659aff820c5a6b7dd4213f1b50e333	28764	v9	shamela_catalog.json
catalogs/shamela_catalog_v10.json	73f76d852d1637c805fe6ef3e0e89249034b0123ca80e3f8279ccde754107e74	2252	v10	shamela_catalog_v10.json
catalogs/shamela_manifest.json	d6ec48d5ca55631d30ea89fbb3747ee20fdb85dcd0caeeeb08f08bd574937a08	10904	project	works_shamela_manifest.json
catalogs/v10_manifest_bok.json	726778d65eb0860f0e63428a2b6ed36823b50483a16fa8833f51a397eaa0d984	1151	v10	manifest_bok.json
catalogs/v10_manifest_misc.json	4df6ff9a9e26bbc5f22ecfd4b1a8b81eef33a65828427f386cdb71ed9f6b8b4c	12023	v10	manifest_misc.json
catalogs/works_summary.json	db0c0a86be4e2662d9f3ac1fcccb8a0e593c3c72a12a33d26792655a93f2c21c	1616	project	works_works_summary.json
catalogs/works_summary_v7.json	9466b2f990ecc49fcd3b1a8c6aa80e815207b08dcd564942275a434691531edf	9515	project	works_works_summary_v7.json
corpus/ghazali/arbain.jsonl	c1bf85e579ccbf74c6386526bf24b42bdd11bd98e01fb7b7689988bcca680824	1281507	v9	ghazali.arbain.jsonl
corpus/ghazali/ihya_with_iraqi.jsonl	9ce1104657a9622288e4befcf9dd9bd4a7dd2875f8cf637204c7218388577b6c	20693171	v10	ghazali.ihya_with_iraqi.jsonl
corpus/ghazali/mukashafa.jsonl	21f1125cf064cdf716e84970947d200e7f04ae2e2760c8fdbd31d72f2b88f97f	2558758	v9	ghazali.mukashafa.jsonl
corpus/ibnarabi/anqa_mughrib.jsonl	b1e5cb91aac883a3a8a58842aa961a396f6ef94d2a9a5aa06e8a8688dc21d495	706081	v10	ibnarabi.anqa_mughrib.jsonl
corpus/ibnarabi/fusus.nizamaldin_ocr.jsonl	d7201e9bfdca58e03b8b522f76aef96e935736bd29c4b805ebe96df0147b02e5	2168977	v10	ibnarabi.fusus.nizamaldin_ocr.jsonl
corpus/ibnarabi/futuhat.arabiyya.jsonl	7ddbf79ce737e091e37368e1bed690eedcd657ba360ecc6ed6344819bc53eb52	34786465	v9	ibnarabi.futuhat.arabiyya.jsonl
corpus/ibnarabi/futuhat.mansub_ocr.jsonl	a721b7dff66d890cd5c334ea0b069789d3dcf9e332a6b57681c6c146b311cf99	42670097	v10	ibnarabi.futuhat.mansub_ocr.jsonl
corpus/ibnarabi/inshadawair_uqla_tadbirat.jsonl	4e906bb3f0d351ac319b2b7dee59602a787c1f80a91bc9ff67b68711457ba687	1670007	v10	ibnarabi.inshadawair_uqla_tadbirat.jsonl
corpus/ibnarabi/jami_naqd_nusus.jsonl	2d6bd3c3f7909c9469fdc777c14d22d0ca808ddbfe1e249b9e44540d7a3bbbd9	3497151	v9	ibnarabi.jami_naqd_nusus.jsonl
corpus/ibnarabi/jami_sharh_fusus.jsonl	55afb41d03d1e144c196ff2b25f5f82ab52f159272c0ce8c6413082ed677cc93	4327319	v9	ibnarabi.jami_sharh_fusus.jsonl
corpus/ibnarabi/khalwa.jsonl	18384ce9e00ef0985f2fe6f2f946cf620e0a477e8d4554accbac377e0b0a2a78	213091	v9	ibnarabi.khalwa.jsonl
corpus/ibnarabi/manzil_fahwaniyya.jsonl	59c06e8691d14cce54922626c791bbc81b23793de7a480e058f6ae255d90c5e0	387540	v10	ibnarabi.manzil_fahwaniyya.jsonl
corpus/ibnarabi/mubashshirat.jsonl	bb867c624c2369733050f95756b159c2b25f91f32426cad67e20ba2c0829a006	265587	v9	ibnarabi.mubashshirat.jsonl
corpus/ibnarabi/muhadarat_abrar.jsonl	febcea93ac6f4bb26c37b7f8663d4f84526553868e3c8dbe23da5a871346cbee	7499000	v10	ibnarabi.muhadarat_abrar.jsonl
corpus/ibnarabi/parsa_sharh_fusus.jsonl	806429a9ec21c44b54cb2f3cc7339d3a9f9775dade23689965ad40db09d37b8f	2878610	v10	ibnarabi.parsa_sharh_fusus.jsonl
corpus/ibnarabi/rahma.jsonl	f961fa0eb2a8fdb75474e6ee3accc03055705f111e4ab4551a2f0702fad0673c	17270330	v9	ibnarabi.rahma.jsonl
corpus/ibnarabi/rasail.abbas.jsonl	872135d003b289f06947a53b282f382c59b337e627a3503d5bae302dbf396f9f	1729753	v9	ibnarabi.rasail.abbas.jsonl
corpus/ibnarabi/rasail.ihya.jsonl	f703dd41fec70e9699238933661d1a227864b3dfdb249fbc67924bdf0e8aa275	3143626	v9	ibnarabi.rasail.ihya.jsonl
corpus/ibnarabi/rasail.mahajja.jsonl	3482311da639ffcbdad41f83872ae57543581918bed5821bb380b00ced80da0d	8911806	v9	ibnarabi.rasail.mahajja.jsonl
corpus/ibnarabi/rasail.uthmaniyya.jsonl	22e4e97947a8bee81ebbadd38f6506fac54a3896269569e16e77468f11f402ce	3155818	v9	ibnarabi.rasail.uthmaniyya.jsonl
corpus/ibnarabi/tafsir_qashani.jsonl	ab4991a3b63e83e7d53b0a5b260eb95f201d5d8c81517dd868d52ad59fca4f93	7926107	v9	ibnarabi.tafsir_qashani.jsonl
corpus/ibnarabi/taj_tarajim.jsonl	752ed5948bbfbef07003495e4d1434afe7d1005dc00048b599d38eda0e767f0a	384065	v10	ibnarabi.taj_tarajim.jsonl
corpus/ibnarabi/tajalliyat_ibnsawdakin.jsonl	7325b1a0838d64997855b527768122bcbd8954d2cb119397a3d3b5bfbdd30c13	3684199	v10	ibnarabi.tajalliyat_ibnsawdakin.jsonl
corpus/ibnarabi/tanazzulat_mawsiliyya.jsonl	336044fdcc0eefd0abb77728495786cfa3b2d1c97cf6d785fb0dc824036cfdc6	1710096	v10	ibnarabi.tanazzulat_mawsiliyya.jsonl
corpus/jilani/diwan.jsonl	da34cb4c3a0f765038b43ea37f3481f14ba5c4943bba3334aba1f22ad632a890	204997	v9	jilani.diwan.jsonl
corpus/jilani/fathrabbani.jsonl	c98dbe8070c5652a3a9e7f0c02943b349e9ecfac600cf92d5250571b2de4d4c8	2259743	v9	jilani.fathrabbani.jsonl
corpus/jilani/futuhghayb.azqul.jsonl	fe3d908e888d37bcbf894f341c7c59b74e19abbc2fbd4ded66353bddb8668cfe	907763	v9	jilani.futuhghayb.azqul.jsonl
corpus/jilani/futuhghayb.darwish.jsonl	bdc45319a0cd4991373d1f4e9e90c4e8ba556b2c73455696c1d61994f05d2ea6	1890477	v9	jilani.futuhghayb.darwish.jsonl
corpus/jilani/futuhghayb.ilmiyya.jsonl	5c8b7cdce9cffe9c6ceafb4365e7598e4946200ff3e5bb4169b0ffdd4c380f30	825710	v9	jilani.futuhghayb.ilmiyya.jsonl
corpus/jilani/qalaid.jsonl	bff9072ce0841c94ba2512d05007ae1b2ae18f5cca670330715f0e0dc7f8a680	1698906	v9	jilani.qalaid.jsonl
corpus/jilani/sayf.jsonl	f485317da6292d6fc8073e3524e02197a8f67212cbdaecbbcd12a6f3ec32c502	722094	v9	jilani.sayf.jsonl
corpus/jilani/sirrasrar.jsonl	4dbb66077ab5261cc9a23a99cf9bda45737df9d9131b8dec841a0a06978f61ff	389629	v9	jilani.sirrasrar.jsonl
corpus/mathnawi/book1.tsv	f4ad0af2eb81c611adc405409ec636bc7614777279f60bfb696dbd3429d46863	576914	project	mathnawi_mathnawi_book1.tsv
corpus/mathnawi/book2.tsv	1331afff1b8f44cb5dace806dd89e5997baa1da61413e28b0cc1a5f29fe15bac	541853	project	mathnawi_mathnawi_book2.tsv
corpus/mathnawi/book3.tsv	721dfd33d79c37c78dcd5b1b58c4ba85fa3ecf7faa5ab0a74545ce2f4f00ade7	684370	project	mathnawi_mathnawi_book3.tsv
corpus/mathnawi/book4.tsv	54a17297944a854a92ef77870124a38e6226883b1fccec8eb79f8cd23b4f0725	545405	project	mathnawi_mathnawi_book4.tsv
corpus/mathnawi/book5.tsv	af8bbc090589f9cee5c4679f4285a6fd006a0035479b41db0e21a34857f16b96	602415	project	mathnawi_mathnawi_book5.tsv
corpus/mathnawi/book6.tsv	cfa53042e5634f93da9dc03583a01c028750cb5107fd46c10dada6ff299ba5b9	697472	project	mathnawi_mathnawi_book6.tsv
corpus/openiti/0505Ghazali/0505Ghazali.AsnafMaghrurin.JK010255-ara1.jsonl	0dd82a70afadce1fbe4a111e8e75525a1dd9f66de4d96a0cfb6e3601a0d637a9	211334	v8	0505Ghazali.AsnafMaghrurin.JK010255-ara1.jsonl
corpus/openiti/0505Ghazali/0505Ghazali.AsnafMaghrurin.Shamela0009198-ara1.jsonl	b905723044e8e1e8530ab112f6c0d1bbfbfd0ac956caa7882a717f990e2937d0	260269	v8	0505Ghazali.AsnafMaghrurin.Shamela0009198-ara1.jsonl
corpus/openiti/0505Ghazali/0505Ghazali.BidayatHidaya.Shamela0012718-ara1.jsonl	332e1182e29c2d0570133ad2573f7e86a0f1ce01368f5cfd0e2191c6d9bee64e	523030	v8	0505Ghazali.BidayatHidaya.Shamela0012718-ara1.jsonl
corpus/openiti/0505Ghazali/0505Ghazali.Fadaih.JK000345-ara1.jsonl	1eccb92b3f1509e7ddc51fc8268e7e0b04ed35df2022149467a01a6686169fd7	1087335	v8	0505Ghazali.Fadaih.JK000345-ara1.jsonl
corpus/openiti/0505Ghazali/0505Ghazali.Fadaih.Rafed0003529-ara1.jsonl	e83882edef3938fcd48d672e83fd3cc8962247d6a591bc460ab0e37e6afa0b22	1989284	v8	0505Ghazali.Fadaih.Rafed0003529-ara1.jsonl
corpus/openiti/0505Ghazali/0505Ghazali.Fadaih.ShamAY0033901-ara1.jsonl	173a9b8b2bdb8e2bd81dc006943e3f1b0d53a27146944af8b8f427bdd1b3d79b	1630799	v8	0505Ghazali.Fadaih.ShamAY0033901-ara1.jsonl
corpus/openiti/0505Ghazali/0505Ghazali.Fadaih.Shamela0006554-ara1.jsonl	b3fc39cb041970c13d410a612bcbaabb748627f1f0a93dcd531d2da42f8899a4	1349664	v8	0505Ghazali.Fadaih.Shamela0006554-ara1.jsonl
corpus/openiti/0505Ghazali/0505Ghazali.IhyaCulumDin.JK000001-ara1.jsonl	fcfce2764ce5af5db178ae578cfe0e3f6c7e94dfda4e1cb54fa9642f9bafdf9e	26039773	v8	0505Ghazali.IhyaCulumDin.JK000001-ara1.jsonl
corpus/openiti/0505Ghazali/0505Ghazali.IhyaCulumDin.Shamela0009472-ara1.completed.jsonl	5b0964f51f5fea0445336489d5915912969156f95a27cd2cc6d481591ce5b555	29196245	v8	0505Ghazali.IhyaCulumDin.Shamela0009472-ara1.completed.jsonl
corpus/openiti/0505Ghazali/0505Ghazali.Iqtisad.JK009219-ara1.jsonl	3c7106bed1d84e1361f62aef93f6d1aa9815c5480d01fe1160235d99dd3482fe	999685	v8	0505Ghazali.Iqtisad.JK009219-ara1.jsonl
corpus/openiti/0505Ghazali/0505Ghazali.Iqtisad.Rafed0003312-ara1.jsonl	b745b75d38007e6b4dc87c389036133c6adff8e584c2f3a3e27311af94ee4677	1378275	v8	0505Ghazali.Iqtisad.Rafed0003312-ara1.jsonl
corpus/openiti/0505Ghazali/0505Ghazali.Iqtisad.Shamela0009217-ara1.jsonl	1b7f1f9cd7e834476074ec0ecf8cf22b8f8382d3984e4fe562a96044c0b0e132	1153877	v8	0505Ghazali.Iqtisad.Shamela0009217-ara1.jsonl
corpus/openiti/0505Ghazali/0505Ghazali.JawahirQuran.JK001110-ara1.jsonl	8af8560c508785ea2afa0dc7517e351a2fbad82b56d4f4bc07e47c7aed76014d	1006878	v8	0505Ghazali.JawahirQuran.JK001110-ara1.jsonl
corpus/openiti/0505Ghazali/0505Ghazali.JawahirQuran.Shamela0009883-ara1.jsonl	39568731dc0afe5f5be6b16b5cd5a2eee2cfe7ed7966fa09a10e93403f7eb762	1381137	v8	0505Ghazali.JawahirQuran.Shamela0009883-ara1.jsonl
corpus/openiti/0505Ghazali/0505Ghazali.KimiyaSacada.Shamela0009261-ara1.jsonl	56c452e0f3e4b2ad454eebe54767f9f42795bb43c9a872fbd7694dfffadfbfc0	139472	v8	0505Ghazali.KimiyaSacada.Shamela0009261-ara1.jsonl
corpus/openiti/0505Ghazali/0505Ghazali.MacarijQuds.JK000061-ara1.jsonl	ee46e09d65da2d383fa302cba317e11f4bc05beb92cbf5758638486c80093e60	1198158	v8	0505Ghazali.MacarijQuds.JK000061-ara1.jsonl
corpus/openiti/0505Ghazali/0505Ghazali.MacarijQuds.Shamela0006494-ara1.jsonl	5a1b6bb5269ba06bdeebf0d87d2059753c11777080a1afa3e4844a6abc9237de	1410925	v8	0505Ghazali.MacarijQuds.Shamela0006494-ara1.jsonl
corpus/openiti/0505Ghazali/0505Ghazali.MahkNazar.Shamela0026538-ara1.jsonl	22e844579d3d8547db1a7738b8a2ca546c32e8337114cd1945c5fbe51a744395	682307	v8	0505Ghazali.MahkNazar.Shamela0026538-ara1.jsonl
corpus/openiti/0505Ghazali/0505Ghazali.MajmucatRasail.Rafed0003457-ara1.jsonl	43c3932b8538f4ef46797a0ffb7f7e2dca8c2209f99640e73ac98856153aa4ee	7224412	v8	0505Ghazali.MajmucatRasail.Rafed0003457-ara1.jsonl
corpus/openiti/0505Ghazali/0505Ghazali.MajmucatRasail.ShamAY0034794-ara1.jsonl	0067709f896e5a0dc052cb74a6e5e2467d9d53ab9f4987ebbaa9cfcc71959c21	1381442	v8	0505Ghazali.MajmucatRasail.ShamAY0034794-ara1.jsonl
corpus/openiti/0505Ghazali/0505Ghazali.MajmucatRasail.ShamAY0034797-ara1.jsonl	68ac615e0fba55af2df704e6748c5f0b26743c972471990d319831c0300ae557	6799289	v8	0505Ghazali.MajmucatRasail.ShamAY0034797-ara1.jsonl
corpus/openiti/0505Ghazali/0505Ghazali.Mankhul.JK000155-ara1.jsonl	bfb354b463355b995a91c8758d5a5d2c6cd70cd0befe5d944da067e61e14d13b	2876313	v8	0505Ghazali.Mankhul.JK000155-ara1.jsonl
corpus/openiti/0505Ghazali/0505Ghazali.Mankhul.Shamela0003960-ara1.jsonl	7881de3ad034e6df4ee76441c6f1575e1d7780ce1ef963b01bb9661792471460	1837788	v8	0505Ghazali.Mankhul.Shamela0003960-ara1.jsonl
corpus/openiti/0505Ghazali/0505Ghazali.Mankhul.Shia002917-ara1.jsonl	cfe14edf0d53f9cb928b276e7c683f8b67db7f80c4c379ed832dd6a370d8e8c3	1294338	v8	0505Ghazali.Mankhul.Shia002917-ara1.jsonl
corpus/openiti/0505Ghazali/0505Ghazali.MaqasidFalasifa.ALCorpus00027-ara1.jsonl	f4c7d4afa2b6fceceba814dc3154a473a84d736f7dc972fe3e2146ad0b1e53d1	1315041	v8	0505Ghazali.MaqasidFalasifa.ALCorpus00027-ara1.jsonl
corpus/openiti/0505Ghazali/0505Ghazali.MaqsadAsna.JK000036-ara1.jsonl	04d44fbf0cd66881feb2bc9f671d14a14b2bb594a6bc8dc9e54a6fb2b3b62d02	956795	v8	0505Ghazali.MaqsadAsna.JK000036-ara1.jsonl
corpus/openiti/0505Ghazali/0505Ghazali.MaqsadAsna.Shamela0006465-ara1.jsonl	de9ba174ef4d917af54c339e10173fd9d6175aaaba4317118edd2dec693d73c4	1146206	v8	0505Ghazali.MaqsadAsna.Shamela0006465-ara1.jsonl
corpus/openiti/0505Ghazali/0505Ghazali.MicyarCilm.JK010716-ara1.jsonl	98882b52b930dffda330f45f1d871f6934a5ec2afa57211fa771c18b30077470	1262865	v8	0505Ghazali.MicyarCilm.JK010716-ara1.jsonl
corpus/openiti/0505Ghazali/0505Ghazali.MicyarCilm.Shamela0026575-ara1.jsonl	6d848b07ddf27422fe3e1cac0e817d2691d2f05783d7a4254ebd4bed9284dcb7	1633581	v8	0505Ghazali.MicyarCilm.Shamela0026575-ara1.jsonl
corpus/openiti/0505Ghazali/0505Ghazali.MihakkNazar.EScr20230404140902-ara1.jsonl	fac0bc8749d50223de2218d490796429ed590cbc42b5acaa4d438e3a08efe09f	1411852	v8	0505Ghazali.MihakkNazar.EScr20230404140902-ara1.jsonl
corpus/openiti/0505Ghazali/0505Ghazali.MinhajCabidin.Kraken220414225509-ara1.jsonl	7f342778944abdbefbf98b69dd233d90399435da782934679b9a910c7c8f5143	1783496	v8	0505Ghazali.MinhajCabidin.Kraken220414225509-ara1.jsonl
corpus/openiti/0505Ghazali/0505Ghazali.MishkatAnwar.JK009401-ara1.jsonl	a4de1d3f07e520e38350f261df37e6b91ceccc8a8db811897a70d7ad73b8aa91	231864	v8	0505Ghazali.MishkatAnwar.JK009401-ara1.jsonl
corpus/openiti/0505Ghazali/0505Ghazali.MishkatAnwar.Shamela0012421-ara1.jsonl	43302b82d826f0cfe82562074500f41b55c4d1af3b1bece1756193420cb093cd	620447	v8	0505Ghazali.MishkatAnwar.Shamela0012421-ara1.jsonl
corpus/openiti/0505Ghazali/0505Ghazali.MizanCamal.JK009289-ara1.jsonl	9dd0c313dd1d6aaeaf9a2def75e5fe01bd458e29d422b756f4089ad472e2dec6	711912	v8	0505Ghazali.MizanCamal.JK009289-ara1.jsonl
corpus/openiti/0505Ghazali/0505Ghazali.MizanCamal.Shamela0009264-ara1.jsonl	751cf671f34119c05b6bdbe91f6f64d6613240124f42580c64170add5fc5b2b4	1040246	v8	0505Ghazali.MizanCamal.Shamela0009264-ara1.jsonl
corpus/openiti/0505Ghazali/0505Ghazali.Munqidh.JK009330-ara1.jsonl	9a2a1ce93187f3c73303a0c954c85a5f64945614dd48a8dc0097ee3f5c001dbc	237279	v8	0505Ghazali.Munqidh.JK009330-ara1.jsonl
corpus/openiti/0505Ghazali/0505Ghazali.Munqidh.ShamAY0033739-ara1.jsonl	edabbed63e12939235d5c01ecb9b4ec446e84c6e63381da5a09d3078953179ad	298765	v8	0505Ghazali.Munqidh.ShamAY0033739-ara1.jsonl
corpus/openiti/0505Ghazali/0505Ghazali.Munqidh.Shamela0009246-ara1.jsonl	c2a545ded38a5a519ef0a5b902154e9be7604b8a7b0e3d05558011a609d77d32	385470	v8	0505Ghazali.Munqidh.Shamela0009246-ara1.jsonl
corpus/openiti/0505Ghazali/0505Ghazali.Mustasfa.JK000276-ara1.jsonl	f059d8252cda2f062720febbb2366d1bef9e581a756aa2636725dc0920c4d037	4336718	v8	0505Ghazali.Mustasfa.JK000276-ara1.jsonl
corpus/openiti/0505Ghazali/0505Ghazali.Mustasfa.ShamAY0034180-ara1.jsonl	5d061344a9298f6888f3ba8f8176c60028b540a4d9043036d706f03c728e04f0	7097654	v8	0505Ghazali.Mustasfa.ShamAY0034180-ara1.jsonl
corpus/openiti/0505Ghazali/0505Ghazali.Mustasfa.Shamela0005459-ara1.jsonl	541f44b97f0172d77b21bc54e21ab0ad68896c852ecb1ef1af4915e1ac027018	5560004	v8	0505Ghazali.Mustasfa.Shamela0005459-ara1.jsonl
corpus/openiti/0505Ghazali/0505Ghazali.Mustasfa.Shia002916-ara1.jsonl	dc2e79fa3620c1a16e241c1ae2944af92c9db85cc6eb93c5675f1e6a4254375f	4182319	v8	0505Ghazali.Mustasfa.Shia002916-ara1.jsonl
corpus/openiti/0505Ghazali/0505Ghazali.QawacidCaqaid.JK000954-ara1.jsonl	d63b8b65dfc047f4272fbfbc2e346576c4e7b36b09e05cbb8aa23be1fa7d90db	721914	v8	0505Ghazali.QawacidCaqaid.JK000954-ara1.jsonl
corpus/openiti/0505Ghazali/0505Ghazali.QawacidCaqaid.Shamela0006397-ara1.jsonl	9fcb26d0ee619ed46477ee123c5d8420c5a636b6de64f66653053422ccfcd117	940059	v8	0505Ghazali.QawacidCaqaid.Shamela0006397-ara1.jsonl
corpus/openiti/0505Ghazali/0505Ghazali.RaddJamil.ShamAY0033896-ara1.jsonl	2e5968bb7e05ba08635ecbf0f9f0a1ffe6ac4ae8fbd6e9d32d6fa6dcdcd27a5d	522374	v8	0505Ghazali.RaddJamil.ShamAY0033896-ara1.jsonl
corpus/openiti/0505Ghazali/0505Ghazali.ShifaGhalil.Sham19Y0017827-ara1.jsonl	fb0ab5a3ce866eb6057e26f64b4e674a888e3d4163c0bda600503930894449cb	3609313	v8	0505Ghazali.ShifaGhalil.Sham19Y0017827-ara1.jsonl
corpus/openiti/0505Ghazali/0505Ghazali.SirrCalamin.JK009402-ara1.jsonl	7922958904a66f9bafc99b4ab98ccea00669e392b4f383540909a64d39311880	498318	v8	0505Ghazali.SirrCalamin.JK009402-ara1.jsonl
corpus/openiti/0505Ghazali/0505Ghazali.SirrCalamin.JK010240-ara1.jsonl	448179490bdb6a4dba095e2f83af6519e0174c317fd9e3d37d31e8ed817d7ea7	666560	v8	0505Ghazali.SirrCalamin.JK010240-ara1.jsonl
corpus/openiti/0505Ghazali/0505Ghazali.Tahafut.Shamela0011055-ara1.jsonl	2cc9985289459144bb36d7b404f6f2153cbff9e2a5a1c1e20bb674073cede649	1822451	v8	0505Ghazali.Tahafut.Shamela0011055-ara1.jsonl
corpus/openiti/0505Ghazali/0505Ghazali.TibrMasbuk.Shamela0004129-ara1.jsonl	2272ef1425a560c50c08c7a45f4e40db2d433e48ca36385e8834913fdc843b44	950694	v8	0505Ghazali.TibrMasbuk.Shamela0004129-ara1.jsonl
corpus/openiti/0505Ghazali/0505Ghazali.Wasit.JK000309-ara1.jsonl	3d29d1b4a89fa83b98fded302a3b365545a45e9e73a9170cd5b5e1ba90484da7	15321051	v8	0505Ghazali.Wasit.JK000309-ara1.jsonl
corpus/openiti/0505Ghazali/0505Ghazali.Wasit.Shamela0006128-ara1.jsonl	b7e04fb0661a995e248d33e024a26fac00287d6e1d8a56ac6eac65f13fa91513	18886800	v8	0505Ghazali.Wasit.Shamela0006128-ara1.jsonl
corpus/openiti/0561CabdQadirJilani/0561CabdQadirJilani.AdabSuluk.EScr20120913-ara1.jsonl	b5320af5fdab8e4df4cb4a3f48d3fbabe2dd96c8b92f308d9f38848de5880ded	611843	v8	0561CabdQadirJilani.AdabSuluk.EScr20120913-ara1.jsonl
corpus/openiti/0561CabdQadirJilani/0561CabdQadirJilani.Diwan.Kraken22021606121600-ara1.jsonl	15dc6f0022bf9f013c3f670b0dc8045b3917ae2f58023f277fd07658142f07b9	1303676	v8	0561CabdQadirJilani.Diwan.Kraken22021606121600-ara1.jsonl
corpus/openiti/0561CabdQadirJilani/0561CabdQadirJilani.Ghunya.Sham19Y0017817-ara1.jsonl	51204eee4355741cc1f01605f9bbd3a274a194cdee6ed4db2f43352a52b2e24a	7827588	v8	0561CabdQadirJilani.Ghunya.Sham19Y0017817-ara1.jsonl
corpus/openiti/0561CabdQadirJilani/0561CabdQadirJilani.JalaKhatir.Kraken22021606122302-ara1.jsonl	84d4cb223fbbb10b708fd6d7e3f27c97cd4043cb6f8ca16060bce66c2de2b0ca	1175956	v8	0561CabdQadirJilani.JalaKhatir.Kraken22021606122302-ara1.jsonl
corpus/openiti/0561CabdQadirJilani/0561CabdQadirJilani.SirrAsrar.Kraken22021606122001-ara1.jsonl	d519d6fa348b6d4bb4b70d2e8e9c72f4c5ec5b3f59bf464cf779609f9d4ae084	809791	v8	0561CabdQadirJilani.SirrAsrar.Kraken22021606122001-ara1.jsonl
corpus/openiti/0561CabdQadirJilani/0561CabdQadirJilani.Tafsir.Tafsir03095-ara1.jsonl	4dbbcd6dd042825db48b8cd77b1cf0b2eb1dd0733b544561c0ad57ac53e1d32b	15665828	v8	0561CabdQadirJilani.Tafsir.Tafsir03095-ara1.jsonl
corpus/openiti/0561CabdQadirJilani/0561CabdQadirJilani.Tariq.Kraken22021606122002-ara1.jsonl	2f456198a2896fd3b91aa0ba07628b8bb17e87f551181b4ed268c77739b06502	456132	v8	0561CabdQadirJilani.Tariq.Kraken22021606122002-ara1.jsonl
corpus/openiti/0638IbnCarabi/0638IbnCarabi.Diwan.JK007629-ara1.jsonl	634deed4e0d91fa38634443b20b473f3e58d1783110c16e14b06967731aa832e	6238372	v8	0638IbnCarabi.Diwan.JK007629-ara1.jsonl
corpus/openiti/0638IbnCarabi/0638IbnCarabi.FususHikam.Kraken21042913-ara1.mARkdown.jsonl	a79a62697e654f896d58e7c54221796e838f6fea58cb096aba73e981127e0438	1094264	v8	0638IbnCarabi.FususHikam.Kraken21042913-ara1.mARkdown.jsonl
corpus/openiti/0638IbnCarabi/0638IbnCarabi.FutuhatMakkiyya.JK009237-ara1.jsonl	3d3ac94901372ee61e0719074403da3387d17db6d0ddfcb28ad824bbf9655364	40550005	v8	0638IbnCarabi.FutuhatMakkiyya.JK009237-ara1.jsonl
corpus/openiti/0638IbnCarabi/0638IbnCarabi.FutuhatMakkiyya.Shia004687Vols-ara1.jsonl	949126176c89c1c9bff7bca492851b4914d01d802ca080b31dfef8a064c2e2f4	33230831	v8	0638IbnCarabi.FutuhatMakkiyya.Shia004687Vols-ara1.jsonl
corpus/openiti/0638IbnCarabi/0638IbnCarabi.Isra.Kraken22020817055001-ara1.jsonl	0d952d7ea5ac69f90dbd3f640cb19fcada2396fed7af48ebab4979e9adb6b336	1620293	v8	0638IbnCarabi.Isra.Kraken22020817055001-ara1.jsonl
corpus/openiti/0638IbnCarabi/0638IbnCarabi.MasailLiIdah.AOCP20251104068-ara1.jsonl	c1d083cf420ba1bb9e9bca149732773d4b80a2094b1e08f75fff818930c860a7	925290	v8	0638IbnCarabi.MasailLiIdah.AOCP20251104068-ara1.jsonl
corpus/openiti/0638IbnCarabi/0638IbnCarabi.Tafsir.Shia002611Vols-ara1.jsonl	4a58a87321239f64a768d438b493d204eed7ee4343e56d529c6684b73c092b4f	6175654	v8	0638IbnCarabi.Tafsir.Shia002611Vols-ara1.jsonl
corpus/openiti/0638IbnCarabi/0638IbnCarabi.Tafsir.Tafsir03033-ara1.jsonl	8565ba196315874a83ebc637181e0a4cd4eced75bff96ac9248abaabac17c363	6786473	v8	0638IbnCarabi.Tafsir.Tafsir03033-ara1.jsonl
corpus/openiti/0638IbnCarabi/0638IbnCarabi.TajTarajim.Kraken220208170551-ara1.jsonl	e8332bda4beb637f5c99bd9e37195d20d188db83d9bb8fce9bea0350d5f98bb3	581667	v8	0638IbnCarabi.TajTarajim.Kraken220208170551-ara1.jsonl
docs/mathnawi/README.md	66c0fa4aa27b348cb5de888a9520d4f0fc613bda638012a1d9ce5ddfcfb555f8	7339	project	mathnawi_README.md
docs/mathnawi/SPEC_STATUS.md	8426bbdd8b261e3fead8099f6aab5f119d248babdb11aceae8e04f91670a5eb3	2870	project	mathnawi_SPEC_STATUS.md
pipeline/mathnawi/apply_nicholson.py	799bb98772f45919936a7b7df818ad056567d5343791662fdb6916a9a147c094	1929	project	mathnawi_apply_nicholson.py
pipeline/mathnawi/fetch_konya_pages.py	5cc62a9ce4cbf55151147aeac0ab53250a36e083a2c03240a8385ff2490fed85	1435	chat	fetch_konya_pages.py
pipeline/mathnawi/ingest_full.py	c45bd3dc924130da819c30633304fdc698235b518fe9e25e854ff4d683cb2fd0	7331	project	mathnawi_ingest_full.py
pipeline/mathnawi/ingest_mathnawi.py	8f588d709643416592d1aeb948b136e571d1a9f08683b53cff647ffc5054a472	6303	project	mathnawi_ingest_mathnawi.py
pipeline/mathnawi/ingest_pilot.py	8d25a1fc49484175a22875feb9bdf4338d93df268c1d17e8af5b15c65f19f3ec	9451	project	mathnawi_ingest_pilot.py
pipeline/repo/add_works_batch.py	9a2b93e1f36a09ba5986c7f6105f28c5cff5d734f3b1fe12a6080e07ce6aa037	4866	chat	add_works_batch.py
pipeline/repo/build_library_repo.py	2b86b8b3220ba58b72d6633e25309f299e17641b945db9d32bcd71edeef06963	10607	chat	build_library_repo.py
pipeline/works/ingest_misc.py	4673b849cbefd1577e2700a0d38aa4370fed3756a9e4ce51ee21c84530322e88	3585	project	works_ingest_misc.py
pipeline/works/ingest_openiti.py	6b0fa98cc00d45ef8fb710d0c344af332764dcedfa09c8fae76204f9ec7d40e3	6082	project	works_ingest_openiti.py
pipeline/works/ingest_shamela.py	4dc01350300477340c672c8200861de08f1245ec7a40f58943f768f6b8d74efd	3579	project	works_ingest_shamela.py
pipeline/works/ingest_works.py	57404112cd422c42ec28357de565dbd1dc0b9c02a10ad4dddc4af116a888167b	5300	project	works_ingest_works.py
pipeline/works/ingest_works2.py	a9de7d41eb295a309bd75fde3540cdc55a5f78cee8c4cdc3eda20f266bcd6a5b	8941	project	works_ingest_works2.py
reports/mathnawi/batch02_report.json	48f3865e00d9167739534af162e17df976dd3d9710833afb36a4a23a2d2830e8	2587	project	mathnawi_batch02_report.json
reports/mathnawi/batch03_report.json	6f63970ce3dc80246714480a212c5dd10691408a2c8ac0b474845a614299e170	4247	project	mathnawi_batch03_report.json
reports/mathnawi/pilot_report.json	513807228356b598d4910aedbc3a1d3acb7027b6dff6fbe3c7bec7be9dce4cbd	9374	project	mathnawi_pilot_report.json
reports/mathnawi/summary.json	1b75b61ba21e8e9f97fa84cc1abbfacc4955ef4870556b39a961258dbc53ef21	803	project	mathnawi_mathnawi_summary.json
reports/mathnawi/warnings.json	0d368f86ff2eb7ef8eeccd757c3b7bd6d7628456f335709088197f2e1e5380d4	8863	project	mathnawi_mathnawi_warnings.json
sources/checksums/v10_SHA256SUMS	d4b52a126b4372290f9acf521264b1aa7c26ea55257a7a3eae36da487c87c197	6482	v10	SHA256SUMS
sources/checksums/v8_SHA256SUMS	d74a0ba9cea4691720868e0d6c5f87f0fed0c6d1ad96ef9a21b4af8427d89e25	16273	v8	v8_SHA256SUMS
sources/checksums/v9_SHA256SUMS	62cccfa911675d34ffc899e9276a8a5b46ea2e78ae0a2f7608b448e519038cb4	4397	v9	SHA256SUMS
sources/fusus/fusus_nizam_al-din_ahmad_text_dump.txt	24baf908c8d6a87d92c243432c67864f9c0cb43590026db163beade0bb9372be	1955482	project	Fusus_al-Hikam_ed__Sayyid_Nizam_al-Din_Ahmad.pdf (mislabeled; UTF-8 text)
sources/ocr/ibnarabi.fusus.nizamaldin_ocr__Fusus al-Hikam ed. Sayyid Nizam al-Din Ahmad_hocr_pageindex.json.gz	1edf8048cd779dd43bfb42a865e8f5b03dc56c1f028870bd783eb251853d3b7e	6141	v10	ibnarabi.fusus.nizamaldin_ocr__Fusus al-Hikam ed. Sayyid Nizam al-Din Ahmad_hocr_pageindex.json.gz
sources/ocr/ibnarabi.fusus.nizamaldin_ocr__Fusus al-Hikam ed. Sayyid Nizam al-Din Ahmad_hocr_searchtext.txt.gz	a3e02ab01cc5125535979af8888d0d1e65281848b119259dad0355197b1b0a36	328247	v10	ibnarabi.fusus.nizamaldin_ocr__Fusus al-Hikam ed. Sayyid Nizam al-Din Ahmad_hocr_searchtext.txt.gz
sources/ocr/ibnarabi.fusus.nizamaldin_ocr__Fusus al-Hikam ed. Sayyid Nizam al-Din Ahmad_page_numbers.json	c9854097e29044903564f4ed8e78fb4a1872a62b1731ed34d0cac8164a3908a5	93005	v10	ibnarabi.fusus.nizamaldin_ocr__Fusus al-Hikam ed. Sayyid Nizam al-Din Ahmad_page_numbers.json
sources/ocr/ibnarabi.futuhat.mansub_ocr__al-Futūḥāt al Makkīyah ed. Abd al-ʿAzīz Sulṭān al-Manṣūb_hocr_pageindex.json.gz	453e94f2f837b54914ada58f97316203d95d6e039b661bdc2d865ebdaa12a600	100179	v10	ibnarabi.futuhat.mansub_ocr__al-Futūḥāt al Makkīyah ed. Abd al-ʿAzīz Sulṭān al-Manṣūb_hocr_pageindex.json.gz
sources/ocr/ibnarabi.futuhat.mansub_ocr__al-Futūḥāt al Makkīyah ed. Abd al-ʿAzīz Sulṭān al-Manṣūb_hocr_searchtext.txt.gz	4b7f06c7c23ee37507a7ed83f2bf8e7f22d9f25de612382cbbd1c1c95054e7f7	6248985	v10	ibnarabi.futuhat.mansub_ocr__al-Futūḥāt al Makkīyah ed. Abd al-ʿAzīz Sulṭān al-Manṣūb_hocr_searchtext.txt.gz
sources/ocr/ibnarabi.futuhat.mansub_ocr__al-Futūḥāt al Makkīyah ed. Abd al-ʿAzīz Sulṭān al-Manṣūb_page_numbers.json	e15a7769835ad4840e591f530bb3729f99eb3f56b437f8d536622c778ee8e8d1	1492088	v10	ibnarabi.futuhat.mansub_ocr__al-Futūḥāt al Makkīyah ed. Abd al-ʿAzīz Sulṭān al-Manṣūb_page_numbers.json
sources/openiti/0505Ghazali/0505Ghazali.AsnafMaghrurin.JK010255-ara1	edf5045dc1949d0c684dafb87ed62038bb99b6c9214de2a0dc52796b65f0599b	67749	v8	0505Ghazali.AsnafMaghrurin.JK010255-ara1
sources/openiti/0505Ghazali/0505Ghazali.AsnafMaghrurin.Shamela0009198-ara1	69013f04ef2cc5b083dc601f0d98e60d8c5491a8d282cae851eac3e3721d713e	68598	v8	0505Ghazali.AsnafMaghrurin.Shamela0009198-ara1
sources/openiti/0505Ghazali/0505Ghazali.BidayatHidaya.Shamela0012718-ara1	15f75e3f926f249e3301143dad2ac4313b086527ac8dbcdf3252486a1f077263	145181	v8	0505Ghazali.BidayatHidaya.Shamela0012718-ara1
sources/openiti/0505Ghazali/0505Ghazali.Fadaih.JK000345-ara1	254cd774175cd5b9bc3a3e475ecdcbb2061bbd6a8987a8629a66a0a34a39dd0d	468417	v8	0505Ghazali.Fadaih.JK000345-ara1
sources/openiti/0505Ghazali/0505Ghazali.Fadaih.Rafed0003529-ara1	87347af6d8b0eeb3280cb0919065cb7e1d73ba93ef2323e93b0d33387dc0167d	540145	v8	0505Ghazali.Fadaih.Rafed0003529-ara1
sources/openiti/0505Ghazali/0505Ghazali.Fadaih.ShamAY0033901-ara1	4ab302aab9957c0d03d7dd9d3e79ae7bdc2d21c43dd76c856e85011ca05337af	538968	v8	0505Ghazali.Fadaih.ShamAY0033901-ara1
sources/openiti/0505Ghazali/0505Ghazali.Fadaih.Shamela0006554-ara1	eb446004807d363eeeb173c9b963bcc04fdf0512bd6e53fcd51939d3a280c6c8	468214	v8	0505Ghazali.Fadaih.Shamela0006554-ara1
sources/openiti/0505Ghazali/0505Ghazali.IhyaCulumDin.JK000001-ara1	0780031c3e4a55b65bdf45d7cca890869757cbedaa46a21273e9378428466018	9470821	v8	0505Ghazali.IhyaCulumDin.JK000001-ara1
sources/openiti/0505Ghazali/0505Ghazali.IhyaCulumDin.Shamela0009472-ara1.completed	e60d73c72033e5ca1be5ac3bf52f5fa5057aa4a3d1c750f26b9301b6b97e8997	7968487	v8	0505Ghazali.IhyaCulumDin.Shamela0009472-ara1.completed
sources/openiti/0505Ghazali/0505Ghazali.Iqtisad.JK009219-ara1	93c9bd3ed08956429d26e854192fed9ceecffb7178584cd955a15fb260591aff	432563	v8	0505Ghazali.Iqtisad.JK009219-ara1
sources/openiti/0505Ghazali/0505Ghazali.Iqtisad.Rafed0003312-ara1	c4b79454fecc61a2267c5b0210ba5eb0d55832925276338d35284d4ca4f91895	436025	v8	0505Ghazali.Iqtisad.Rafed0003312-ara1
sources/openiti/0505Ghazali/0505Ghazali.Iqtisad.Shamela0009217-ara1	b6a5ec16a25fc46ce6a27c3190d897d7a020955fe4317f707a46cb39d75a0d6f	430540	v8	0505Ghazali.Iqtisad.Shamela0009217-ara1
sources/openiti/0505Ghazali/0505Ghazali.JawahirQuran.JK001110-ara1	8d1116d602990373c9d9b23465cf68c7bfd6d8ea5abbeddf68f798b9f87bc23f	315344	v8	0505Ghazali.JawahirQuran.JK001110-ara1
sources/openiti/0505Ghazali/0505Ghazali.JawahirQuran.Shamela0009883-ara1	fef5199e6a7e5a3e3b44bfb6287689005659a2c41717eecd74ffaf33d0340582	327710	v8	0505Ghazali.JawahirQuran.Shamela0009883-ara1
sources/openiti/0505Ghazali/0505Ghazali.KimiyaSacada.Shamela0009261-ara1	4c4686376be6d3afe45f7160b972d2f7b90729348cda3c33b200cb791f95d4fb	34692	v8	0505Ghazali.KimiyaSacada.Shamela0009261-ara1
sources/openiti/0505Ghazali/0505Ghazali.MacarijQuds.JK000061-ara1	97b36b85a86f1f4190f59a22d7836a73303f766ee892ce070d8b5332d71ce2a8	396107	v8	0505Ghazali.MacarijQuds.JK000061-ara1
sources/openiti/0505Ghazali/0505Ghazali.MacarijQuds.Shamela0006494-ara1	c5ae3feb5499aec8e756417237fbba8c3f4092759aaa43dd07b3ba119489382d	396818	v8	0505Ghazali.MacarijQuds.Shamela0006494-ara1
sources/openiti/0505Ghazali/0505Ghazali.MahkNazar.Shamela0026538-ara1	95cdab63ddde01dc1b98ea760a31d38c8a82b74b79ab1801033914d2af2fa404	262934	v8	0505Ghazali.MahkNazar.Shamela0026538-ara1
sources/openiti/0505Ghazali/0505Ghazali.MajmucatRasail.Rafed0003457-ara1	285b88b4d297d2d9d8d5f0f409ba7fb2955e50adb1081a5f146d555d5747b3e3	2358013	v8	0505Ghazali.MajmucatRasail.Rafed0003457-ara1
sources/openiti/0505Ghazali/0505Ghazali.MajmucatRasail.ShamAY0034794-ara1	3b7c1c6641dc6010e17f9c4526a81efbaadd5aac8e30c5635230b4b312a464d8	402675	v8	0505Ghazali.MajmucatRasail.ShamAY0034794-ara1
sources/openiti/0505Ghazali/0505Ghazali.MajmucatRasail.ShamAY0034797-ara1	7f9d40435a1db70ceebce92a06b0f69405f3460f6679741ae6f90655e920bfb0	2324076	v8	0505Ghazali.MajmucatRasail.ShamAY0034797-ara1
sources/openiti/0505Ghazali/0505Ghazali.Mankhul.JK000155-ara1	93c52c9948ac41aeec3dce9c11b30b2c0f57a699c1592cbbf215672c20ad0eff	529948	v8	0505Ghazali.Mankhul.JK000155-ara1
sources/openiti/0505Ghazali/0505Ghazali.Mankhul.Shamela0003960-ara1	d9c2e0c87d9b440b19906b9a8b6b0edefa02e0d7c24c1d163d43c95ffd594671	530606	v8	0505Ghazali.Mankhul.Shamela0003960-ara1
sources/openiti/0505Ghazali/0505Ghazali.Mankhul.Shia002917-ara1	30166d9ebc3785c471f2480e0e75aad3ab40d84b508d3c23251e2da51b693541	527091	v8	0505Ghazali.Mankhul.Shia002917-ara1
sources/openiti/0505Ghazali/0505Ghazali.MaqasidFalasifa.ALCorpus00027-ara1	b452d98470c57431fb5b2f977b105f3024e4746535690f3b7e8a74075a6dea87	553621	v8	0505Ghazali.MaqasidFalasifa.ALCorpus00027-ara1
sources/openiti/0505Ghazali/0505Ghazali.MaqsadAsna.JK000036-ara1	38ae484e7f6a12366744b83b24a4edf971cfea27bfb9bcdcbe83391e3637f5fc	335454	v8	0505Ghazali.MaqsadAsna.JK000036-ara1
sources/openiti/0505Ghazali/0505Ghazali.MaqsadAsna.Shamela0006465-ara1	a1ac1c80ac46b20b9feba5bd8a3e77dabef4cb3c5d00a326f343a35109bd8322	335775	v8	0505Ghazali.MaqsadAsna.Shamela0006465-ara1
sources/openiti/0505Ghazali/0505Ghazali.MicyarCilm.JK010716-ara1	b8b0f6a177b89fdc88b873e958fbae88837a352d5fbc73ee29a61435dac4e28e	492146	v8	0505Ghazali.MicyarCilm.JK010716-ara1
sources/openiti/0505Ghazali/0505Ghazali.MicyarCilm.Shamela0026575-ara1	2ddf91651376fddd834fbf27ba14c532f3a32303eb1b82860fc2314fd3392259	496594	v8	0505Ghazali.MicyarCilm.Shamela0026575-ara1
sources/openiti/0505Ghazali/0505Ghazali.MihakkNazar.EScr20230404140902-ara1	9e54d050a9178392f48057738dd96796ddee094faff357bdb554e9e3cf6f5948	335935	v8	0505Ghazali.MihakkNazar.EScr20230404140902-ara1
sources/openiti/0505Ghazali/0505Ghazali.MinhajCabidin.Kraken220414225509-ara1	356a3efe3436094f59137e42bdb1f78bebcbb9a6351a022aecd62d49dd350dcb	583489	v8	0505Ghazali.MinhajCabidin.Kraken220414225509-ara1
sources/openiti/0505Ghazali/0505Ghazali.MishkatAnwar.JK009401-ara1	8d9ae6ec0d24a62b8e0cc4db9cc5ec9f59a84fa814742d63b9ba91fc1ab518fc	107510	v8	0505Ghazali.MishkatAnwar.JK009401-ara1
sources/openiti/0505Ghazali/0505Ghazali.MishkatAnwar.Shamela0012421-ara1	af3410bc2eb1dbe5fb448b53a617a602ba8077289d9cb3ab058486b9db3d3250	187966	v8	0505Ghazali.MishkatAnwar.Shamela0012421-ara1
sources/openiti/0505Ghazali/0505Ghazali.MizanCamal.JK009289-ara1	44e6aedc4b447bddbda761ac227189fe2e4cf54bb29ddbaaa86cfc457a009220	348298	v8	0505Ghazali.MizanCamal.JK009289-ara1
sources/openiti/0505Ghazali/0505Ghazali.MizanCamal.Shamela0009264-ara1	dd234466595603ddf423a93d8e96b334201aaed7aad6013e9c1f1e14092d324c	344288	v8	0505Ghazali.MizanCamal.Shamela0009264-ara1
sources/openiti/0505Ghazali/0505Ghazali.Munqidh.JK009330-ara1	f838132fadafa596be21e9a56d1c07501390d2ad4720af5e8f8c50623c683865	116426	v8	0505Ghazali.Munqidh.JK009330-ara1
sources/openiti/0505Ghazali/0505Ghazali.Munqidh.ShamAY0033739-ara1	3057288c30872f38b4083f09f0ed35562e408485e8d9585cd5259abe28369b6e	124328	v8	0505Ghazali.Munqidh.ShamAY0033739-ara1
sources/openiti/0505Ghazali/0505Ghazali.Munqidh.Shamela0009246-ara1	a9d2ea465cb311b05d0a263035ea51b877f0bd7dc0a53e247531481377b0695a	115477	v8	0505Ghazali.Munqidh.Shamela0009246-ara1
sources/openiti/0505Ghazali/0505Ghazali.Mustasfa.JK000276-ara1	b2d8334d398cd749ca20cbe6caeb0adfc34aaad09be1f2b78c9d4b077d0af98d	1762220	v8	0505Ghazali.Mustasfa.JK000276-ara1
sources/openiti/0505Ghazali/0505Ghazali.Mustasfa.ShamAY0034180-ara1	f70aa60ceacee596a6995e205484cdf96ace136b765e0f689cbc89510a3bed48	1797789	v8	0505Ghazali.Mustasfa.ShamAY0034180-ara1
sources/openiti/0505Ghazali/0505Ghazali.Mustasfa.Shamela0005459-ara1	59cda7d5424b26ab73aa2d7d8130d1fbe28fc465ab6075d759dc782ebe1697ac	1807610	v8	0505Ghazali.Mustasfa.Shamela0005459-ara1
sources/openiti/0505Ghazali/0505Ghazali.Mustasfa.Shia002916-ara1	d9c750b5e30a3079e18c87cc10c834c312d8320a6e4eac7f77b37dacf4a94a42	1793973	v8	0505Ghazali.Mustasfa.Shia002916-ara1
sources/openiti/0505Ghazali/0505Ghazali.QawacidCaqaid.JK000954-ara1	dd7304d76cbda28e0e127356300e60cbb090fb1f5f20b77a41dff17cc2b49fbc	188008	v8	0505Ghazali.QawacidCaqaid.JK000954-ara1
sources/openiti/0505Ghazali/0505Ghazali.QawacidCaqaid.Shamela0006397-ara1	86459653d6541b09915eafee26a52cfccd8107cd39b47637ae5b9effb47bbab4	187563	v8	0505Ghazali.QawacidCaqaid.Shamela0006397-ara1
sources/openiti/0505Ghazali/0505Ghazali.RaddJamil.ShamAY0033896-ara1	c03fc08e729e179068fe2b36e08ecc9f29b6956c851af5553359b755a3215b4d	136080	v8	0505Ghazali.RaddJamil.ShamAY0033896-ara1
sources/openiti/0505Ghazali/0505Ghazali.ShifaGhalil.Sham19Y0017827-ara1	ae3f74724fa111ce3b003a09ea372e36acad48bd1b902b4ba2097e654fcd4ff2	954687	v8	0505Ghazali.ShifaGhalil.Sham19Y0017827-ara1
sources/openiti/0505Ghazali/0505Ghazali.SirrCalamin.JK009402-ara1	b577e896f121be49b528d2c612d1a96cc94c68c849534891e571061374e04897	240300	v8	0505Ghazali.SirrCalamin.JK009402-ara1
sources/openiti/0505Ghazali/0505Ghazali.SirrCalamin.JK010240-ara1	a40961ae431b53f1694d3fe4c862098e465930d9382d996e8dd8172fde6e049e	238268	v8	0505Ghazali.SirrCalamin.JK010240-ara1
sources/openiti/0505Ghazali/0505Ghazali.Tahafut.Shamela0011055-ara1	be27fab1fae7e4d7cb511cbd2ed546d7c86f6317c29e7d4e14383bd58de9dfe1	486814	v8	0505Ghazali.Tahafut.Shamela0011055-ara1
sources/openiti/0505Ghazali/0505Ghazali.TibrMasbuk.Shamela0004129-ara1	ff13984ffa99db9010737b2cc237a67b59cd99bdab7f9081246e23b4d248e9e0	308416	v8	0505Ghazali.TibrMasbuk.Shamela0004129-ara1
sources/openiti/0505Ghazali/0505Ghazali.Wasit.JK000309-ara1	4ecb362f59420461e72c5c96076a44e90f50a6c844388adb21668f8f00948b5c	3897721	v8	0505Ghazali.Wasit.JK000309-ara1
sources/openiti/0505Ghazali/0505Ghazali.Wasit.Shamela0006128-ara1	ff924f9e5f9d455b125b584a24537c0a6e2bd60138ec694b3462e7e38344fe6d	3918154	v8	0505Ghazali.Wasit.Shamela0006128-ara1
sources/openiti/0561CabdQadirJilani/0561CabdQadirJilani.AdabSuluk.EScr20120913-ara1	01094ae7a14069f3ccfbfad41b2facd1972d1f8ce5eb0bd9d765cc2a9352215c	271785	v8	0561CabdQadirJilani.AdabSuluk.EScr20120913-ara1
sources/openiti/0561CabdQadirJilani/0561CabdQadirJilani.Diwan.Kraken22021606121600-ara1	251e2aa833ee30a0696bddc56a5fb4f9e24c92d2bb608c56f59a376bf5211a83	501733	v8	0561CabdQadirJilani.Diwan.Kraken22021606121600-ara1
sources/openiti/0561CabdQadirJilani/0561CabdQadirJilani.Ghunya.Sham19Y0017817-ara1	18b1a0732e64c61f14ee73ee48de8aca87bace578a9d8ccf39d0ccf2a89663f7	1847289	v8	0561CabdQadirJilani.Ghunya.Sham19Y0017817-ara1
sources/openiti/0561CabdQadirJilani/0561CabdQadirJilani.JalaKhatir.Kraken22021606122302-ara1	1eb5c3c9fd5549769103e029931bd48186e72fccee7d7b11bd5573627dcabfad	382553	v8	0561CabdQadirJilani.JalaKhatir.Kraken22021606122302-ara1
sources/openiti/0561CabdQadirJilani/0561CabdQadirJilani.SirrAsrar.Kraken22021606122001-ara1	e42e98b26de42b7397bda2a2813cf967b8d54e00773c526989199f0ee20e23d2	284968	v8	0561CabdQadirJilani.SirrAsrar.Kraken22021606122001-ara1
sources/openiti/0561CabdQadirJilani/0561CabdQadirJilani.Tafsir.Tafsir03095-ara1	8c46bb52e6a0f73a14a26d7362015f5f1e414ad5008a826b03bebd9de58d2085	5254667	v8	0561CabdQadirJilani.Tafsir.Tafsir03095-ara1
sources/openiti/0561CabdQadirJilani/0561CabdQadirJilani.Tariq.Kraken22021606122002-ara1	e9c520c66975f064160c9a3fd7d6c551ea90f62be3b06b575dbca3674ff020f7	114355	v8	0561CabdQadirJilani.Tariq.Kraken22021606122002-ara1
sources/openiti/0638IbnCarabi/0638IbnCarabi.Diwan.JK007629-ara1	fcb20c14fb511fa73cdf1ea2b960217baca39cdd0f426081bf6996a0baa5f376	961777	v8	0638IbnCarabi.Diwan.JK007629-ara1
sources/openiti/0638IbnCarabi/0638IbnCarabi.FususHikam.Kraken21042913-ara1.mARkdown	7d6ddfaab19c8585f602ee38f39829f3143a4f3631cafa44c876626f8723021c	397708	v8	0638IbnCarabi.FususHikam.Kraken21042913-ara1.mARkdown
sources/openiti/0638IbnCarabi/0638IbnCarabi.FutuhatMakkiyya.JK009237-ara1	7915a3d91936445dc48bfe6a5045966be49555a8f50349d9839d7a966f262aec	17313883	v8	0638IbnCarabi.FutuhatMakkiyya.JK009237-ara1
sources/openiti/0638IbnCarabi/0638IbnCarabi.FutuhatMakkiyya.Shia004687Vols-ara1	2e5668183ae04f5e21b3c59f50495c801a99c52459d8e1a737f14ca8b1712e56	16130399	v8	0638IbnCarabi.FutuhatMakkiyya.Shia004687Vols-ara1
sources/openiti/0638IbnCarabi/0638IbnCarabi.Isra.Kraken22020817055001-ara1	8096cf4550a24d45ad8ec81d3834eec8c017de3222945c5e68189b80de87bb19	563620	v8	0638IbnCarabi.Isra.Kraken22020817055001-ara1
sources/openiti/0638IbnCarabi/0638IbnCarabi.MasailLiIdah.AOCP20251104068-ara1	ca70c2fad778829bddc98b91fb0878a1b9faf7f035d8bffb976910c96e9120a5	300002	v8	0638IbnCarabi.MasailLiIdah.AOCP20251104068-ara1
sources/openiti/0638IbnCarabi/0638IbnCarabi.Tafsir.Shia002611Vols-ara1	8b58b38df30a0790a51538f4dc299229496142c3b515a91b7596ec04cfa8fae4	2350301	v8	0638IbnCarabi.Tafsir.Shia002611Vols-ara1
sources/openiti/0638IbnCarabi/0638IbnCarabi.Tafsir.Tafsir03033-ara1	44cda3a396361601a53cdb8f6a39fd0ba0b7e6c78768fe7f2b5707cc3c05558a	2283936	v8	0638IbnCarabi.Tafsir.Tafsir03033-ara1
sources/openiti/0638IbnCarabi/0638IbnCarabi.TajTarajim.Kraken220208170551-ara1	1e28b50b8a61b3ecff9d2d9c37f934b4db28a23eb5702ece6fa1f4035836e4b1	183945	v8	0638IbnCarabi.TajTarajim.Kraken220208170551-ara1
sources/shamela/ghazali.arbain.bok	95e524f768e33f8d905845969994e75ba8ed880f8afcd6b58ac8322bcf11d45e	546816	v9	ghazali.arbain.bok
sources/shamela/ghazali.ihya_with_iraqi.bok	077cb71006458b5641f072c383f966705621a6bf9d74c1487514426f43ddfd67	6957056	v10	ghazali.ihya_with_iraqi.bok
sources/shamela/ghazali.mukashafa.bok	b70f7a02f1605eaea12061ebee41fd3591ca5edc30d849975a5eb613e5bdbeb5	1054720	v9	ghazali.mukashafa.bok
sources/shamela/ibnarabi.futuhat.arabiyya.bok	f11045767a3e1982410a849f24a70b2e2944a7405af646a3e756478d50f98c66	10940416	v9	ibnarabi.futuhat.arabiyya.bok
sources/shamela/ibnarabi.jami_naqd_nusus.bok	567838de3f2caf9c1cc4048c61d1b5c694d1db6280484e1f4ff0ff50905ee4a2	1466368	v9	ibnarabi.jami_naqd_nusus.bok
sources/shamela/ibnarabi.jami_sharh_fusus.bok	99d01997cd0d2b1023f10b70d51ed0634880a3f0eb2eb4b9218c7642f0a3f80d	1941504	v9	ibnarabi.jami_sharh_fusus.bok
sources/shamela/ibnarabi.khalwa.bok	ac5d0d3fa26b4c83868bee9e287f5babd19debe08d32620d0b0be790610f03a9	235520	v9	ibnarabi.khalwa.bok
sources/shamela/ibnarabi.mubashshirat.bok	cd2900aedf4433f88d9ade9f5c2dbffd2fcb4fcdc86004ce2e62035a9d4c4d84	245760	v9	ibnarabi.mubashshirat.bok
sources/shamela/ibnarabi.parsa_sharh_fusus.bok	ed6d11a24868d97b5294b75df1e03ecc4662c2098be20bf01f6a6b94ea70d714	1323008	v10	ibnarabi.parsa_sharh_fusus.bok
sources/shamela/ibnarabi.rahma.bok	3b18a1ae3a10770150c9ad718347560d5aa7e800fef1d49d565f515152f5b11c	6463488	v9	ibnarabi.rahma.bok
sources/shamela/ibnarabi.rasail.abbas.bok	0b13fe87b6c1a39fd4ef178a1690757c8b328ae471f087c9bb9c58c2251ebb31	788480	v9	ibnarabi.rasail.abbas.bok
sources/shamela/ibnarabi.rasail.ihya.bok	7146f4fc6dc0fddd31b97376df3ee48e37eaeb25a5a94af94fa1b8bce0611520	1320960	v9	ibnarabi.rasail.ihya.bok
sources/shamela/ibnarabi.rasail.mahajja.bok	44184c8fa896c352aed95f2eff7a6ad0e12e03718311219c7672ba40cb07a109	3289088	v9	ibnarabi.rasail.mahajja.bok
sources/shamela/ibnarabi.rasail.uthmaniyya.bok	00e7e9210456adc241080de3d398e5edbbfb587113dc20625dd523f0a2fa1e42	1320960	v9	ibnarabi.rasail.uthmaniyya.bok
sources/shamela/ibnarabi.tafsir_qashani.bok	6beb47adba883a421eff91cc83dbc12592fd0f13d5e7d9ac6e0b1681a246af55	3428352	v9	ibnarabi.tafsir_qashani.bok
sources/shamela/jilani.diwan.bok	fd315aeecc043a9435b14aadc7c6ce49839e549ee0469e777157e0597699be03	239616	v9	jilani.diwan.bok
sources/shamela/jilani.fathrabbani.bok	96ac8c62803e7d638e1af1c150e8ad0f03df60c4517e67e8e96ff17de5a233f1	915456	v9	jilani.fathrabbani.bok
sources/shamela/jilani.futuhghayb.azqul.bok	c12b8e4cdee7a601d9909e7eb5816d183652d8d9c62d9d507968fe805d7a6d69	514048	v9	jilani.futuhghayb.azqul.bok
sources/shamela/jilani.futuhghayb.darwish.bok	eb009f4495d9e736307d6146665a395a558920de6b440576f90accb17af4ebf2	878592	v9	jilani.futuhghayb.darwish.bok
sources/shamela/jilani.futuhghayb.ilmiyya.bok	b941073b93dbadc425289ba7f5f73b36c00a204c86711d41ef071c1e2ee87ebb	434176	v9	jilani.futuhghayb.ilmiyya.bok
sources/shamela/jilani.qalaid.bok	e1743eefe0a423da4a9a63bd444ab0e95fae78a8033af299b0e3e15a986da64a	749568	v9	jilani.qalaid.bok
sources/shamela/jilani.sayf.bok	b222c1b7c98deac40fdfe364e9aa1b4d80e0c298bd7da278719eebd0304a45f2	370688	v9	jilani.sayf.bok
sources/shamela/jilani.sirrasrar.bok	8ac281061dd68d87a5cd8c532ff215b591acafad16084959bbde425405147975	288768	v9	jilani.sirrasrar.bok
sources/typed/ibnarabi.anqa_mughrib__عنقاء مغرب في ختم الأولياء وشمس المغرب محي الدين ابن العربي.docx	b1479ec60edb07f54bbc0a63ed6f85f7519c1a852a287406e0b5ec2ed11e0be1	170266	v10	ibnarabi.anqa_mughrib__عنقاء مغرب في ختم الأولياء وشمس المغرب محي الدين ابن العربي.docx
sources/typed/ibnarabi.anqa_mughrib__عنقاء مغرب في ختم الأولياء وشمس المغرب محي الدين ابن العربي.txt	4099740e43cc54bc08e78a4edad6981a900efa42b45bc3f29b091df5516b7396	213192	v10	ibnarabi.anqa_mughrib__عنقاء مغرب في ختم الأولياء وشمس المغرب محي الدين ابن العربي.txt
sources/typed/ibnarabi.inshadawair_uqla_tadbirat__كتاب انشاء الدوائر وكتاب عقلة المستوفز وكتاب التدبيرات الإلهية في اصلاح المملكة الانسانية.docx	ba0e272212adf3d2ff22063e7f9072ce84c7393198977233907f7b1a1f52d9d9	646559	v10	ibnarabi.inshadawair_uqla_tadbirat__كتاب انشاء الدوائر وكتاب عقلة المستوفز وكتاب التدبيرات الإلهية في اصلاح المملكة الانسانية.docx
sources/typed/ibnarabi.inshadawair_uqla_tadbirat__كتاب انشاء الدوائر وكتاب عقلة المستوفز وكتاب التدبيرات الإلهية في اصلاح المملكة الانسانية.txt	e640dfd2bd4666d4c5983c1e2907b219bd815eb4dea68ceb522b2c705e4cea0e	478620	v10	ibnarabi.inshadawair_uqla_tadbirat__كتاب انشاء الدوائر وكتاب عقلة المستوفز وكتاب التدبيرات الإلهية في اصلاح المملكة الانسانية.txt
sources/typed/ibnarabi.manzil_fahwaniyya__كتاب منزل المنازل الفهوانية.docx	06bffd210e44f263a4b52085f393b43b3f9c9872a1ffed75771df71c22713bf8	43018	v10	ibnarabi.manzil_fahwaniyya__كتاب منزل المنازل الفهوانية.docx
sources/typed/ibnarabi.manzil_fahwaniyya__كتاب منزل المنازل الفهوانية.txt	874dc0974a00ecfedca28b775250e85c544b85431525d6f064eca7335d8f78d1	74041	v10	ibnarabi.manzil_fahwaniyya__كتاب منزل المنازل الفهوانية.txt
sources/typed/ibnarabi.muhadarat_abrar__محاضرة الأبرار ومسامرة الأخيار في الأدبيات والنوادر والأخبار  الشيخ الأكبر ابن العربي ج 1.docx	21ab9ffe9b514ac5d5c7d3731eb3126c422a82783789d97266c87497a22a75a9	514307	v10	ibnarabi.muhadarat_abrar__محاضرة الأبرار ومسامرة الأخيار في الأدبيات والنوادر والأخبار  الشيخ الأكبر ابن العربي ج 1.docx
sources/typed/ibnarabi.muhadarat_abrar__محاضرة الأبرار ومسامرة الأخيار في الأدبيات والنوادر والأخبار  الشيخ الأكبر ابن العربي ج 1.txt	767daff6a0654096c1eec960b788fab260a8721502aea17250cd8c8f038b9218	1073814	v10	ibnarabi.muhadarat_abrar__محاضرة الأبرار ومسامرة الأخيار في الأدبيات والنوادر والأخبار  الشيخ الأكبر ابن العربي ج 1.txt
sources/typed/ibnarabi.muhadarat_abrar__محاضرة الأبرار ومسامرة الأخيار في الأدبيات والنوادر والأخبار  الشيخ الأكبر ابن العربي ج 2.docx	816694f9c5459a57de1dd91150a69e65aae2179be398c2a67063289c929d140c	530569	v10	ibnarabi.muhadarat_abrar__محاضرة الأبرار ومسامرة الأخيار في الأدبيات والنوادر والأخبار  الشيخ الأكبر ابن العربي ج 2.docx
sources/typed/ibnarabi.muhadarat_abrar__محاضرة الأبرار ومسامرة الأخيار في الأدبيات والنوادر والأخبار  الشيخ الأكبر ابن العربي ج 2.txt	823837b3a439f2e0c6573fca2de0173c85657920340723e3e6bde01809cc2c25	1065073	v10	ibnarabi.muhadarat_abrar__محاضرة الأبرار ومسامرة الأخيار في الأدبيات والنوادر والأخبار  الشيخ الأكبر ابن العربي ج 2.txt
sources/typed/ibnarabi.taj_tarajim__تاج التراجم الشيخ الأكبر محيي الدين ابن العربي.docx	0440d14d8cefb24b014de580bd4a38dac7c16c24361724f54c2f68f46e048e85	270101	v10	ibnarabi.taj_tarajim__تاج التراجم الشيخ الأكبر محيي الدين ابن العربي.docx
sources/typed/ibnarabi.taj_tarajim__تاج التراجم الشيخ الأكبر محيي الدين ابن العربي.txt	684863bb8ba6b72daca1dabcadb1af5861713c69e6350742c9f8c3f5bd4e7480	105759	v10	ibnarabi.taj_tarajim__تاج التراجم الشيخ الأكبر محيي الدين ابن العربي.txt
sources/typed/ibnarabi.tajalliyat_ibnsawdakin__التجليات الالهية ابن العربي تعليقات  ابن سودكين.docx	a8d2a4bf0cace41e7e7c930bbfac48fa6357a6ca18401fb7b48052b9b7086802	629237	v10	ibnarabi.tajalliyat_ibnsawdakin__التجليات الالهية ابن العربي تعليقات  ابن سودكين.docx
sources/typed/ibnarabi.tajalliyat_ibnsawdakin__التجليات الالهية ابن العربي تعليقات ابن سودكين.txt	542b5430cc8d33c1815e6830b1e756d49661d406cb83c61372d1112215b39162	1004144	v10	ibnarabi.tajalliyat_ibnsawdakin__التجليات الالهية ابن العربي تعليقات ابن سودكين.txt
sources/typed/ibnarabi.tanazzulat_mawsiliyya__التنزلات الموصلية الشيخ الأكبر ابن العربي.docx	c6b9d967c959951fecad05e326b889d177ab9f2b72b1248cccc7b4a1df537b88	420026	v10	ibnarabi.tanazzulat_mawsiliyya__التنزلات الموصلية الشيخ الأكبر ابن العربي.docx
sources/typed/ibnarabi.tanazzulat_mawsiliyya__التنزلات الموصلية الشيخ الأكبر ابن العربي.txt	09a697e8f3655fc5933828e336a68bf11fa2fbe31c933afe78154769b01bb188	477263	v10	ibnarabi.tanazzulat_mawsiliyya__التنزلات الموصلية الشيخ الأكبر ابن العربي.txt
