type	meaning	key fields (in data)
voice	a person whose view is recorded: Prophet, Companion, Follower, master, later scholar or present-day speaker	death_ah (or born/active for the living), role, school, works (repo keys)
source_event	something said or written that is examined: a lecture, a sermon, a book, an article	speaker (voice id), date, medium, url or reference
study	one examination of a source_event against the library (usually one chat)	date, repo_version, method, share_from_repo
inference	a claim or inference made in a source_event, stated neutrally	quote_or_summary
question	the underlying question an inference raises, independent of who raised it	-
position	where one voice stands on an inference or question: links held_by -> voice and affirms/qualifies/rejects -> inference or question	stance_summary
verdict	the study's conclusion on an inference	holds | overstated | unsupported | wrong | mixed, plus reasoning
open_question	what is still unresolved, and what would resolve it (a missing work, a needed witness, a further study)	needs
topic	a theme that gathers questions (fitra, qadar, wilaya ...)	concepts (concept index ids), verses
saying	a saying attributed to the Prophet, a Companion or a master, whose standing is examined (v44)	text (Arabic), saying_ids (apparatus/sayings), hadith_ids (hadith layer)
authentication	what a study found on a saying's standing, from authenticate.py and the passages read: links about -> saying, cites the critics' records	found_in (collections), standing (sound | fair | weak | very weak | strange | fabricated | no basis | not the Prophet's words | disputed | not found in the library; 'strange' (gharib, v53) = a single chain with no grade found), classical (who said what), modern (kept apart)
passage	a stretch of a master's text that is read closely: a story, or a section of one (v54). Cites its first and last record	work, locator (e.g. Mathnawi 1:263-267), story, order, voice_in_text (who is speaking: the narrator | a character, named | the author in his own voice)
reading	one reading of a passage, in the reader's own words (v54). Several readings of the same passage stand side by side; none is recorded as 'the meaning'. Links reads -> passage and held_by -> voice	layer (sijill/registry/layers.tsv), supported_by (couplets or records the reading rests on)
