work	records	verified	corroborated	partial	divergent	unmatched	no_witness
aflaki.manaqib.yazici_ocr	1236	0	4	851	329	52	0
hanafi.0321Tahawi.Mukhtasar	3262	0	1132	1111	259	760	0
ibnarabi.fusus.nizamaldin_ocr	499	0	10	329	136	24	0
ibnarabi.futuhat.mansub_ocr	7976	0	359	5847	881	889	0
nur.0587ShihabDinSuhrawardi.HikmatIshraq	242	0	208	31	1	2	0
nur.0673AbuMacaliQunawi.RisalatNusus	153	0	0	0	0	0	153
nur.0699SacidDinFarghani.MuntahaMadarik	828	0	40	327	282	179	0
nur.0736CabdRazzaqQashani.KashfWujuhGhurr	273	0	1	173	97	2	0
nur.0736CabdRazzaqQashani.SharhFusus	349	0	345	2	0	2	0
nur.0751DawudQaysari.SharhFusus	1343	1	0	0	0	0	1342
nur.0751DawudQaysari.SharhTaiyya	220	0	31	155	23	11	0
nur.0805CabdKarimJili.InsanKamil	281	0	213	60	7	1	0
nur.0805CabdKarimJili.KamalatIlahiyya	627	0	0	0	0	0	627
shams.maqalat.movahhed_ocr	1005	0	0	0	0	0	1005
wilaya.0320HakimTirmidhi.MasalaFiWasfMufarridin	72	0	0	0	0	0	72
wilaya.0628IbnZayyat.Tashawwuf	1187	0	0	0	0	0	1187
wilaya.0709IbnCataAllahSikandari.LataifMinan	442	0	0	0	0	0	442
wilaya.0768Yafici.RawdRayahin	964	0	0	0	0	0	964
wilaya.0808IbnKhaldun.ShifaSail	460	0	0	0	0	0	460
wilaya.0973CabdWahhabShacrani.KibritAhmar	785	0	0	0	0	0	785
wilaya.1031CabdRaufMunawi.KawakibDurriyya	12046	0	0	0	0	0	12046
