strand	book	scholar	role	note	version
hadith	0852IbnHajarCasqalani.TakhrijAhadithAsmaHusna	Ibn Hajar al-Asqalani	grading of the 99-names hadith	whether the list of names is the Prophet's words or added by narrators	
hadith	0458Bayhaqi.AsmaWaSifat	al-Bayhaqi	hadith base	al-Asma wa-l-sifat: the names and attributes with isnads	
language	0311IbnSariZajjaj.TafsirAsmaAllah	al-Zajjaj	philology of the names	Tafsir asma Allah al-husna	
language	0337IbnIshaqZajjaji.IshtiqaqAsmaAllah	al-Zajjaji	derivation of the names	Ishtiqaq asma Allah	
language	0388AbuSulaymanKhattabi.ShanDuca	al-Khattabi	names and supplication	Shan al-dua, with his commentary on the names	
commentary	0505Ghazali.MaqsadAsna	al-Ghazali	commentary on the 99 names	al-Maqsad al-asna: each name, its meaning, and the servant's share in it	
commentary	0671AbuCabdAllahQurtubi.Asna	al-Qurtubi	commentary on the names	al-Asna fi sharh asma Allah al-husna	
commentary	0606FakhrDinRazi.LawamicBayyinat	Fakhr al-Din al-Razi	commentary on the names	Lawami al-bayyinat sharh asma Allah wa-l-sifat	
commentary	0709IbnCataAllahSikandari.QasdMujarrad	Ibn Ata Allah al-Iskandari	the Single Name	al-Qasd al-mujarrad fi marifat al-ism al-mufrad: on the name Allah	
address	0709IbnCataAllahSikandari.HikamCataiyya	Ibn Ata Allah al-Iskandari	aphorisms and intimate prayers	al-Hikam, ending in his munajat	
address	0870Jazuli.DalailKhayrat	al-Jazuli	prayers on the Prophet	Dalail al-khayrat	
address	0676Nawawi.Adhkar	al-Nawawi	manual of remembrance	al-Adhkar, with the hadith for each formula	
address	0751IbnQayyimJawziyya.WabilSayyib	Ibn Qayyim al-Jawziyya	on remembrance	al-Wabil al-sayyib min al-kalim al-tayyib	
address	0561CabdQadirJilani.Ghunya	Abd al-Qadir al-Jilani	manual of practice	al-Ghunya li-talibi tariq al-haqq: incl. the names, dhikr and supplications	
address	0561CabdQadirJilani.JalaKhatir	Abd al-Qadir al-Jilani	discourses	Jala al-khatir	
