folder	layer	strand	book	scholar	role	note	source	version	item	file_base
kalam	classical	Ashʿari	0895AbuCabdAllahSanusi.MatnSanusiyya	al-Sanusi	creed primer (Umm al-barahin)	the Sughra: the attributes that are necessary, impossible and possible for God; source of the 13-attribute scheme taught today	openiti			
kalam	classical	Ashʿari	0895AbuCabdAllahSanusi.ThalathCaqaidAshcariyya	al-Sanusi	his three creeds	al-Kubra, al-Wusta and al-Sughra together	openiti			
kalam	classical	Ashʿari	0895AbuCabdAllahSanusi.SharhMuqaddimat	al-Sanusi	his own commentary on his Muqaddimat	definitions of the rational judgments (necessary, impossible, possible)	openiti			
kalam	classical	Ashʿari	0324Ashcari.LamcFiRadd	al-Ashʿari	founder's rational creed	al-Lumaʿ fi al-radd ʿala ahl al-zaygh wa-l-bidaʿ	openiti			
kalam	classical	Ashʿari	0324Ashcari.RisalaIlaAhlThughr	al-Ashʿari	founder's letter on the creed of the early community	Risala ila ahl al-thaghr	openiti			
kalam	classical	Ashʿari	0606FakhrDinRazi.ArbacinFiUsulDin	Fakhr al-Din al-Razi	later Ashʿari theology	al-Arbaʿin fi usul al-din: forty questions, incl. will, power and the decree	openiti			
kalam	classical	Ashʿari	0756CadudDinIji.Mawaqif	ʿAdud al-Din al-Iji	the late summa of Ashʿari kalam	al-Mawaqif fi ʿilm al-kalam	openiti			
kalam	classical	Ashʿari	0816IbnMuhammadSharifJurjani.SharhMawaqif	al-Sharif al-Jurjani	commentary on the Mawaqif	the standard madrasa commentary	openiti			
kalam	classical	Ashʿari	1276Bajuri.TuhfatMurid	al-Bajuri on al-Laqqani	the Azhar creed manual with commentary	Tuhfat al-murid sharh Jawharat al-tawhid: al-Laqqani's (d. 1041) poem with al-Bajuri's (d. 1276) commentary; archive.org OCR (88% clean words)	archive		20260726_20260726_0641	تحفة المريد ، شرح جوهرة التوحيد للإمام الباجوري # الشيخ إبراهيم اللقاني
kalam	classical	Maturidi	0508AbuMucinNasafi.TamhidFiUsulDin	Abu al-Muʿin al-Nasafi	Maturidi creed	al-Tamhid li-qawaʿid al-tawhid	openiti			
kalam	classical	Maturidi	0508AbuMucinNasafi.BahrKalam	Abu al-Muʿin al-Nasafi	Maturidi creed	Bahr al-kalam	openiti			
kalam	classical	Maturidi	0792Taftazani.SharhCaqaidNasafiyya	al-Taftazani on Najm al-Din al-Nasafi	the classic Maturidi creed with its commentary	Sharh al-ʿAqaʾid al-Nasafiyya: Najm al-Din al-Nasafi's (d. 537) creed with al-Taftazani's commentary; archive.org OCR (fair: 77% clean words; a second scan, sharh_al-aqeedah_al-nasafiyyah_20191031_1333, can serve as a collation witness)	archive		20200915_20200915_1459	شرح العقائد النسفية
kalam	classical	Athari / shared	0321Tahawi.MatnCaqida	al-Tahawi	creed accepted across the Sunni schools	al-ʿAqida al-Tahawiyya (Hanafi author; read by Maturidis, Ashʿaris and Atharis)	openiti			
kalam	classical	Athari	0792SadrDinIbnAbiCizzAdhraci.SharhCaqidaTahawiyya	Ibn Abi al-ʿIzz	Athari commentary on the Tahawiyya	the Athari reading of the attributes (e.g. mercy as a real attribute)	openiti			
kalam	classical	Athari	0728IbnTaymiyya.CaqidaWasitiyya	Ibn Taymiyya	Athari creed	al-ʿAqida al-Wasitiyya	openiti			
kalam	classical	Athari	0620IbnQudamaMaqdisi.LumcatIctiqad	Ibn Qudama	Hanbali creed	Lumʿat al-iʿtiqad	openiti			
lugha	classical	grammar	0180Sibawayhi.KitabSibawayhi	Sibawayh	the foundational grammar	al-Kitab	openiti			
lugha	classical	grammar	0368AbuSacidSirafi.SharhKitabSibawayhi	Abu Saʿid al-Sirafi	commentary on Sibawayh	Sharh Kitab Sibawayh	openiti			
