alias	identifies	taqrib_key	note
الأعمش	Sulayman b. Mihran al-A'mash	سليمان بن مهران	conventional identification in the Six Books; review
الزهري	Muhammad b. Muslim b. Shihab al-Zuhri	محمد بن مسلم بن عبيد الله بن عبد الله بن شهاب	conventional identification in the Six Books; review
ابن شهاب	Muhammad b. Muslim b. Shihab al-Zuhri	محمد بن مسلم بن عبيد الله بن عبد الله بن شهاب	conventional identification in the Six Books; review
قتادة	Qatada b. Di'ama	قتادة بن دعامة	conventional identification in the Six Books; review
شعبة	Shu'ba b. al-Hajjaj	شعبة بن الحجاج	conventional identification in the Six Books; review
معمر	Ma'mar b. Rashid	معمر بن راشد	conventional identification in the Six Books; review
وكيع	Waki' b. al-Jarrah	وكيع بن الجراح بن مليح	conventional identification in the Six Books; review
مالك	Malik b. Anas	مالك بن أنس بن مالك بن أبي عامر	conventional identification in the Six Books; review
عبد الرزاق	Abd al-Razzaq b. Hammam	عبد الرزاق بن همام	conventional identification in the Six Books; review
نافع	Nafi' mawla Ibn Umar	نافع أبو عبد الله المدني مولى ابن عمر	conventional identification in the Six Books; review
ابن جريج	Ibn Jurayj	عبد الملك بن عبد العزيز بن جريج	conventional identification in the Six Books; review
ابن عباس	Abd Allah b. Abbas	عبد الله بن عباس بن عبد المطلب	conventional identification in the Six Books; review
ابن عمر	Abd Allah b. Umar	عبد الله بن عمر بن الخطاب	conventional identification in the Six Books; review
ابن مسعود	Abd Allah b. Mas'ud	عبد الله بن مسعود بن غافل	conventional identification in the Six Books; review
أبو هريرة	Abu Hurayra	أبو هريرة الدوسي	conventional identification in the Six Books; review
عائشة	A'isha bint Abi Bakr	عائشة بنت أبي بكر الصديق	conventional identification in the Six Books; review
أنس	Anas b. Malik	أنس بن مالك بن النضر	conventional identification in the Six Books; review
أنس بن مالك	Anas b. Malik	أنس بن مالك بن النضر	conventional identification in the Six Books; review
جابر	Jabir b. Abd Allah	جابر بن عبد الله بن عمرو بن حرام	conventional identification in the Six Books; review
جابر بن عبد الله	Jabir b. Abd Allah	جابر بن عبد الله بن عمرو بن حرام	conventional identification in the Six Books; review
أبو سعيد	Abu Sa'id al-Khudri	سعد بن مالك بن سنان	conventional identification in the Six Books; review
أبو سعيد الخدري	Abu Sa'id al-Khudri	سعد بن مالك بن سنان	conventional identification in the Six Books; review
أبو الزبير	Abu al-Zubayr	محمد بن مسلم بن تدرس	conventional identification in the Six Books; review
عطاء	Ata' b. Abi Rabah	عطاء بن أبي رباح بفتح	conventional identification in the Six Books; review
عروة	Urwa b. al-Zubayr	عروة بن الزبير بن العوام بن خويلد	conventional identification in the Six Books; review
هشام	Hisham b. Urwa	هشام بن عروة بن الزبير	conventional identification in the Six Books; review
الليث	al-Layth b. Sa'd	الليث بن سعد بن عبد الرحمن	conventional identification in the Six Books; review
أبو سلمة	Abu Salama b. Abd al-Rahman	أبو سلمة بن عبد الرحمن بن عوف	conventional identification in the Six Books; review
أبو إسحاق	Abu Ishaq al-Sabi'i	عمرو بن عبد الله بن عبيد	conventional identification in the Six Books; review
منصور	Mansur b. al-Mu'tamir	منصور بن المعتمر	conventional identification in the Six Books; review
إبراهيم	Ibrahim al-Nakha'i	إبراهيم بن يزيد بن قيس	conventional identification in the Six Books; review
الحسن	al-Hasan al-Basri	الحسن بن أبي الحسن البصري	conventional identification in the Six Books; review
مجاهد	Mujahid b. Jabr	مجاهد بن جبر	conventional identification in the Six Books; review
أيوب	Ayyub al-Sakhtiyani	أيوب بن أبي تميمة	conventional identification in the Six Books; review
ثابت	Thabit al-Bunani	ثابت بن أسلم البناني	conventional identification in the Six Books; review
أبو معاوية	Abu Mu'awiya al-Darir	محمد بن خازم	conventional identification in the Six Books; review
ابن المبارك	Abd Allah b. al-Mubarak	عبد الله بن المبارك	conventional identification in the Six Books; review
ابن عيينة	Sufyan b. Uyayna	سفيان بن عيينة	conventional identification in the Six Books; review
الثوري	Sufyan al-Thawri	سفيان بن سعيد بن مسروق الثوري	conventional identification in the Six Books; review
ابن وهب	Abd Allah b. Wahb	عبد الله بن وهب بن مسلم	conventional identification in the Six Books; review
الأوزاعي	al-Awza'i	عبد الرحمن بن عمرو بن أبي عمرو الأوزاعي	conventional identification in the Six Books; review
غندر	Ghundar	محمد بن جعفر الهذلي	conventional identification in the Six Books; review
قتيبة	Qutayba b. Sa'id	قتيبة بن سعيد بن جميل	conventional identification in the Six Books; review
سعيد بن المسيب	Sa'id b. al-Musayyab	سعيد بن المسيب بن حزن	conventional identification in the Six Books; review
عمرو بن دينار	Amr b. Dinar al-Makki	عمرو بن دينار المكي	conventional identification in the Six Books; review
هشام بن عروة	Hisham b. Urwa	هشام بن عروة بن الزبير	conventional identification in the Six Books; review
حماد بن زيد	Hammad b. Zayd	حماد بن زيد بن درهم	conventional identification in the Six Books; review
عبد الله	(ambiguous - left unlinked)		ambiguous; never linked
سفيان	(ambiguous - Ibn Uyayna or al-Thawri - left unlinked)		ambiguous; never linked
أبو الزناد	Abu al-Zinad Abd Allah b. Dhakwan	عبد الله بن ذكوان	conventional identification in the Six Books; review
ابن أبي مليكة	Ibn Abi Mulayka	عبد الله بن عبيد الله بن عبد الله بن أبي مليكة	conventional identification in the Six Books; review
ابن سيرين	Muhammad b. Sirin	محمد بن سيرين	conventional identification in the Six Books; review
محمد بن سيرين	Muhammad b. Sirin	محمد بن سيرين	conventional identification in the Six Books; review
ابن أبي ذئب	Ibn Abi Dhi'b	محمد بن عبد الرحمن بن المغيرة بن الحارث بن أبي ذئب	conventional identification in the Six Books; review
الشعبي	al-Sha'bi	عامر بن شراحيل	conventional identification in the Six Books; review
سعيد المقبري	Sa'id al-Maqburi	سعيد بن أبي سعيد كيسان المقبري	conventional identification in the Six Books; review
حماد	(ambiguous - Ibn Zayd or Ibn Salama - left unlinked)		ambiguous; never linked
يحيى بن سعيد	(ambiguous - al-Qattan or al-Ansari - left unlinked)		ambiguous; never linked
