ref_id	citation	kind	language	covers	validates	access	source_url	note
ali2020_horizons	Mukhtar H. Ali (tr. and comm.), The Horizons of Being: The Metaphysics of Ibn al-ʿArabī in the Muqaddimat al-Qayṣarī. Leiden: Brill, 2020. vi+257 pp.	edition+translation	ar;en	nur.0751DawudQaysari.SharhFusus	text;locators;sense	to confirm	https://ibnarabisociety.org/the-horizons-of-being/	Arabic text and English of al-Qayṣarī's Muqaddima (12 chapters incl. ch. 9 on the Muhammadan reality). Best check for the Muqaddima portion of our OCR.
morrissey2020_perfect_human	Fitzroy Morrissey, Sufism and the Perfect Human: From Ibn ʿArabī to al-Jīlī. Routledge, 2020 (publisher to confirm).	study	en	nur.0805CabdKarimJili.InsanKamil;nur.0805CabdKarimJili.KamalatIlahiyya	locators;sense	to confirm	https://ibnarabisociety.org/sufism-and-the-perfect-human/	A study, not an Arabic edition: use it to find and understand passages, not to correct Arabic wording.
winkel_openings	Eric Winkel (tr.), The Openings Revealed in Makkah (al-Futūḥāt al-Makkiyya). Pir Press, multi-volume (vol. 3, Books 5-6, June 2021).	translation	en	ibnarabi.futuhat.arabiyya;ibnarabi.futuhat.mansub_ocr	locators;sense	to confirm	https://ibnarabisociety.org/ibn-arabi-openings-vol-3/	Translation: confirms sense and chapter/section numbering, not Arabic wording.
chodkiewicz1993_seal	Michel Chodkiewicz, Seal of the Saints: Prophethood and Sainthood in the Doctrine of Ibn ʿArabī, tr. Liadain Sherrard. Cambridge: Islamic Texts Society, 1993.	study	en	ibnarabi.futuhat.arabiyya;wilaya.*	locators;sense	to confirm		The standard study of wilaya, the Seal and the hierarchy (Futuhat ch. 73).
sells2021_translator	Michael Sells, The Translator of Desires (Tarjumān al-ashwāq), Arabic text with English translation. Princeton University Press, 2021 (publisher to confirm).	edition+translation	ar;en		text;sense	to confirm	https://ibnarabisociety.org/michael-sells-translator-of-desires/	"Not yet in the corpus; checks Ibn ʿArabī verses quoted elsewhere (e.g. the ""heart capable of every form"" poem)."
mansub_diwan	Ibn al-ʿArabī, al-Dīwān, ed. ʿAbd al-ʿAzīz Sulṭān al-Manṣūb. Damascus: Ninawa, 5 vols, 2021.	critical_edition	ar		text	to confirm	https://ibnarabisociety.org/critical-edition-of-ibn-arabi-diwan/	Not yet in the corpus; checks verses quoted in the Futūḥāt and elsewhere. al-Manṣūb also edited the Futūḥāt used for ibnarabi.futuhat.mansub_ocr.
chittick2004_me_and_rumi	William C. Chittick (tr.), Me & Rumi: The Autobiography of Shams-i Tabrizi. Louisville: Fons Vitae, 2004.	translation	en	shams.maqalat.movahhed_ocr	locators;sense	owned		Translates about two thirds of the Maqalat, every passage cited by page in Movahhed's edition (Tehran: Khwarazmi, 1369/1990). Page concordance: reports/concordance/chittick_movahhed.tsv. Copyrighted: not in the repo.
beneito2024_secret_names	Pablo Beneito (ed. and tr.), The Secret of God's Most Beautiful Names: Kashf al-maʿnā ʿan sirr asmāʾ Allāh al-ḥusnā, with The Summary from the Futūḥāt. Oxford: Anqa, 2024.	edition+translation	ar;en	asma.0638IbnCarabi.KashfMacna	text;locators;sense	to confirm	https://www.ipgbook.com/the-secret-of-god-s-most-beautiful-names-products-9781905937851.php	Arabic text edited alongside the translation: the reference for checking the wording of our Kashf al-mana OCR.
kazi2018_unveiling_names	Ibn ʿArabī, Unveiling the Secret of the Most Beautiful Names (Kashf al-maʿnā), English translation. Chicago: Kazi Publications, 2018. 118 pp. ISBN 9781567446227.	translation	en	asma.0638IbnCarabi.KashfMacna	sense	to confirm		Translation only: checks sense, not Arabic wording. A copy circulates on Scribd; it is under copyright and not in the repo.
knysh2007_epistle	Alexander D. Knysh (tr.), Al-Qushayri's Epistle on Sufism: al-Risala al-qushayriyya fi ilm al-tasawwuf. Reading: Garnet, 2007 (Center for Muslim Contribution to Civilization).	translation	en	sufi_manuals.0465IbnHawazinQushayri.RisalaQushayriyya	locators;sense	owned		Chapter concordance: reports/concordance/knysh_risala.tsv (headings and page numbers only). Copyrighted: not in the repo.
