concept	arabic	persian	note
qalb	مرآة القلب|مرآة القلوب	آینه دل|آیینه دل|آینه جان	the mirror of the heart
qalb	صدأ القلب|رين القلب|صدأ القلوب	زنگار|زنگ	rust on the heart; 'zang' alone is also a bell and Zanzibar: read the couplet
qalb	جلاء القلوب|صقل القلب|تصفية القلب	صیقل	polishing the heart
qalb	عين القلب|بصيرة القلب|عين البصيرة	چشم دل|دیده دل|چشم جان	the eye of the heart
qalb	أهل القلوب|أرباب القلوب|أصحاب القلوب	اهل دل|صاحب دل|صاحبدل	the people of the heart
qalb	نور القلب	نور دل	the light of the heart
malakut	الملكوت|عالم الملكوت	ملکوت|عالم جان|جهان جان	Rumi seldom uses the word malakut; he says 'the world of the soul'
malakut	عالم الأمر	عالم امر	the world of the Command (Mathnawi 4:3692-3693)
malakut	اللامكان|لا مكان	لامکان|بی‌جهت|بی جهت	the placeless, the directionless
malakut	عالم الغيب	عالم غیب|جهان غیب	the unseen world
miraj	المعراج|الإسراء والمعراج|ليلة المعراج	معراج|براق|قاب قوسین	the ascent; Buraq; 'two bows' length' (53:9)
sidra	سدرة المنتهى	سدره	the Lote Tree
arsh	العرش|عرش الرحمن	عرش	the Throne
kursi	الكرسي	کرسی	the Footstool
sab_samawat	سبع سماوات|السماوات السبع	هفت آسمان|هفت گردون|هفت فلک|هفت چرخ|نه فلک	the seven heavens (also 'nine spheres')
aql_awwal	العقل الأول|العقل الكلي	عقل کل|عقل کلی	the Universal Intellect
fitra	الفطرة|الميثاق|ألست بربكم	فطرت|الست	the primordial covenant: Rumi says 'Alast' far more than 'fitrat'
wilaya	الأولياء|أولياء الله	اولیا|مرد حق|مردان حق|مردان خدا	the friends of God
qutb	القطب	قطب	the Pole
abdal	الأبدال	ابدال	the Substitutes
insan_kamil	الإنسان الكامل	شیخ کامل|مرد کامل	Rumi does not use the term 'insan kamil'; nearest are the perfect shaykh and the perfect man
nur_muhammadi	النور المحمدي|نور محمد	نور محمد|نور مصطفی|نور احمد	the Muhammadan Light
fana_baqa	الفناء والبقاء|الفناء	فنا|نیستی	annihilation; 'nisti' (non-being) is Rumi's usual word
tajalli	التجلي	تجلی	self-disclosure
qada_qadar	القضاء والقدر|الجبر والاختيار	قضا|جبر|اختیار	the decree; compulsion and free choice
asma_husna	علم آدم الأسماء|الأسماء الحسنى	علم الاسما	'He taught Adam the names'
barzakh	البرزخ	برزخ	the isthmus
lawh_mahfuz	اللوح المحفوظ	لوح محفوظ	the Preserved Tablet
ism_azam	الاسم الأعظم	اسم اعظم	the Greatest Name
	نور الله	نور حق|نور خدا	the Light of God (no concept row yet)
	النفس الأمارة	نفس اماره	the commanding soul (no concept row yet)
	ماء الحياة	آب حیات	the water of life (no concept row yet)
