work_key	witness_id	kind	relation	source	files	md5	note
nur.0699SacidDinFarghani.MuntahaMadarik	farghani_ed2	archive	other_edition	baha-2026-06	منتهى المدارك ومنتهى لب كل  كامل وعارف وسالك	12cb4750783c6f41fd13077bff5e6c0a,953f89b5877fa0205dd40731993850da	typeset edition, different from the base scan
nur.0699SacidDinFarghani.MuntahaMadarik	farghani_old	archive	other_edition	baha-2026-06	منتهى المدارك في شرح القصيدة التائية 1 || منتهى المدارك في شرح القصيدة التائية 2	3b1b759d7721916e54e101eeb5035924,bdde97631a0c27f5cb9e02bb1c9fbfd2 || 1cb23ca2a7a6875f02b70e8b23d56656,6b0211eb4eeda07fc09412eaf7f74b5d	older printing, 2 volumes
nur.0736CabdRazzaqQashani.SharhFusus	qashani_9979	archive	other_edition	9979_20220504	9979	019a4341e717fc545931cbee0e10a83f,ff9de48dcc1f73da2ad373e5dfec3fc5	Qashani with Bali Efendi's notes
nur.0736CabdRazzaqQashani.SharhFusus	qashani_111	archive	other_edition	111_20260622	111	aad13db55e354f8048478b83f879496c,dca3b292dc353f957a9d03ada5f0ff3d	al-Maktaba al-Sufiyya al-Shamila scan
nur.0751DawudQaysari.SharhTaiyya	qaysari_taiyya_b	archive	other_edition	Char7Taiya	char7-taiya	0a317449ed5c5c9d9dd8cd339b05cecf,78c4a814185fe686f4a3ba8f3a2b406a	second scan
nur.0736CabdRazzaqQashani.KashfWujuhGhurr	kashf_b	archive	other_edition	char7-taiya	char7-taiya	e1dd8b49569048f10be2b46610530bcc,0ef3e27fe252ad0645b1665630a7fe74	kitabweb scan
nur.0805CabdKarimJili.InsanKamil	jili_b	archive	other_edition	20250908_20250908_0947	الإنسان الكامل في معرفة الأواخر والأوائل	f1ee0cd29611bca3e16ca6ef8b814b5e,d035823cace3ee6c9a084fdd091a7f62	second edition scan
nur.0805CabdKarimJili.InsanKamil	jili_c	archive	other_edition	20260713_20260713_1205	الإنسان الكامل في معرفة الأواخر والأوائل # عبدالكريم بن إبراهيم الجيلي	92c112dc11a19710acfdc88234a0efe4,01931bb82d1e7defaf2b06824a841a72	third scan
nur.0587ShihabDinSuhrawardi.HikmatIshraq	ishraq_b	archive	same_edition_rescan	20200914_20200914_1856	حكمة الاشراق - السهروردي	905bfcd9ceaf682ecabc10bea57f039f,fe95a404c770f69e872c3aba23378e5e	another scan of the same critical edition
aflaki.manaqib.yazici_ocr	aflaki_b	archive	other_edition	managheb-al-arefin-1	managheb-al-arefin-1 || managheb-al-arefin-2	4cf89bcad09fb308be4631c04af1eb06,16b76b27c44a1843d038796fe44a2f8b || f52cd00b27fdbf119ef5bfff56205899,f0d9ae4f670bee7515117a6a23cf5c25	2-volume scan
ibnarabi.futuhat.mansub_ocr	futuhat_shamela	corpus	other_edition_typed	corpus/ibnarabi/futuhat.arabiyya.jsonl			Shamela typed text (Cairo/Bulaq pagination)
ibnarabi.futuhat.mansub_ocr	futuhat_jk	corpus	other_edition_typed	corpus/openiti/0638IbnCarabi/0638IbnCarabi.FutuhatMakkiyya.JK009237-ara1.jsonl			OpenITI JK typed text
ibnarabi.fusus.nizamaldin_ocr	fusus_textlayer	corpus	same_edition_rescan	corpus/ibnarabi/fusus.nizamaldin_textlayer.jsonl			the same PDF's embedded text layer: an independent reading of the same edition
ibnarabi.fusus.nizamaldin_ocr	fusus_kraken	corpus	other_edition	corpus/openiti/0638IbnCarabi/0638IbnCarabi.FususHikam.Kraken21042913-ara1.mARkdown.jsonl			OpenITI Kraken OCR of another edition
hanafi.0321Tahawi.Mukhtasar	tahawi_kraken2021	openiti	other_edition	https://raw.githubusercontent.com/OpenITI/0325AH/089e665b4958e0f145a46941987fb81cf3dda1b8/data/0321Tahawi/0321Tahawi.Mukhtasar/0321Tahawi.Mukhtasar.Kraken210826162339-ara1		e768edbdabe7d024effd8989c67a110708e77871ddcd04fd0dafe50b4d9bf180	the other OpenITI OCR of the Mukhtasar
