work	records_scored	mean_score	pct_poor_lt60	pct_fair_lt80
aflaki.manaqib.yazici_ocr	1246	73.3	11.0	69.2
asma.0638IbnCarabi.KashfMacna	176	79.3	7.4	42.0
ibnarabi.fusus.nizamaldin_ocr	504	82.3	6.2	23.4
shams.maqalat.movahhed_ocr	1007	83.5	3.1	15.1
ibnarabi.futuhat.mansub_ocr	8064	90.0	6.3	14.1
nur.0751DawudQaysari.SharhFusus	1350	90.3	0.2	1.9
wilaya.0320HakimTirmidhi.MasalaFiWasfMufarridin	84	90.3	0.0	9.5
wilaya.0808IbnKhaldun.ShifaSail	539	90.7	1.9	11.3
wilaya.0628IbnZayyat.Tashawwuf	1391	91.1	1.2	11.2
hanafi.0321Tahawi.Mukhtasar	4391	92.2	3.6	11.1
wilaya.1031CabdRaufMunawi.KawakibDurriyya	18214	92.2	1.1	11.6
nur.0751DawudQaysari.SharhTaiyya	222	92.4	0.5	2.7
ibnarabi.0638IbnCarabi.TarjumanAshwaq	231	93.5	2.2	4.3
nur.0736CabdRazzaqQashani.KashfWujuhGhurr	273	94.0	0.0	0.4
nur.0673AbuMacaliQunawi.RisalatNusus	185	94.6	0.5	4.3
nur.0736CabdRazzaqQashani.SharhFusus	349	94.7	0.0	0.9
asma.0870Jazuli.DalailKhayrat	405	94.9	2.7	6.2
nur.0587ShihabDinSuhrawardi.HikmatIshraq	244	95.2	2.5	4.1
asma.0561CabdQadirJilani.JalaKhatir	590	95.4	0.0	2.4
asma.0606FakhrDinRazi.LawamicBayyinat	292	95.7	3.8	4.8
wilaya.0709IbnCataAllahSikandari.LataifMinan	464	95.7	0.9	4.3
nur.0805CabdKarimJili.InsanKamil	283	96.3	2.1	2.1
asma.0671AbuCabdAllahQurtubi.Asna	1727	96.5	0.6	2.7
asma.0709IbnCataAllahSikandari.QasdMujarrad	332	97.2	0.0	1.5
nur.0699SacidDinFarghani.MuntahaMadarik	830	97.3	0.2	0.6
nur.0805CabdKarimJili.KamalatIlahiyya	779	97.9	0.1	0.9
wilaya.0768Yafici.RawdRayahin	996	98.3	0.3	2.2
wilaya.0973CabdWahhabShacrani.KibritAhmar	847	99.1	0.0	0.0
