work	record_id	locator	score
aflaki.manaqib.yazici_ocr	urn:lib:aflaki.manaqib.yazici_ocr:00610	leaf=610 printed_page=28	0.0
aflaki.manaqib.yazici_ocr	urn:lib:aflaki.manaqib.yazici_ocr:01049	leaf=1049 printed_page=47	5.3
aflaki.manaqib.yazici_ocr	urn:lib:aflaki.manaqib.yazici_ocr:01048	leaf=1048 printed_page=46	6.5
aflaki.manaqib.yazici_ocr	urn:lib:aflaki.manaqib.yazici_ocr:01047	leaf=1047 printed_page=45	10.1
aflaki.manaqib.yazici_ocr	urn:lib:aflaki.manaqib.yazici_ocr:01050	leaf=1050 printed_page=48	10.2
aflaki.manaqib.yazici_ocr	urn:lib:aflaki.manaqib.yazici_ocr:01211	leaf=1211	14.4
aflaki.manaqib.yazici_ocr	urn:lib:aflaki.manaqib.yazici_ocr:01267	leaf=1267	14.6
aflaki.manaqib.yazici_ocr	urn:lib:aflaki.manaqib.yazici_ocr:01209	leaf=1209	16.0
aflaki.manaqib.yazici_ocr	urn:lib:aflaki.manaqib.yazici_ocr:01051	leaf=1051 printed_page=49	16.5
aflaki.manaqib.yazici_ocr	urn:lib:aflaki.manaqib.yazici_ocr:01149	leaf=1149	18.0
aflaki.manaqib.yazici_ocr	urn:lib:aflaki.manaqib.yazici_ocr:01188	leaf=1188 printed_page=15	18.3
aflaki.manaqib.yazici_ocr	urn:lib:aflaki.manaqib.yazici_ocr:01201	leaf=1201	18.4
aflaki.manaqib.yazici_ocr	urn:lib:aflaki.manaqib.yazici_ocr:01144	leaf=1144	18.7
aflaki.manaqib.yazici_ocr	urn:lib:aflaki.manaqib.yazici_ocr:01145	leaf=1145	20.2
aflaki.manaqib.yazici_ocr	urn:lib:aflaki.manaqib.yazici_ocr:00608	leaf=608 printed_page=26	20.5
aflaki.manaqib.yazici_ocr	urn:lib:aflaki.manaqib.yazici_ocr:01166	leaf=1166 printed_page=۰	20.6
aflaki.manaqib.yazici_ocr	urn:lib:aflaki.manaqib.yazici_ocr:01163	leaf=1163 printed_page=4	20.7
aflaki.manaqib.yazici_ocr	urn:lib:aflaki.manaqib.yazici_ocr:01202	leaf=1202	20.7
aflaki.manaqib.yazici_ocr	urn:lib:aflaki.manaqib.yazici_ocr:01245	leaf=1245	21.6
aflaki.manaqib.yazici_ocr	urn:lib:aflaki.manaqib.yazici_ocr:01236	leaf=1236	22.2
aflaki.manaqib.yazici_ocr	urn:lib:aflaki.manaqib.yazici_ocr:01142	leaf=1142	22.3
aflaki.manaqib.yazici_ocr	urn:lib:aflaki.manaqib.yazici_ocr:01141	leaf=1141	23.1
aflaki.manaqib.yazici_ocr	urn:lib:aflaki.manaqib.yazici_ocr:01199	leaf=1199 printed_page=1107	23.2
aflaki.manaqib.yazici_ocr	urn:lib:aflaki.manaqib.yazici_ocr:01177	leaf=1177 printed_page=4	24.3
aflaki.manaqib.yazici_ocr	urn:lib:aflaki.manaqib.yazici_ocr:01148	leaf=1148	24.6
hanafi.0321Tahawi.Mukhtasar	urn:openiti:0321Tahawi.Mukhtasar.Kraken220410202736-ara1:p00288	vol=0 page_before=54	12.5
hanafi.0321Tahawi.Mukhtasar	urn:openiti:0321Tahawi.Mukhtasar.Kraken220410202736-ara1:p00294	vol=0 page_before=54	23.5
hanafi.0321Tahawi.Mukhtasar	urn:openiti:0321Tahawi.Mukhtasar.Kraken220410202736-ara1:p00280	vol=0 page_before=50	27.3
hanafi.0321Tahawi.Mukhtasar	urn:openiti:0321Tahawi.Mukhtasar.Kraken220410202736-ara1:p00285	vol=0 page_before=52	28.0
hanafi.0321Tahawi.Mukhtasar	urn:openiti:0321Tahawi.Mukhtasar.Kraken220410202736-ara1:p00282	vol=0 page_before=51	31.5
hanafi.0321Tahawi.Mukhtasar	urn:openiti:0321Tahawi.Mukhtasar.Kraken220410202736-ara1:p00286	vol=0 page_before=53	33.3
hanafi.0321Tahawi.Mukhtasar	urn:openiti:0321Tahawi.Mukhtasar.Kraken220410202736-ara1:p00278	vol=0 page_before=49	37.5
hanafi.0321Tahawi.Mukhtasar	urn:openiti:0321Tahawi.Mukhtasar.Kraken220410202736-ara1:p01104	vol=0 page_before=145	37.5
hanafi.0321Tahawi.Mukhtasar	urn:openiti:0321Tahawi.Mukhtasar.Kraken220410202736-ara1:p00290	vol=0 page_before=54	38.5
hanafi.0321Tahawi.Mukhtasar	urn:openiti:0321Tahawi.Mukhtasar.Kraken220410202736-ara1:p00284	vol=0 page_before=52	40.0
hanafi.0321Tahawi.Mukhtasar	urn:openiti:0321Tahawi.Mukhtasar.Kraken220410202736-ara1:p02422	vol=0 page_before=301	41.7
hanafi.0321Tahawi.Mukhtasar	urn:openiti:0321Tahawi.Mukhtasar.Kraken220410202736-ara1:p00297	vol=0 page_before=54	42.6
hanafi.0321Tahawi.Mukhtasar	urn:openiti:0321Tahawi.Mukhtasar.Kraken220410202736-ara1:p01776	vol=0 page_before=225	44.4
hanafi.0321Tahawi.Mukhtasar	urn:openiti:0321Tahawi.Mukhtasar.Kraken220410202736-ara1:p02296	vol=0 page_before=288	44.4
hanafi.0321Tahawi.Mukhtasar	urn:openiti:0321Tahawi.Mukhtasar.Kraken220410202736-ara1:p05039	vol=0 page_before=586	44.4
hanafi.0321Tahawi.Mukhtasar	urn:openiti:0321Tahawi.Mukhtasar.Kraken220410202736-ara1:p05043	vol=0 page_before=587	44.4
hanafi.0321Tahawi.Mukhtasar	urn:openiti:0321Tahawi.Mukhtasar.Kraken220410202736-ara1:p00168	vol=0 page_before=29	44.9
hanafi.0321Tahawi.Mukhtasar	urn:openiti:0321Tahawi.Mukhtasar.Kraken220410202736-ara1:p00295	vol=0 page_before=54	45.5
hanafi.0321Tahawi.Mukhtasar	urn:openiti:0321Tahawi.Mukhtasar.Kraken220410202736-ara1:p02750	vol=0 page_before=337	45.5
hanafi.0321Tahawi.Mukhtasar	urn:openiti:0321Tahawi.Mukhtasar.Kraken220410202736-ara1:p03021	vol=0 page_before=366	45.5
hanafi.0321Tahawi.Mukhtasar	urn:openiti:0321Tahawi.Mukhtasar.Kraken220410202736-ara1:p05106	vol=0 page_before=596	45.5
hanafi.0321Tahawi.Mukhtasar	urn:openiti:0321Tahawi.Mukhtasar.Kraken220410202736-ara1:p00279	vol=0 page_before=49	48.8
hanafi.0321Tahawi.Mukhtasar	urn:openiti:0321Tahawi.Mukhtasar.Kraken220410202736-ara1:p00281	vol=0 page_before=50	49.0
hanafi.0321Tahawi.Mukhtasar	urn:openiti:0321Tahawi.Mukhtasar.Kraken220410202736-ara1:p00291	vol=0 page_before=54	50.0
hanafi.0321Tahawi.Mukhtasar	urn:openiti:0321Tahawi.Mukhtasar.Kraken220410202736-ara1:p00735	vol=0 page_before=107	50.0
ibnarabi.fusus.nizamaldin_ocr	urn:lib:ibnarabi.fusus.nizamaldin_ocr:00006	leaf=6	32.0
ibnarabi.fusus.nizamaldin_ocr	urn:lib:ibnarabi.fusus.nizamaldin_ocr:00075	leaf=75 printed_page=65	33.9
ibnarabi.fusus.nizamaldin_ocr	urn:lib:ibnarabi.fusus.nizamaldin_ocr:00082	leaf=82 printed_page=72	34.0
ibnarabi.fusus.nizamaldin_ocr	urn:lib:ibnarabi.fusus.nizamaldin_ocr:00098	leaf=98 printed_page=88	34.6
ibnarabi.fusus.nizamaldin_ocr	urn:lib:ibnarabi.fusus.nizamaldin_ocr:00080	leaf=80 printed_page=70	35.5
ibnarabi.fusus.nizamaldin_ocr	urn:lib:ibnarabi.fusus.nizamaldin_ocr:00101	leaf=101 printed_page=91	35.7
ibnarabi.fusus.nizamaldin_ocr	urn:lib:ibnarabi.fusus.nizamaldin_ocr:00081	leaf=81 printed_page=71	36.7
ibnarabi.fusus.nizamaldin_ocr	urn:lib:ibnarabi.fusus.nizamaldin_ocr:00100	leaf=100 printed_page=90	38.0
ibnarabi.fusus.nizamaldin_ocr	urn:lib:ibnarabi.fusus.nizamaldin_ocr:00085	leaf=85 printed_page=75	38.2
ibnarabi.fusus.nizamaldin_ocr	urn:lib:ibnarabi.fusus.nizamaldin_ocr:00102	leaf=102 printed_page=92	39.0
ibnarabi.fusus.nizamaldin_ocr	urn:lib:ibnarabi.fusus.nizamaldin_ocr:00099	leaf=99 printed_page=89	39.7
ibnarabi.fusus.nizamaldin_ocr	urn:lib:ibnarabi.fusus.nizamaldin_ocr:00084	leaf=84 printed_page=74	39.9
ibnarabi.fusus.nizamaldin_ocr	urn:lib:ibnarabi.fusus.nizamaldin_ocr:00083	leaf=83 printed_page=73	40.0
ibnarabi.fusus.nizamaldin_ocr	urn:lib:ibnarabi.fusus.nizamaldin_ocr:00079	leaf=79 printed_page=69	40.8
ibnarabi.fusus.nizamaldin_ocr	urn:lib:ibnarabi.fusus.nizamaldin_ocr:00086	leaf=86 printed_page=76	40.9
ibnarabi.fusus.nizamaldin_ocr	urn:lib:ibnarabi.fusus.nizamaldin_ocr:00097	leaf=97 printed_page=87	41.2
ibnarabi.fusus.nizamaldin_ocr	urn:lib:ibnarabi.fusus.nizamaldin_ocr:00090	leaf=90 printed_page=80	42.9
ibnarabi.fusus.nizamaldin_ocr	urn:lib:ibnarabi.fusus.nizamaldin_ocr:00453	leaf=453 printed_page=443	45.5
ibnarabi.fusus.nizamaldin_ocr	urn:lib:ibnarabi.fusus.nizamaldin_ocr:00076	leaf=76 printed_page=66	45.7
ibnarabi.fusus.nizamaldin_ocr	urn:lib:ibnarabi.fusus.nizamaldin_ocr:00092	leaf=92 printed_page=82	49.5
ibnarabi.fusus.nizamaldin_ocr	urn:lib:ibnarabi.fusus.nizamaldin_ocr:00091	leaf=91 printed_page=81	49.7
ibnarabi.fusus.nizamaldin_ocr	urn:lib:ibnarabi.fusus.nizamaldin_ocr:00001	leaf=1	50.0
ibnarabi.fusus.nizamaldin_ocr	urn:lib:ibnarabi.fusus.nizamaldin_ocr:00008	leaf=8	50.0
ibnarabi.fusus.nizamaldin_ocr	urn:lib:ibnarabi.fusus.nizamaldin_ocr:00078	leaf=78 printed_page=68	50.9
ibnarabi.fusus.nizamaldin_ocr	urn:lib:ibnarabi.fusus.nizamaldin_ocr:00088	leaf=88 printed_page=78	51.1
ibnarabi.futuhat.mansub_ocr	urn:lib:ibnarabi.futuhat.mansub_ocr:00252	leaf=252 printed_page=252	0.0
ibnarabi.futuhat.mansub_ocr	urn:lib:ibnarabi.futuhat.mansub_ocr:00481	leaf=481 printed_page=481	0.0
ibnarabi.futuhat.mansub_ocr	urn:lib:ibnarabi.futuhat.mansub_ocr:01086	leaf=1086 printed_page=388	0.0
ibnarabi.futuhat.mansub_ocr	urn:lib:ibnarabi.futuhat.mansub_ocr:01492	leaf=1492 printed_page=171	0.0
ibnarabi.futuhat.mansub_ocr	urn:lib:ibnarabi.futuhat.mansub_ocr:01885	leaf=1885 printed_page=564	0.0
ibnarabi.futuhat.mansub_ocr	urn:lib:ibnarabi.futuhat.mansub_ocr:06331	leaf=6331 printed_page=171	0.0
ibnarabi.futuhat.mansub_ocr	urn:lib:ibnarabi.futuhat.mansub_ocr:06732	leaf=6732 printed_page=572	0.0
ibnarabi.futuhat.mansub_ocr	urn:lib:ibnarabi.futuhat.mansub_ocr:06138	leaf=6138 printed_page=512	2.7
ibnarabi.futuhat.mansub_ocr	urn:lib:ibnarabi.futuhat.mansub_ocr:07156	leaf=7156 printed_page=396	4.2
ibnarabi.futuhat.mansub_ocr	urn:lib:ibnarabi.futuhat.mansub_ocr:00668	leaf=668 printed_page=668	5.3
ibnarabi.futuhat.mansub_ocr	urn:lib:ibnarabi.futuhat.mansub_ocr:06354	leaf=6354 printed_page=194	5.6
ibnarabi.futuhat.mansub_ocr	urn:lib:ibnarabi.futuhat.mansub_ocr:07135	leaf=7135 printed_page=375	6.2
ibnarabi.futuhat.mansub_ocr	urn:lib:ibnarabi.futuhat.mansub_ocr:05989	leaf=5989 printed_page=363	7.7
ibnarabi.futuhat.mansub_ocr	urn:lib:ibnarabi.futuhat.mansub_ocr:07517	leaf=7517 printed_page=757	8.1
ibnarabi.futuhat.mansub_ocr	urn:lib:ibnarabi.futuhat.mansub_ocr:00271	leaf=271 printed_page=271	8.8
ibnarabi.futuhat.mansub_ocr	urn:lib:ibnarabi.futuhat.mansub_ocr:00671	leaf=671 printed_page=671	9.1
ibnarabi.futuhat.mansub_ocr	urn:lib:ibnarabi.futuhat.mansub_ocr:07151	leaf=7151 printed_page=391	9.1
ibnarabi.futuhat.mansub_ocr	urn:lib:ibnarabi.futuhat.mansub_ocr:01294	leaf=1294 printed_page=596	11.6
ibnarabi.futuhat.mansub_ocr	urn:lib:ibnarabi.futuhat.mansub_ocr:00475	leaf=475 printed_page=475	12.5
ibnarabi.futuhat.mansub_ocr	urn:lib:ibnarabi.futuhat.mansub_ocr:05968	leaf=5968 printed_page=342	12.5
ibnarabi.futuhat.mansub_ocr	urn:lib:ibnarabi.futuhat.mansub_ocr:00665	leaf=665 printed_page=665	13.6
ibnarabi.futuhat.mansub_ocr	urn:lib:ibnarabi.futuhat.mansub_ocr:05797	leaf=5797 printed_page=171	13.8
ibnarabi.futuhat.mansub_ocr	urn:lib:ibnarabi.futuhat.mansub_ocr:06136	leaf=6136 printed_page=510	14.5
ibnarabi.futuhat.mansub_ocr	urn:lib:ibnarabi.futuhat.mansub_ocr:01316	leaf=1316 printed_page=618	14.6
ibnarabi.futuhat.mansub_ocr	urn:lib:ibnarabi.futuhat.mansub_ocr:00457	leaf=457 printed_page=457	14.7
nur.0587ShihabDinSuhrawardi.HikmatIshraq	urn:lib:nur.0587ShihabDinSuhrawardi.HikmatIshraq:00231	leaf=231	46.6
nur.0587ShihabDinSuhrawardi.HikmatIshraq	urn:lib:nur.0587ShihabDinSuhrawardi.HikmatIshraq:00228	leaf=228	48.3
nur.0587ShihabDinSuhrawardi.HikmatIshraq	urn:lib:nur.0587ShihabDinSuhrawardi.HikmatIshraq:00227	leaf=227	48.6
nur.0587ShihabDinSuhrawardi.HikmatIshraq	urn:lib:nur.0587ShihabDinSuhrawardi.HikmatIshraq:00229	leaf=229	49.3
nur.0587ShihabDinSuhrawardi.HikmatIshraq	urn:lib:nur.0587ShihabDinSuhrawardi.HikmatIshraq:00230	leaf=230	52.5
nur.0587ShihabDinSuhrawardi.HikmatIshraq	urn:lib:nur.0587ShihabDinSuhrawardi.HikmatIshraq:00232	leaf=232	55.3
nur.0587ShihabDinSuhrawardi.HikmatIshraq	urn:lib:nur.0587ShihabDinSuhrawardi.HikmatIshraq:00001	leaf=1	66.7
nur.0587ShihabDinSuhrawardi.HikmatIshraq	urn:lib:nur.0587ShihabDinSuhrawardi.HikmatIshraq:00249	leaf=249	66.7
nur.0587ShihabDinSuhrawardi.HikmatIshraq	urn:lib:nur.0587ShihabDinSuhrawardi.HikmatIshraq:00006	leaf=6	68.6
nur.0587ShihabDinSuhrawardi.HikmatIshraq	urn:lib:nur.0587ShihabDinSuhrawardi.HikmatIshraq:00009	leaf=9	76.8
nur.0587ShihabDinSuhrawardi.HikmatIshraq	urn:lib:nur.0587ShihabDinSuhrawardi.HikmatIshraq:00004	leaf=4	82.8
nur.0587ShihabDinSuhrawardi.HikmatIshraq	urn:lib:nur.0587ShihabDinSuhrawardi.HikmatIshraq:00248	leaf=248	85.5
nur.0587ShihabDinSuhrawardi.HikmatIshraq	urn:lib:nur.0587ShihabDinSuhrawardi.HikmatIshraq:00102	leaf=102	87.4
nur.0587ShihabDinSuhrawardi.HikmatIshraq	urn:lib:nur.0587ShihabDinSuhrawardi.HikmatIshraq:00247	leaf=247	87.9
nur.0587ShihabDinSuhrawardi.HikmatIshraq	urn:lib:nur.0587ShihabDinSuhrawardi.HikmatIshraq:00116	leaf=116	88.6
nur.0587ShihabDinSuhrawardi.HikmatIshraq	urn:lib:nur.0587ShihabDinSuhrawardi.HikmatIshraq:00010	leaf=10	88.7
nur.0587ShihabDinSuhrawardi.HikmatIshraq	urn:lib:nur.0587ShihabDinSuhrawardi.HikmatIshraq:00225	leaf=225	88.9
nur.0587ShihabDinSuhrawardi.HikmatIshraq	urn:lib:nur.0587ShihabDinSuhrawardi.HikmatIshraq:00047	leaf=47	89.2
nur.0587ShihabDinSuhrawardi.HikmatIshraq	urn:lib:nur.0587ShihabDinSuhrawardi.HikmatIshraq:00071	leaf=71	89.5
nur.0587ShihabDinSuhrawardi.HikmatIshraq	urn:lib:nur.0587ShihabDinSuhrawardi.HikmatIshraq:00044	leaf=44	90.7
nur.0587ShihabDinSuhrawardi.HikmatIshraq	urn:lib:nur.0587ShihabDinSuhrawardi.HikmatIshraq:00070	leaf=70	91.3
nur.0587ShihabDinSuhrawardi.HikmatIshraq	urn:lib:nur.0587ShihabDinSuhrawardi.HikmatIshraq:00019	leaf=19	91.8
nur.0587ShihabDinSuhrawardi.HikmatIshraq	urn:lib:nur.0587ShihabDinSuhrawardi.HikmatIshraq:00155	leaf=155	92.1
nur.0587ShihabDinSuhrawardi.HikmatIshraq	urn:lib:nur.0587ShihabDinSuhrawardi.HikmatIshraq:00067	leaf=67	92.2
nur.0587ShihabDinSuhrawardi.HikmatIshraq	urn:lib:nur.0587ShihabDinSuhrawardi.HikmatIshraq:00106	leaf=106	92.6
nur.0673AbuMacaliQunawi.RisalatNusus	urn:openiti:0673AbuMacaliQunawi.RisalatNusus.AOCP20251104072-ara1:p00121	vol=1 page_before=40	55.6
nur.0673AbuMacaliQunawi.RisalatNusus	urn:openiti:0673AbuMacaliQunawi.RisalatNusus.AOCP20251104072-ara1:p00174	vol=1 page_before=54	63.6
nur.0673AbuMacaliQunawi.RisalatNusus	urn:openiti:0673AbuMacaliQunawi.RisalatNusus.AOCP20251104072-ara1:p00150	vol=1 page_before=47	68.2
nur.0673AbuMacaliQunawi.RisalatNusus	urn:openiti:0673AbuMacaliQunawi.RisalatNusus.AOCP20251104072-ara1:p00143	vol=1 page_before=45	69.2
nur.0673AbuMacaliQunawi.RisalatNusus	urn:openiti:0673AbuMacaliQunawi.RisalatNusus.AOCP20251104072-ara1:p00195	vol=1 page_before=61	72.7
nur.0673AbuMacaliQunawi.RisalatNusus	urn:openiti:0673AbuMacaliQunawi.RisalatNusus.AOCP20251104072-ara1:p00115	vol=1 page_before=38	75.0
nur.0673AbuMacaliQunawi.RisalatNusus	urn:openiti:0673AbuMacaliQunawi.RisalatNusus.AOCP20251104072-ara1:p00017	vol=1 page_before=12	77.8
nur.0673AbuMacaliQunawi.RisalatNusus	urn:openiti:0673AbuMacaliQunawi.RisalatNusus.AOCP20251104072-ara1:p00013	vol=1 page_before=11	78.3
nur.0673AbuMacaliQunawi.RisalatNusus	urn:openiti:0673AbuMacaliQunawi.RisalatNusus.AOCP20251104072-ara1:p00157	vol=1 page_before=48	80.0
nur.0673AbuMacaliQunawi.RisalatNusus	urn:openiti:0673AbuMacaliQunawi.RisalatNusus.AOCP20251104072-ara1:p00281	vol=1 page_before=87	81.8
nur.0673AbuMacaliQunawi.RisalatNusus	urn:openiti:0673AbuMacaliQunawi.RisalatNusus.AOCP20251104072-ara1:p00141	vol=1 page_before=45	82.5
nur.0673AbuMacaliQunawi.RisalatNusus	urn:openiti:0673AbuMacaliQunawi.RisalatNusus.AOCP20251104072-ara1:p00270	vol=1 page_before=85	82.7
nur.0673AbuMacaliQunawi.RisalatNusus	urn:openiti:0673AbuMacaliQunawi.RisalatNusus.AOCP20251104072-ara1:p00183	vol=1 page_before=56	83.3
nur.0673AbuMacaliQunawi.RisalatNusus	urn:openiti:0673AbuMacaliQunawi.RisalatNusus.AOCP20251104072-ara1:p00202	vol=1 page_before=64	83.8
nur.0673AbuMacaliQunawi.RisalatNusus	urn:openiti:0673AbuMacaliQunawi.RisalatNusus.AOCP20251104072-ara1:p00146	vol=1 page_before=45	84.2
nur.0673AbuMacaliQunawi.RisalatNusus	urn:openiti:0673AbuMacaliQunawi.RisalatNusus.AOCP20251104072-ara1:p00090	vol=1 page_before=31	85.7
nur.0673AbuMacaliQunawi.RisalatNusus	urn:openiti:0673AbuMacaliQunawi.RisalatNusus.AOCP20251104072-ara1:p00159	vol=1 page_before=49	85.7
nur.0673AbuMacaliQunawi.RisalatNusus	urn:openiti:0673AbuMacaliQunawi.RisalatNusus.AOCP20251104072-ara1:p00094	vol=1 page_before=32	86.1
nur.0673AbuMacaliQunawi.RisalatNusus	urn:openiti:0673AbuMacaliQunawi.RisalatNusus.AOCP20251104072-ara1:p00166	vol=1 page_before=51	86.2
nur.0673AbuMacaliQunawi.RisalatNusus	urn:openiti:0673AbuMacaliQunawi.RisalatNusus.AOCP20251104072-ara1:p00292	vol=1 page_before=88	87.0
nur.0673AbuMacaliQunawi.RisalatNusus	urn:openiti:0673AbuMacaliQunawi.RisalatNusus.AOCP20251104072-ara1:p00177	vol=1 page_before=54	87.5
nur.0673AbuMacaliQunawi.RisalatNusus	urn:openiti:0673AbuMacaliQunawi.RisalatNusus.AOCP20251104072-ara1:p00144	vol=1 page_before=45	87.9
nur.0673AbuMacaliQunawi.RisalatNusus	urn:openiti:0673AbuMacaliQunawi.RisalatNusus.AOCP20251104072-ara1:p00217	vol=1 page_before=69	87.9
nur.0673AbuMacaliQunawi.RisalatNusus	urn:openiti:0673AbuMacaliQunawi.RisalatNusus.AOCP20251104072-ara1:p00181	vol=1 page_before=56	88.2
nur.0673AbuMacaliQunawi.RisalatNusus	urn:openiti:0673AbuMacaliQunawi.RisalatNusus.AOCP20251104072-ara1:p00274	vol=1 page_before=85	88.2
nur.0699SacidDinFarghani.MuntahaMadarik	urn:lib:nur.0699SacidDinFarghani.MuntahaMadarik:00001	leaf=1	25.0
nur.0699SacidDinFarghani.MuntahaMadarik	urn:lib:nur.0699SacidDinFarghani.MuntahaMadarik:00499	leaf=499	39.3
nur.0699SacidDinFarghani.MuntahaMadarik	urn:lib:nur.0699SacidDinFarghani.MuntahaMadarik:00004	leaf=4	68.9
nur.0699SacidDinFarghani.MuntahaMadarik	urn:lib:nur.0699SacidDinFarghani.MuntahaMadarik:00502	leaf=502	71.9
nur.0699SacidDinFarghani.MuntahaMadarik	urn:lib:nur.0699SacidDinFarghani.MuntahaMadarik:00490	leaf=490	79.5
nur.0699SacidDinFarghani.MuntahaMadarik	urn:lib:nur.0699SacidDinFarghani.MuntahaMadarik:00501	leaf=501	80.0
nur.0699SacidDinFarghani.MuntahaMadarik	urn:lib:nur.0699SacidDinFarghani.MuntahaMadarik:00833	leaf=833	80.6
nur.0699SacidDinFarghani.MuntahaMadarik	urn:lib:nur.0699SacidDinFarghani.MuntahaMadarik:00484	leaf=484 printed_page=434	81.8
nur.0699SacidDinFarghani.MuntahaMadarik	urn:lib:nur.0699SacidDinFarghani.MuntahaMadarik:00482	leaf=482 printed_page=432	82.5
nur.0699SacidDinFarghani.MuntahaMadarik	urn:lib:nur.0699SacidDinFarghani.MuntahaMadarik:00003	leaf=3	83.8
nur.0699SacidDinFarghani.MuntahaMadarik	urn:lib:nur.0699SacidDinFarghani.MuntahaMadarik:00485	leaf=485 printed_page=435	84.0
nur.0699SacidDinFarghani.MuntahaMadarik	urn:lib:nur.0699SacidDinFarghani.MuntahaMadarik:00817	leaf=817 printed_page=319	84.2
nur.0699SacidDinFarghani.MuntahaMadarik	urn:lib:nur.0699SacidDinFarghani.MuntahaMadarik:00486	leaf=486 printed_page=436	84.7
nur.0699SacidDinFarghani.MuntahaMadarik	urn:lib:nur.0699SacidDinFarghani.MuntahaMadarik:00832	leaf=832	84.8
nur.0699SacidDinFarghani.MuntahaMadarik	urn:lib:nur.0699SacidDinFarghani.MuntahaMadarik:00489	leaf=489	85.0
nur.0699SacidDinFarghani.MuntahaMadarik	urn:lib:nur.0699SacidDinFarghani.MuntahaMadarik:00492	leaf=492	85.0
nur.0699SacidDinFarghani.MuntahaMadarik	urn:lib:nur.0699SacidDinFarghani.MuntahaMadarik:00493	leaf=493	86.2
nur.0699SacidDinFarghani.MuntahaMadarik	urn:lib:nur.0699SacidDinFarghani.MuntahaMadarik:00823	leaf=823	86.2
nur.0699SacidDinFarghani.MuntahaMadarik	urn:lib:nur.0699SacidDinFarghani.MuntahaMadarik:00830	leaf=830	86.3
nur.0699SacidDinFarghani.MuntahaMadarik	urn:lib:nur.0699SacidDinFarghani.MuntahaMadarik:00495	leaf=495	86.7
nur.0699SacidDinFarghani.MuntahaMadarik	urn:lib:nur.0699SacidDinFarghani.MuntahaMadarik:00820	leaf=820	86.8
nur.0699SacidDinFarghani.MuntahaMadarik	urn:lib:nur.0699SacidDinFarghani.MuntahaMadarik:00497	leaf=497	86.9
nur.0699SacidDinFarghani.MuntahaMadarik	urn:lib:nur.0699SacidDinFarghani.MuntahaMadarik:00491	leaf=491	87.3
nur.0699SacidDinFarghani.MuntahaMadarik	urn:lib:nur.0699SacidDinFarghani.MuntahaMadarik:00828	leaf=828	87.3
nur.0699SacidDinFarghani.MuntahaMadarik	urn:lib:nur.0699SacidDinFarghani.MuntahaMadarik:00829	leaf=829	87.4
nur.0736CabdRazzaqQashani.KashfWujuhGhurr	urn:lib:nur.0736CabdRazzaqQashani.KashfWujuhGhurr:00004	leaf=4	77.1
nur.0736CabdRazzaqQashani.KashfWujuhGhurr	urn:lib:nur.0736CabdRazzaqQashani.KashfWujuhGhurr:00253	leaf=253	86.6
nur.0736CabdRazzaqQashani.KashfWujuhGhurr	urn:lib:nur.0736CabdRazzaqQashani.KashfWujuhGhurr:00003	leaf=3	86.9
nur.0736CabdRazzaqQashani.KashfWujuhGhurr	urn:lib:nur.0736CabdRazzaqQashani.KashfWujuhGhurr:00087	leaf=87	87.4
nur.0736CabdRazzaqQashani.KashfWujuhGhurr	urn:lib:nur.0736CabdRazzaqQashani.KashfWujuhGhurr:00260	leaf=260	87.7
nur.0736CabdRazzaqQashani.KashfWujuhGhurr	urn:lib:nur.0736CabdRazzaqQashani.KashfWujuhGhurr:00138	leaf=138	87.9
nur.0736CabdRazzaqQashani.KashfWujuhGhurr	urn:lib:nur.0736CabdRazzaqQashani.KashfWujuhGhurr:00257	leaf=257	88.2
nur.0736CabdRazzaqQashani.KashfWujuhGhurr	urn:lib:nur.0736CabdRazzaqQashani.KashfWujuhGhurr:00263	leaf=263	88.2
nur.0736CabdRazzaqQashani.KashfWujuhGhurr	urn:lib:nur.0736CabdRazzaqQashani.KashfWujuhGhurr:00264	leaf=264	88.3
nur.0736CabdRazzaqQashani.KashfWujuhGhurr	urn:lib:nur.0736CabdRazzaqQashani.KashfWujuhGhurr:00279	leaf=279	88.3
nur.0736CabdRazzaqQashani.KashfWujuhGhurr	urn:lib:nur.0736CabdRazzaqQashani.KashfWujuhGhurr:00258	leaf=258	88.4
nur.0736CabdRazzaqQashani.KashfWujuhGhurr	urn:lib:nur.0736CabdRazzaqQashani.KashfWujuhGhurr:00262	leaf=262	88.6
nur.0736CabdRazzaqQashani.KashfWujuhGhurr	urn:lib:nur.0736CabdRazzaqQashani.KashfWujuhGhurr:00271	leaf=271	88.6
nur.0736CabdRazzaqQashani.KashfWujuhGhurr	urn:lib:nur.0736CabdRazzaqQashani.KashfWujuhGhurr:00109	leaf=109	88.9
nur.0736CabdRazzaqQashani.KashfWujuhGhurr	urn:lib:nur.0736CabdRazzaqQashani.KashfWujuhGhurr:00274	leaf=274	88.9
nur.0736CabdRazzaqQashani.KashfWujuhGhurr	urn:lib:nur.0736CabdRazzaqQashani.KashfWujuhGhurr:00095	leaf=95	89.0
nur.0736CabdRazzaqQashani.KashfWujuhGhurr	urn:lib:nur.0736CabdRazzaqQashani.KashfWujuhGhurr:00112	leaf=112	89.0
nur.0736CabdRazzaqQashani.KashfWujuhGhurr	urn:lib:nur.0736CabdRazzaqQashani.KashfWujuhGhurr:00023	leaf=23	89.4
nur.0736CabdRazzaqQashani.KashfWujuhGhurr	urn:lib:nur.0736CabdRazzaqQashani.KashfWujuhGhurr:00273	leaf=273	89.4
nur.0736CabdRazzaqQashani.KashfWujuhGhurr	urn:lib:nur.0736CabdRazzaqQashani.KashfWujuhGhurr:00278	leaf=278	89.4
nur.0736CabdRazzaqQashani.KashfWujuhGhurr	urn:lib:nur.0736CabdRazzaqQashani.KashfWujuhGhurr:00268	leaf=268	89.5
nur.0736CabdRazzaqQashani.KashfWujuhGhurr	urn:lib:nur.0736CabdRazzaqQashani.KashfWujuhGhurr:00269	leaf=269	89.6
nur.0736CabdRazzaqQashani.KashfWujuhGhurr	urn:lib:nur.0736CabdRazzaqQashani.KashfWujuhGhurr:00070	leaf=70	89.7
nur.0736CabdRazzaqQashani.KashfWujuhGhurr	urn:lib:nur.0736CabdRazzaqQashani.KashfWujuhGhurr:00229	leaf=229	89.8
nur.0736CabdRazzaqQashani.KashfWujuhGhurr	urn:lib:nur.0736CabdRazzaqQashani.KashfWujuhGhurr:00275	leaf=275	89.8
nur.0736CabdRazzaqQashani.SharhFusus	urn:lib:nur.0736CabdRazzaqQashani.SharhFusus:00001	leaf=1	73.1
nur.0736CabdRazzaqQashani.SharhFusus	urn:lib:nur.0736CabdRazzaqQashani.SharhFusus:00002	leaf=2	74.5
nur.0736CabdRazzaqQashani.SharhFusus	urn:lib:nur.0736CabdRazzaqQashani.SharhFusus:00350	leaf=350	79.8
nur.0736CabdRazzaqQashani.SharhFusus	urn:lib:nur.0736CabdRazzaqQashani.SharhFusus:00256	leaf=256	85.7
nur.0736CabdRazzaqQashani.SharhFusus	urn:lib:nur.0736CabdRazzaqQashani.SharhFusus:00125	leaf=125	86.0
nur.0736CabdRazzaqQashani.SharhFusus	urn:lib:nur.0736CabdRazzaqQashani.SharhFusus:00349	leaf=349	86.4
nur.0736CabdRazzaqQashani.SharhFusus	urn:lib:nur.0736CabdRazzaqQashani.SharhFusus:00291	leaf=291	87.9
nur.0736CabdRazzaqQashani.SharhFusus	urn:lib:nur.0736CabdRazzaqQashani.SharhFusus:00246	leaf=246	88.5
nur.0736CabdRazzaqQashani.SharhFusus	urn:lib:nur.0736CabdRazzaqQashani.SharhFusus:00276	leaf=276	88.5
nur.0736CabdRazzaqQashani.SharhFusus	urn:lib:nur.0736CabdRazzaqQashani.SharhFusus:00227	leaf=227	88.7
nur.0736CabdRazzaqQashani.SharhFusus	urn:lib:nur.0736CabdRazzaqQashani.SharhFusus:00214	leaf=214	90.0
nur.0736CabdRazzaqQashani.SharhFusus	urn:lib:nur.0736CabdRazzaqQashani.SharhFusus:00249	leaf=249	90.1
nur.0736CabdRazzaqQashani.SharhFusus	urn:lib:nur.0736CabdRazzaqQashani.SharhFusus:00004	leaf=4	90.2
nur.0736CabdRazzaqQashani.SharhFusus	urn:lib:nur.0736CabdRazzaqQashani.SharhFusus:00319	leaf=319	90.3
nur.0736CabdRazzaqQashani.SharhFusus	urn:lib:nur.0736CabdRazzaqQashani.SharhFusus:00254	leaf=254	90.4
nur.0736CabdRazzaqQashani.SharhFusus	urn:lib:nur.0736CabdRazzaqQashani.SharhFusus:00209	leaf=209	90.7
nur.0736CabdRazzaqQashani.SharhFusus	urn:lib:nur.0736CabdRazzaqQashani.SharhFusus:00339	leaf=339	90.8
nur.0736CabdRazzaqQashani.SharhFusus	urn:lib:nur.0736CabdRazzaqQashani.SharhFusus:00245	leaf=245	90.9
nur.0736CabdRazzaqQashani.SharhFusus	urn:lib:nur.0736CabdRazzaqQashani.SharhFusus:00236	leaf=236	91.0
nur.0736CabdRazzaqQashani.SharhFusus	urn:lib:nur.0736CabdRazzaqQashani.SharhFusus:00242	leaf=242	91.1
nur.0736CabdRazzaqQashani.SharhFusus	urn:lib:nur.0736CabdRazzaqQashani.SharhFusus:00207	leaf=207	91.2
nur.0736CabdRazzaqQashani.SharhFusus	urn:lib:nur.0736CabdRazzaqQashani.SharhFusus:00073	leaf=73	91.4
nur.0736CabdRazzaqQashani.SharhFusus	urn:lib:nur.0736CabdRazzaqQashani.SharhFusus:00295	leaf=295	91.4
nur.0736CabdRazzaqQashani.SharhFusus	urn:lib:nur.0736CabdRazzaqQashani.SharhFusus:00199	leaf=199	91.5
nur.0736CabdRazzaqQashani.SharhFusus	urn:lib:nur.0736CabdRazzaqQashani.SharhFusus:00238	leaf=238	91.7
nur.0751DawudQaysari.SharhFusus	urn:lib:nur.0751DawudQaysari.SharhFusus:00001	leaf=1	25.4
nur.0751DawudQaysari.SharhFusus	urn:lib:nur.0751DawudQaysari.SharhFusus:01414	leaf=1414	28.2
nur.0751DawudQaysari.SharhFusus	urn:lib:nur.0751DawudQaysari.SharhFusus:00705	leaf=705	40.9
nur.0751DawudQaysari.SharhFusus	urn:lib:nur.0751DawudQaysari.SharhFusus:00003	leaf=3	66.3
nur.0751DawudQaysari.SharhFusus	urn:lib:nur.0751DawudQaysari.SharhFusus:00002	leaf=2	66.7
nur.0751DawudQaysari.SharhFusus	urn:lib:nur.0751DawudQaysari.SharhFusus:00706	leaf=706	66.7
nur.0751DawudQaysari.SharhFusus	urn:lib:nur.0751DawudQaysari.SharhFusus:00572	leaf=572 printed_page=33	71.1
nur.0751DawudQaysari.SharhFusus	urn:lib:nur.0751DawudQaysari.SharhFusus:00547	leaf=547 printed_page=۸	71.2
nur.0751DawudQaysari.SharhFusus	urn:lib:nur.0751DawudQaysari.SharhFusus:01247	leaf=1247 printed_page=7	72.7
nur.0751DawudQaysari.SharhFusus	urn:lib:nur.0751DawudQaysari.SharhFusus:00005	leaf=5 printed_page=1	74.2
nur.0751DawudQaysari.SharhFusus	urn:lib:nur.0751DawudQaysari.SharhFusus:00697	leaf=697 printed_page=5	74.2
nur.0751DawudQaysari.SharhFusus	urn:lib:nur.0751DawudQaysari.SharhFusus:00080	leaf=80 printed_page=81	75.0
nur.0751DawudQaysari.SharhFusus	urn:lib:nur.0751DawudQaysari.SharhFusus:00036	leaf=36 printed_page=37	75.1
nur.0751DawudQaysari.SharhFusus	urn:lib:nur.0751DawudQaysari.SharhFusus:00142	leaf=142 printed_page=12	76.3
nur.0751DawudQaysari.SharhFusus	urn:lib:nur.0751DawudQaysari.SharhFusus:00159	leaf=159 printed_page=55	77.0
nur.0751DawudQaysari.SharhFusus	urn:lib:nur.0751DawudQaysari.SharhFusus:00179	leaf=179 printed_page=5	77.1
nur.0751DawudQaysari.SharhFusus	urn:lib:nur.0751DawudQaysari.SharhFusus:00693	leaf=693 printed_page=24	77.3
nur.0751DawudQaysari.SharhFusus	urn:lib:nur.0751DawudQaysari.SharhFusus:01037	leaf=1037 printed_page=3	77.8
nur.0751DawudQaysari.SharhFusus	urn:lib:nur.0751DawudQaysari.SharhFusus:01050	leaf=1050	77.8
nur.0751DawudQaysari.SharhFusus	urn:lib:nur.0751DawudQaysari.SharhFusus:00155	leaf=155 printed_page=7	78.0
nur.0751DawudQaysari.SharhFusus	urn:lib:nur.0751DawudQaysari.SharhFusus:00158	leaf=158 printed_page=54	78.3
nur.0751DawudQaysari.SharhFusus	urn:lib:nur.0751DawudQaysari.SharhFusus:00437	leaf=437 printed_page=9	78.8
nur.0751DawudQaysari.SharhFusus	urn:lib:nur.0751DawudQaysari.SharhFusus:00279	leaf=279 printed_page=10	79.3
nur.0751DawudQaysari.SharhFusus	urn:lib:nur.0751DawudQaysari.SharhFusus:01067	leaf=1067	79.4
nur.0751DawudQaysari.SharhFusus	urn:lib:nur.0751DawudQaysari.SharhFusus:00113	leaf=113 printed_page=59	79.8
nur.0751DawudQaysari.SharhTaiyya	urn:lib:nur.0751DawudQaysari.SharhTaiyya:00223	leaf=223	28.0
nur.0751DawudQaysari.SharhTaiyya	urn:lib:nur.0751DawudQaysari.SharhTaiyya:00001	leaf=1 printed_page=1	60.0
nur.0751DawudQaysari.SharhTaiyya	urn:lib:nur.0751DawudQaysari.SharhTaiyya:00005	leaf=5 printed_page=5	63.0
nur.0751DawudQaysari.SharhTaiyya	urn:lib:nur.0751DawudQaysari.SharhTaiyya:00003	leaf=3 printed_page=3	65.0
nur.0751DawudQaysari.SharhTaiyya	urn:lib:nur.0751DawudQaysari.SharhTaiyya:00197	leaf=197 printed_page=197	79.7
nur.0751DawudQaysari.SharhTaiyya	urn:lib:nur.0751DawudQaysari.SharhTaiyya:00201	leaf=201 printed_page=201	79.8
nur.0751DawudQaysari.SharhTaiyya	urn:lib:nur.0751DawudQaysari.SharhTaiyya:00194	leaf=194 printed_page=194	80.9
nur.0751DawudQaysari.SharhTaiyya	urn:lib:nur.0751DawudQaysari.SharhTaiyya:00207	leaf=207 printed_page=207	80.9
nur.0751DawudQaysari.SharhTaiyya	urn:lib:nur.0751DawudQaysari.SharhTaiyya:00195	leaf=195 printed_page=195	81.5
nur.0751DawudQaysari.SharhTaiyya	urn:lib:nur.0751DawudQaysari.SharhTaiyya:00203	leaf=203 printed_page=203	81.5
nur.0751DawudQaysari.SharhTaiyya	urn:lib:nur.0751DawudQaysari.SharhTaiyya:00214	leaf=214 printed_page=214	81.6
nur.0751DawudQaysari.SharhTaiyya	urn:lib:nur.0751DawudQaysari.SharhTaiyya:00198	leaf=198 printed_page=198	81.7
nur.0751DawudQaysari.SharhTaiyya	urn:lib:nur.0751DawudQaysari.SharhTaiyya:00200	leaf=200 printed_page=200	81.8
nur.0751DawudQaysari.SharhTaiyya	urn:lib:nur.0751DawudQaysari.SharhTaiyya:00220	leaf=220 printed_page=220	82.0
nur.0751DawudQaysari.SharhTaiyya	urn:lib:nur.0751DawudQaysari.SharhTaiyya:00202	leaf=202 printed_page=202	82.3
nur.0751DawudQaysari.SharhTaiyya	urn:lib:nur.0751DawudQaysari.SharhTaiyya:00216	leaf=216 printed_page=216	82.3
nur.0751DawudQaysari.SharhTaiyya	urn:lib:nur.0751DawudQaysari.SharhTaiyya:00219	leaf=219 printed_page=219	82.3
nur.0751DawudQaysari.SharhTaiyya	urn:lib:nur.0751DawudQaysari.SharhTaiyya:00215	leaf=215 printed_page=215	82.6
nur.0751DawudQaysari.SharhTaiyya	urn:lib:nur.0751DawudQaysari.SharhTaiyya:00221	leaf=221 printed_page=221	83.7
nur.0751DawudQaysari.SharhTaiyya	urn:lib:nur.0751DawudQaysari.SharhTaiyya:00199	leaf=199 printed_page=199	84.3
nur.0751DawudQaysari.SharhTaiyya	urn:lib:nur.0751DawudQaysari.SharhTaiyya:00208	leaf=208 printed_page=208	84.3
nur.0751DawudQaysari.SharhTaiyya	urn:lib:nur.0751DawudQaysari.SharhTaiyya:00205	leaf=205 printed_page=205	84.5
nur.0751DawudQaysari.SharhTaiyya	urn:lib:nur.0751DawudQaysari.SharhTaiyya:00217	leaf=217 printed_page=217	84.8
nur.0751DawudQaysari.SharhTaiyya	urn:lib:nur.0751DawudQaysari.SharhTaiyya:00204	leaf=204 printed_page=204	85.6
nur.0751DawudQaysari.SharhTaiyya	urn:lib:nur.0751DawudQaysari.SharhTaiyya:00006	leaf=6 printed_page=6	85.7
nur.0805CabdKarimJili.InsanKamil	urn:lib:nur.0805CabdKarimJili.InsanKamil:00295	leaf=295	9.8
nur.0805CabdKarimJili.InsanKamil	urn:lib:nur.0805CabdKarimJili.InsanKamil:00288	leaf=288 printed_page=5	40.4
nur.0805CabdKarimJili.InsanKamil	urn:lib:nur.0805CabdKarimJili.InsanKamil:00004	leaf=4 printed_page=1	44.4
nur.0805CabdKarimJili.InsanKamil	urn:lib:nur.0805CabdKarimJili.InsanKamil:00007	leaf=7 printed_page=4	54.8
nur.0805CabdKarimJili.InsanKamil	urn:lib:nur.0805CabdKarimJili.InsanKamil:00290	leaf=290	58.8
nur.0805CabdKarimJili.InsanKamil	urn:lib:nur.0805CabdKarimJili.InsanKamil:00289	leaf=289	59.7
nur.0805CabdKarimJili.InsanKamil	urn:lib:nur.0805CabdKarimJili.InsanKamil:00038	leaf=38	83.2
nur.0805CabdKarimJili.InsanKamil	urn:lib:nur.0805CabdKarimJili.InsanKamil:00048	leaf=48	84.6
nur.0805CabdKarimJili.InsanKamil	urn:lib:nur.0805CabdKarimJili.InsanKamil:00039	leaf=39	86.6
nur.0805CabdKarimJili.InsanKamil	urn:lib:nur.0805CabdKarimJili.InsanKamil:00049	leaf=49	88.5
nur.0805CabdKarimJili.InsanKamil	urn:lib:nur.0805CabdKarimJili.InsanKamil:00274	leaf=274	90.9
nur.0805CabdKarimJili.InsanKamil	urn:lib:nur.0805CabdKarimJili.InsanKamil:00144	leaf=144	91.7
nur.0805CabdKarimJili.InsanKamil	urn:lib:nur.0805CabdKarimJili.InsanKamil:00097	leaf=97	91.8
nur.0805CabdKarimJili.InsanKamil	urn:lib:nur.0805CabdKarimJili.InsanKamil:00064	leaf=64	92.5
nur.0805CabdKarimJili.InsanKamil	urn:lib:nur.0805CabdKarimJili.InsanKamil:00020	leaf=20	92.9
nur.0805CabdKarimJili.InsanKamil	urn:lib:nur.0805CabdKarimJili.InsanKamil:00080	leaf=80	92.9
nur.0805CabdKarimJili.InsanKamil	urn:lib:nur.0805CabdKarimJili.InsanKamil:00258	leaf=258	93.0
nur.0805CabdKarimJili.InsanKamil	urn:lib:nur.0805CabdKarimJili.InsanKamil:00160	leaf=160	93.2
nur.0805CabdKarimJili.InsanKamil	urn:lib:nur.0805CabdKarimJili.InsanKamil:00141	leaf=141	93.3
nur.0805CabdKarimJili.InsanKamil	urn:lib:nur.0805CabdKarimJili.InsanKamil:00096	leaf=96	93.5
nur.0805CabdKarimJili.InsanKamil	urn:lib:nur.0805CabdKarimJili.InsanKamil:00140	leaf=140	93.7
nur.0805CabdKarimJili.InsanKamil	urn:lib:nur.0805CabdKarimJili.InsanKamil:00192	leaf=192	93.7
nur.0805CabdKarimJili.InsanKamil	urn:lib:nur.0805CabdKarimJili.InsanKamil:00126	leaf=126	94.1
nur.0805CabdKarimJili.InsanKamil	urn:lib:nur.0805CabdKarimJili.InsanKamil:00139	leaf=139	94.1
nur.0805CabdKarimJili.InsanKamil	urn:lib:nur.0805CabdKarimJili.InsanKamil:00051	leaf=51	94.4
nur.0805CabdKarimJili.KamalatIlahiyya	urn:openiti:0805CabdKarimJili.KamalatIlahiyya.AOCP20251104099-ara1:p00460	vol=1 page_before=130	55.6
nur.0805CabdKarimJili.KamalatIlahiyya	urn:openiti:0805CabdKarimJili.KamalatIlahiyya.AOCP20251104099-ara1:p00470	vol=1 page_before=131	70.0
nur.0805CabdKarimJili.KamalatIlahiyya	urn:openiti:0805CabdKarimJili.KamalatIlahiyya.AOCP20251104099-ara1:p00239	vol=1 page_before=79	73.3
nur.0805CabdKarimJili.KamalatIlahiyya	urn:openiti:0805CabdKarimJili.KamalatIlahiyya.AOCP20251104099-ara1:p00566	vol=1 page_before=147	75.0
nur.0805CabdKarimJili.KamalatIlahiyya	urn:openiti:0805CabdKarimJili.KamalatIlahiyya.AOCP20251104099-ara1:p00335	vol=1 page_before=106	77.8
nur.0805CabdKarimJili.KamalatIlahiyya	urn:openiti:0805CabdKarimJili.KamalatIlahiyya.AOCP20251104099-ara1:p00265	vol=1 page_before=90	78.6
nur.0805CabdKarimJili.KamalatIlahiyya	urn:openiti:0805CabdKarimJili.KamalatIlahiyya.AOCP20251104099-ara1:p01039	vol=1 page_before=240	78.6
nur.0805CabdKarimJili.KamalatIlahiyya	urn:openiti:0805CabdKarimJili.KamalatIlahiyya.AOCP20251104099-ara1:p00894	vol=1 page_before=210	80.0
nur.0805CabdKarimJili.KamalatIlahiyya	urn:openiti:0805CabdKarimJili.KamalatIlahiyya.AOCP20251104099-ara1:p00975	vol=1 page_before=226	83.3
nur.0805CabdKarimJili.KamalatIlahiyya	urn:openiti:0805CabdKarimJili.KamalatIlahiyya.AOCP20251104099-ara1:p01208	vol=1 page_before=275	83.8
nur.0805CabdKarimJili.KamalatIlahiyya	urn:openiti:0805CabdKarimJili.KamalatIlahiyya.AOCP20251104099-ara1:p00924	vol=1 page_before=217	84.2
nur.0805CabdKarimJili.KamalatIlahiyya	urn:openiti:0805CabdKarimJili.KamalatIlahiyya.AOCP20251104099-ara1:p00409	vol=1 page_before=122	84.6
nur.0805CabdKarimJili.KamalatIlahiyya	urn:openiti:0805CabdKarimJili.KamalatIlahiyya.AOCP20251104099-ara1:p00650	vol=1 page_before=163	84.6
nur.0805CabdKarimJili.KamalatIlahiyya	urn:openiti:0805CabdKarimJili.KamalatIlahiyya.AOCP20251104099-ara1:p01112	vol=1 page_before=255	84.6
nur.0805CabdKarimJili.KamalatIlahiyya	urn:openiti:0805CabdKarimJili.KamalatIlahiyya.AOCP20251104099-ara1:p01286	vol=1 page_before=301	84.6
nur.0805CabdKarimJili.KamalatIlahiyya	urn:openiti:0805CabdKarimJili.KamalatIlahiyya.AOCP20251104099-ara1:p01046	vol=1 page_before=240	85.0
nur.0805CabdKarimJili.KamalatIlahiyya	urn:openiti:0805CabdKarimJili.KamalatIlahiyya.AOCP20251104099-ara1:p00100	vol=1 page_before=45	85.7
nur.0805CabdKarimJili.KamalatIlahiyya	urn:openiti:0805CabdKarimJili.KamalatIlahiyya.AOCP20251104099-ara1:p00855	vol=1 page_before=203	86.2
nur.0805CabdKarimJili.KamalatIlahiyya	urn:openiti:0805CabdKarimJili.KamalatIlahiyya.AOCP20251104099-ara1:p01182	vol=1 page_before=266	86.4
nur.0805CabdKarimJili.KamalatIlahiyya	urn:openiti:0805CabdKarimJili.KamalatIlahiyya.AOCP20251104099-ara1:p01458	vol=1 page_before=329	86.7
nur.0805CabdKarimJili.KamalatIlahiyya	urn:openiti:0805CabdKarimJili.KamalatIlahiyya.AOCP20251104099-ara1:p00080	vol=1 page_before=41	87.5
nur.0805CabdKarimJili.KamalatIlahiyya	urn:openiti:0805CabdKarimJili.KamalatIlahiyya.AOCP20251104099-ara1:p00139	vol=1 page_before=55	87.5
nur.0805CabdKarimJili.KamalatIlahiyya	urn:openiti:0805CabdKarimJili.KamalatIlahiyya.AOCP20251104099-ara1:p00320	vol=1 page_before=102	87.5
nur.0805CabdKarimJili.KamalatIlahiyya	urn:openiti:0805CabdKarimJili.KamalatIlahiyya.AOCP20251104099-ara1:p01150	vol=1 page_before=260	87.5
nur.0805CabdKarimJili.KamalatIlahiyya	urn:openiti:0805CabdKarimJili.KamalatIlahiyya.AOCP20251104099-ara1:p01014	vol=1 page_before=233	88.6
shams.maqalat.movahhed_ocr	urn:lib:shams.maqalat.movahhed_ocr:00999	leaf=999 printed_page=۳۹۰	25.3
shams.maqalat.movahhed_ocr	urn:lib:shams.maqalat.movahhed_ocr:00002	leaf=2	27.8
shams.maqalat.movahhed_ocr	urn:lib:shams.maqalat.movahhed_ocr:00995	leaf=995 printed_page=386	27.9
shams.maqalat.movahhed_ocr	urn:lib:shams.maqalat.movahhed_ocr:00993	leaf=993 printed_page=384	31.8
shams.maqalat.movahhed_ocr	urn:lib:shams.maqalat.movahhed_ocr:01004	leaf=1004 printed_page=۳۹۵	32.1
shams.maqalat.movahhed_ocr	urn:lib:shams.maqalat.movahhed_ocr:00994	leaf=994 printed_page=۳۸۵	32.9
shams.maqalat.movahhed_ocr	urn:lib:shams.maqalat.movahhed_ocr:00987	leaf=987 printed_page=378	33.2
shams.maqalat.movahhed_ocr	urn:lib:shams.maqalat.movahhed_ocr:01005	leaf=1005 printed_page=396	33.2
shams.maqalat.movahhed_ocr	urn:lib:shams.maqalat.movahhed_ocr:00989	leaf=989 printed_page=۳۸۰	33.8
shams.maqalat.movahhed_ocr	urn:lib:shams.maqalat.movahhed_ocr:01000	leaf=1000 printed_page=۳۹۱	34.3
shams.maqalat.movahhed_ocr	urn:lib:shams.maqalat.movahhed_ocr:01003	leaf=1003 printed_page=۳۹۴	34.8
shams.maqalat.movahhed_ocr	urn:lib:shams.maqalat.movahhed_ocr:01001	leaf=1001 printed_page=392	34.9
shams.maqalat.movahhed_ocr	urn:lib:shams.maqalat.movahhed_ocr:00992	leaf=992 printed_page=383	35.6
shams.maqalat.movahhed_ocr	urn:lib:shams.maqalat.movahhed_ocr:00990	leaf=990 printed_page=381	36.2
shams.maqalat.movahhed_ocr	urn:lib:shams.maqalat.movahhed_ocr:00988	leaf=988 printed_page=379	37.2
shams.maqalat.movahhed_ocr	urn:lib:shams.maqalat.movahhed_ocr:00998	leaf=998 printed_page=389	37.3
shams.maqalat.movahhed_ocr	urn:lib:shams.maqalat.movahhed_ocr:01002	leaf=1002 printed_page=۳۹۳	38.4
shams.maqalat.movahhed_ocr	urn:lib:shams.maqalat.movahhed_ocr:00996	leaf=996 printed_page=387	39.9
shams.maqalat.movahhed_ocr	urn:lib:shams.maqalat.movahhed_ocr:00991	leaf=991 printed_page=382	40.9
shams.maqalat.movahhed_ocr	urn:lib:shams.maqalat.movahhed_ocr:00997	leaf=997 printed_page=388	42.5
shams.maqalat.movahhed_ocr	urn:lib:shams.maqalat.movahhed_ocr:00984	leaf=984 printed_page=۳۷۵	48.9
shams.maqalat.movahhed_ocr	urn:lib:shams.maqalat.movahhed_ocr:00023	leaf=23 printed_page=۱۲	53.9
shams.maqalat.movahhed_ocr	urn:lib:shams.maqalat.movahhed_ocr:00983	leaf=983 printed_page=374	53.9
shams.maqalat.movahhed_ocr	urn:lib:shams.maqalat.movahhed_ocr:00980	leaf=980 printed_page=371	55.1
shams.maqalat.movahhed_ocr	urn:lib:shams.maqalat.movahhed_ocr:00985	leaf=985 printed_page=۳۷۶	55.8
wilaya.0320HakimTirmidhi.MasalaFiWasfMufarridin	urn:openiti:0320HakimTirmidhi.MasalaFiWasfMufarridin.AOCP20251104011-ara1:p00120	vol=1 page_before=49	60.0
wilaya.0320HakimTirmidhi.MasalaFiWasfMufarridin	urn:openiti:0320HakimTirmidhi.MasalaFiWasfMufarridin.AOCP20251104011-ara1:p00026	vol=1 page_before=27	72.2
wilaya.0320HakimTirmidhi.MasalaFiWasfMufarridin	urn:openiti:0320HakimTirmidhi.MasalaFiWasfMufarridin.AOCP20251104011-ara1:p00025	vol=1 page_before=27	75.0
wilaya.0320HakimTirmidhi.MasalaFiWasfMufarridin	urn:openiti:0320HakimTirmidhi.MasalaFiWasfMufarridin.AOCP20251104011-ara1:p00053	vol=1 page_before=33	77.8
wilaya.0320HakimTirmidhi.MasalaFiWasfMufarridin	urn:openiti:0320HakimTirmidhi.MasalaFiWasfMufarridin.AOCP20251104011-ara1:p00132	vol=1 page_before=54	78.3
wilaya.0320HakimTirmidhi.MasalaFiWasfMufarridin	urn:openiti:0320HakimTirmidhi.MasalaFiWasfMufarridin.AOCP20251104011-ara1:p00003		78.6
wilaya.0320HakimTirmidhi.MasalaFiWasfMufarridin	urn:openiti:0320HakimTirmidhi.MasalaFiWasfMufarridin.AOCP20251104011-ara1:p00010	vol=1 page_before=24	78.9
wilaya.0320HakimTirmidhi.MasalaFiWasfMufarridin	urn:openiti:0320HakimTirmidhi.MasalaFiWasfMufarridin.AOCP20251104011-ara1:p00037	vol=1 page_before=29	79.6
wilaya.0320HakimTirmidhi.MasalaFiWasfMufarridin	urn:openiti:0320HakimTirmidhi.MasalaFiWasfMufarridin.AOCP20251104011-ara1:p00009	vol=1 page_before=24	81.2
wilaya.0320HakimTirmidhi.MasalaFiWasfMufarridin	urn:openiti:0320HakimTirmidhi.MasalaFiWasfMufarridin.AOCP20251104011-ara1:p00013	vol=1 page_before=25	81.2
wilaya.0320HakimTirmidhi.MasalaFiWasfMufarridin	urn:openiti:0320HakimTirmidhi.MasalaFiWasfMufarridin.AOCP20251104011-ara1:p00036	vol=1 page_before=29	81.8
wilaya.0320HakimTirmidhi.MasalaFiWasfMufarridin	urn:openiti:0320HakimTirmidhi.MasalaFiWasfMufarridin.AOCP20251104011-ara1:p00045	vol=1 page_before=31	82.4
wilaya.0320HakimTirmidhi.MasalaFiWasfMufarridin	urn:openiti:0320HakimTirmidhi.MasalaFiWasfMufarridin.AOCP20251104011-ara1:p00048	vol=1 page_before=32	82.4
wilaya.0320HakimTirmidhi.MasalaFiWasfMufarridin	urn:openiti:0320HakimTirmidhi.MasalaFiWasfMufarridin.AOCP20251104011-ara1:p00022	vol=1 page_before=26	82.8
wilaya.0320HakimTirmidhi.MasalaFiWasfMufarridin	urn:openiti:0320HakimTirmidhi.MasalaFiWasfMufarridin.AOCP20251104011-ara1:p00093	vol=1 page_before=41	83.3
wilaya.0320HakimTirmidhi.MasalaFiWasfMufarridin	urn:openiti:0320HakimTirmidhi.MasalaFiWasfMufarridin.AOCP20251104011-ara1:p00040	vol=1 page_before=30	84.0
wilaya.0320HakimTirmidhi.MasalaFiWasfMufarridin	urn:openiti:0320HakimTirmidhi.MasalaFiWasfMufarridin.AOCP20251104011-ara1:p00082	vol=1 page_before=39	84.0
wilaya.0320HakimTirmidhi.MasalaFiWasfMufarridin	urn:openiti:0320HakimTirmidhi.MasalaFiWasfMufarridin.AOCP20251104011-ara1:p00115	vol=1 page_before=47	84.0
wilaya.0320HakimTirmidhi.MasalaFiWasfMufarridin	urn:openiti:0320HakimTirmidhi.MasalaFiWasfMufarridin.AOCP20251104011-ara1:p00085	vol=1 page_before=40	84.6
wilaya.0320HakimTirmidhi.MasalaFiWasfMufarridin	urn:openiti:0320HakimTirmidhi.MasalaFiWasfMufarridin.AOCP20251104011-ara1:p00125	vol=1 page_before=51	85.1
wilaya.0320HakimTirmidhi.MasalaFiWasfMufarridin	urn:openiti:0320HakimTirmidhi.MasalaFiWasfMufarridin.AOCP20251104011-ara1:p00034	vol=1 page_before=28	85.2
wilaya.0320HakimTirmidhi.MasalaFiWasfMufarridin	urn:openiti:0320HakimTirmidhi.MasalaFiWasfMufarridin.AOCP20251104011-ara1:p00123	vol=1 page_before=50	85.9
wilaya.0320HakimTirmidhi.MasalaFiWasfMufarridin	urn:openiti:0320HakimTirmidhi.MasalaFiWasfMufarridin.AOCP20251104011-ara1:p00041	vol=1 page_before=30	87.0
wilaya.0320HakimTirmidhi.MasalaFiWasfMufarridin	urn:openiti:0320HakimTirmidhi.MasalaFiWasfMufarridin.AOCP20251104011-ara1:p00069	vol=1 page_before=37	87.0
wilaya.0320HakimTirmidhi.MasalaFiWasfMufarridin	urn:openiti:0320HakimTirmidhi.MasalaFiWasfMufarridin.AOCP20251104011-ara1:p00061	vol=1 page_before=35	87.1
wilaya.0628IbnZayyat.Tashawwuf	urn:openiti:0628IbnZayyat.Tashawwuf.Kraken21042921-ara1:p01274	vol=0 page_before=0	25.0
wilaya.0628IbnZayyat.Tashawwuf	urn:openiti:0628IbnZayyat.Tashawwuf.Kraken21042921-ara1:p00136	vol=0 page_before=0	30.8
wilaya.0628IbnZayyat.Tashawwuf	urn:openiti:0628IbnZayyat.Tashawwuf.Kraken21042921-ara1:p01132	vol=0 page_before=0	37.5
wilaya.0628IbnZayyat.Tashawwuf	urn:openiti:0628IbnZayyat.Tashawwuf.Kraken21042921-ara1:p01818	vol=0 page_before=0	38.5
wilaya.0628IbnZayyat.Tashawwuf	urn:openiti:0628IbnZayyat.Tashawwuf.Kraken21042921-ara1:p00668	vol=0 page_before=0	44.4
wilaya.0628IbnZayyat.Tashawwuf	urn:openiti:0628IbnZayyat.Tashawwuf.Kraken21042921-ara1:p01776	vol=0 page_before=0	44.4
wilaya.0628IbnZayyat.Tashawwuf	urn:openiti:0628IbnZayyat.Tashawwuf.Kraken21042921-ara1:p01715	vol=0 page_before=0	46.2
wilaya.0628IbnZayyat.Tashawwuf	urn:openiti:0628IbnZayyat.Tashawwuf.Kraken21042921-ara1:p01068	vol=0 page_before=0	47.1
wilaya.0628IbnZayyat.Tashawwuf	urn:openiti:0628IbnZayyat.Tashawwuf.Kraken21042921-ara1:p01197	vol=0 page_before=0	50.0
wilaya.0628IbnZayyat.Tashawwuf	urn:openiti:0628IbnZayyat.Tashawwuf.Kraken21042921-ara1:p01511	vol=0 page_before=0	50.0
wilaya.0628IbnZayyat.Tashawwuf	urn:openiti:0628IbnZayyat.Tashawwuf.Kraken21042921-ara1:p02007	vol=0 page_before=0	50.0
wilaya.0628IbnZayyat.Tashawwuf	urn:openiti:0628IbnZayyat.Tashawwuf.Kraken21042921-ara1:p01352	vol=0 page_before=0	51.9
wilaya.0628IbnZayyat.Tashawwuf	urn:openiti:0628IbnZayyat.Tashawwuf.Kraken21042921-ara1:p00138	vol=0 page_before=0	54.5
wilaya.0628IbnZayyat.Tashawwuf	urn:openiti:0628IbnZayyat.Tashawwuf.Kraken21042921-ara1:p01179	vol=0 page_before=0	54.5
wilaya.0628IbnZayyat.Tashawwuf	urn:openiti:0628IbnZayyat.Tashawwuf.Kraken21042921-ara1:p01985	vol=0 page_before=0	55.6
wilaya.0628IbnZayyat.Tashawwuf	urn:openiti:0628IbnZayyat.Tashawwuf.Kraken21042921-ara1:p00656	vol=0 page_before=0	58.3
wilaya.0628IbnZayyat.Tashawwuf	urn:openiti:0628IbnZayyat.Tashawwuf.Kraken21042921-ara1:p00717	vol=0 page_before=0	60.0
wilaya.0628IbnZayyat.Tashawwuf	urn:openiti:0628IbnZayyat.Tashawwuf.Kraken21042921-ara1:p01537	vol=0 page_before=0	60.0
wilaya.0628IbnZayyat.Tashawwuf	urn:openiti:0628IbnZayyat.Tashawwuf.Kraken21042921-ara1:p01793	vol=0 page_before=0	60.0
wilaya.0628IbnZayyat.Tashawwuf	urn:openiti:0628IbnZayyat.Tashawwuf.Kraken21042921-ara1:p00475	vol=0 page_before=0	61.1
wilaya.0628IbnZayyat.Tashawwuf	urn:openiti:0628IbnZayyat.Tashawwuf.Kraken21042921-ara1:p00392	vol=0 page_before=0	61.5
wilaya.0628IbnZayyat.Tashawwuf	urn:openiti:0628IbnZayyat.Tashawwuf.Kraken21042921-ara1:p01463	vol=0 page_before=0	61.9
wilaya.0628IbnZayyat.Tashawwuf	urn:openiti:0628IbnZayyat.Tashawwuf.Kraken21042921-ara1:p00064	vol=0 page_before=0	62.5
wilaya.0628IbnZayyat.Tashawwuf	urn:openiti:0628IbnZayyat.Tashawwuf.Kraken21042921-ara1:p00097	vol=0 page_before=0	62.5
wilaya.0628IbnZayyat.Tashawwuf	urn:openiti:0628IbnZayyat.Tashawwuf.Kraken21042921-ara1:p00566	vol=0 page_before=0	62.5
wilaya.0709IbnCataAllahSikandari.LataifMinan	urn:openiti:0709IbnCataAllahSikandari.LataifMinan.Kraken220414225447-ara1:p00229	vol=0 page_before=76	30.0
wilaya.0709IbnCataAllahSikandari.LataifMinan	urn:openiti:0709IbnCataAllahSikandari.LataifMinan.Kraken220414225447-ara1:p00070	vol=0 page_before=26	33.3
wilaya.0709IbnCataAllahSikandari.LataifMinan	urn:openiti:0709IbnCataAllahSikandari.LataifMinan.Kraken220414225447-ara1:p00281	vol=0 page_before=97	56.0
wilaya.0709IbnCataAllahSikandari.LataifMinan	urn:openiti:0709IbnCataAllahSikandari.LataifMinan.Kraken220414225447-ara1:p00104	vol=0 page_before=37	58.3
wilaya.0709IbnCataAllahSikandari.LataifMinan	urn:openiti:0709IbnCataAllahSikandari.LataifMinan.Kraken220414225447-ara1:p00300	vol=0 page_before=101	65.2
wilaya.0709IbnCataAllahSikandari.LataifMinan	urn:openiti:0709IbnCataAllahSikandari.LataifMinan.Kraken220414225447-ara1:p00428	vol=0 page_before=143	69.6
wilaya.0709IbnCataAllahSikandari.LataifMinan	urn:openiti:0709IbnCataAllahSikandari.LataifMinan.Kraken220414225447-ara1:p00125	vol=0 page_before=42	69.8
wilaya.0709IbnCataAllahSikandari.LataifMinan	urn:openiti:0709IbnCataAllahSikandari.LataifMinan.Kraken220414225447-ara1:p00058	vol=0 page_before=22	70.3
wilaya.0709IbnCataAllahSikandari.LataifMinan	urn:openiti:0709IbnCataAllahSikandari.LataifMinan.Kraken220414225447-ara1:p00052	vol=0 page_before=19	70.6
wilaya.0709IbnCataAllahSikandari.LataifMinan	urn:openiti:0709IbnCataAllahSikandari.LataifMinan.Kraken220414225447-ara1:p00346	vol=0 page_before=118	70.6
wilaya.0709IbnCataAllahSikandari.LataifMinan	urn:openiti:0709IbnCataAllahSikandari.LataifMinan.Kraken220414225447-ara1:p00059	vol=0 page_before=22	70.7
wilaya.0709IbnCataAllahSikandari.LataifMinan	urn:openiti:0709IbnCataAllahSikandari.LataifMinan.Kraken220414225447-ara1:p00333	vol=0 page_before=113	71.2
wilaya.0709IbnCataAllahSikandari.LataifMinan	urn:openiti:0709IbnCataAllahSikandari.LataifMinan.Kraken220414225447-ara1:p00114	vol=0 page_before=39	72.7
wilaya.0709IbnCataAllahSikandari.LataifMinan	urn:openiti:0709IbnCataAllahSikandari.LataifMinan.Kraken220414225447-ara1:p00327	vol=0 page_before=110	72.7
wilaya.0709IbnCataAllahSikandari.LataifMinan	urn:openiti:0709IbnCataAllahSikandari.LataifMinan.Kraken220414225447-ara1:p00462	vol=0 page_before=162	72.7
wilaya.0709IbnCataAllahSikandari.LataifMinan	urn:openiti:0709IbnCataAllahSikandari.LataifMinan.Kraken220414225447-ara1:p00015	vol=0 page_before=6	73.3
wilaya.0709IbnCataAllahSikandari.LataifMinan	urn:openiti:0709IbnCataAllahSikandari.LataifMinan.Kraken220414225447-ara1:p00162	vol=0 page_before=56	75.6
wilaya.0709IbnCataAllahSikandari.LataifMinan	urn:openiti:0709IbnCataAllahSikandari.LataifMinan.Kraken220414225447-ara1:p00080	vol=0 page_before=29	76.2
wilaya.0709IbnCataAllahSikandari.LataifMinan	urn:openiti:0709IbnCataAllahSikandari.LataifMinan.Kraken220414225447-ara1:p00481	vol=0 page_before=169	77.8
wilaya.0709IbnCataAllahSikandari.LataifMinan	urn:openiti:0709IbnCataAllahSikandari.LataifMinan.Kraken220414225447-ara1:p00028	vol=0 page_before=11	79.0
wilaya.0709IbnCataAllahSikandari.LataifMinan	urn:openiti:0709IbnCataAllahSikandari.LataifMinan.Kraken220414225447-ara1:p00315	vol=0 page_before=107	80.0
wilaya.0709IbnCataAllahSikandari.LataifMinan	urn:openiti:0709IbnCataAllahSikandari.LataifMinan.Kraken220414225447-ara1:p00487	vol=0 page_before=171	81.8
wilaya.0709IbnCataAllahSikandari.LataifMinan	urn:openiti:0709IbnCataAllahSikandari.LataifMinan.Kraken220414225447-ara1:p00066	vol=0 page_before=25	82.3
wilaya.0709IbnCataAllahSikandari.LataifMinan	urn:openiti:0709IbnCataAllahSikandari.LataifMinan.Kraken220414225447-ara1:p00118	vol=0 page_before=40	82.8
wilaya.0709IbnCataAllahSikandari.LataifMinan	urn:openiti:0709IbnCataAllahSikandari.LataifMinan.Kraken220414225447-ara1:p00286	vol=0 page_before=98	83.7
wilaya.0768Yafici.RawdRayahin	urn:openiti:0768Yafici.RawdRayahin.Kraken220208041038-ara1:p00001		25.0
wilaya.0768Yafici.RawdRayahin	urn:openiti:0768Yafici.RawdRayahin.Kraken220208041038-ara1:p01156	vol=0 page_before=464	33.3
wilaya.0768Yafici.RawdRayahin	urn:openiti:0768Yafici.RawdRayahin.Kraken220208041038-ara1:p00026	vol=0 page_before=9	50.0
wilaya.0768Yafici.RawdRayahin	urn:openiti:0768Yafici.RawdRayahin.Kraken220208041038-ara1:p00949	vol=0 page_before=375	60.0
wilaya.0768Yafici.RawdRayahin	urn:openiti:0768Yafici.RawdRayahin.Kraken220208041038-ara1:p01059	vol=0 page_before=415	60.0
wilaya.0768Yafici.RawdRayahin	urn:openiti:0768Yafici.RawdRayahin.Kraken220208041038-ara1:p01140	vol=0 page_before=449	62.2
wilaya.0768Yafici.RawdRayahin	urn:openiti:0768Yafici.RawdRayahin.Kraken220208041038-ara1:p00680	vol=0 page_before=266	63.6
wilaya.0768Yafici.RawdRayahin	urn:openiti:0768Yafici.RawdRayahin.Kraken220208041038-ara1:p00024	vol=0 page_before=9	64.3
wilaya.0768Yafici.RawdRayahin	urn:openiti:0768Yafici.RawdRayahin.Kraken220208041038-ara1:p01142	vol=0 page_before=451	67.6
wilaya.0768Yafici.RawdRayahin	urn:openiti:0768Yafici.RawdRayahin.Kraken220208041038-ara1:p01148	vol=0 page_before=456	67.9
wilaya.0768Yafici.RawdRayahin	urn:openiti:0768Yafici.RawdRayahin.Kraken220208041038-ara1:p01146	vol=0 page_before=454	68.7
wilaya.0768Yafici.RawdRayahin	urn:openiti:0768Yafici.RawdRayahin.Kraken220208041038-ara1:p01141	vol=0 page_before=450	69.0
wilaya.0768Yafici.RawdRayahin	urn:openiti:0768Yafici.RawdRayahin.Kraken220208041038-ara1:p01145	vol=0 page_before=453	69.3
wilaya.0768Yafici.RawdRayahin	urn:openiti:0768Yafici.RawdRayahin.Kraken220208041038-ara1:p01144	vol=0 page_before=452	70.0
wilaya.0768Yafici.RawdRayahin	urn:openiti:0768Yafici.RawdRayahin.Kraken220208041038-ara1:p01149	vol=0 page_before=457	70.6
wilaya.0768Yafici.RawdRayahin	urn:openiti:0768Yafici.RawdRayahin.Kraken220208041038-ara1:p00003	vol=0 page_before=1	71.9
wilaya.0768Yafici.RawdRayahin	urn:openiti:0768Yafici.RawdRayahin.Kraken220208041038-ara1:p01143	vol=0 page_before=451	72.6
wilaya.0768Yafici.RawdRayahin	urn:openiti:0768Yafici.RawdRayahin.Kraken220208041038-ara1:p01150	vol=0 page_before=458	73.6
wilaya.0768Yafici.RawdRayahin	urn:openiti:0768Yafici.RawdRayahin.Kraken220208041038-ara1:p01147	vol=0 page_before=455	73.9
wilaya.0768Yafici.RawdRayahin	urn:openiti:0768Yafici.RawdRayahin.Kraken220208041038-ara1:p01138	vol=0 page_before=448	74.6
wilaya.0768Yafici.RawdRayahin	urn:openiti:0768Yafici.RawdRayahin.Kraken220208041038-ara1:p01139	vol=0 page_before=448	76.5
wilaya.0768Yafici.RawdRayahin	urn:openiti:0768Yafici.RawdRayahin.Kraken220208041038-ara1:p01151	vol=0 page_before=459	78.9
wilaya.0768Yafici.RawdRayahin	urn:openiti:0768Yafici.RawdRayahin.Kraken220208041038-ara1:p00004	vol=0 page_before=2	81.8
wilaya.0768Yafici.RawdRayahin	urn:openiti:0768Yafici.RawdRayahin.Kraken220208041038-ara1:p00181	vol=0 page_before=83	84.6
wilaya.0768Yafici.RawdRayahin	urn:openiti:0768Yafici.RawdRayahin.Kraken220208041038-ara1:p00008	vol=0 page_before=3	85.7
wilaya.0808IbnKhaldun.ShifaSail	urn:openiti:0808IbnKhaldun.ShifaSail.Kraken21040202-ara1:p00511	vol=0 page_before=0	30.9
wilaya.0808IbnKhaldun.ShifaSail	urn:openiti:0808IbnKhaldun.ShifaSail.Kraken21040202-ara1:p00298	vol=0 page_before=0	46.7
wilaya.0808IbnKhaldun.ShifaSail	urn:openiti:0808IbnKhaldun.ShifaSail.Kraken21040202-ara1:p00232	vol=0 page_before=0	50.0
wilaya.0808IbnKhaldun.ShifaSail	urn:openiti:0808IbnKhaldun.ShifaSail.Kraken21040202-ara1:p00508	vol=0 page_before=0	53.8
wilaya.0808IbnKhaldun.ShifaSail	urn:openiti:0808IbnKhaldun.ShifaSail.Kraken21040202-ara1:p00580	vol=0 page_before=0	54.5
wilaya.0808IbnKhaldun.ShifaSail	urn:openiti:0808IbnKhaldun.ShifaSail.Kraken21040202-ara1:p00161	vol=0 page_before=0	55.6
wilaya.0808IbnKhaldun.ShifaSail	urn:openiti:0808IbnKhaldun.ShifaSail.Kraken21040202-ara1:p00358	vol=0 page_before=0	55.6
wilaya.0808IbnKhaldun.ShifaSail	urn:openiti:0808IbnKhaldun.ShifaSail.Kraken21040202-ara1:p00419	vol=0 page_before=0	55.6
wilaya.0808IbnKhaldun.ShifaSail	urn:openiti:0808IbnKhaldun.ShifaSail.Kraken21040202-ara1:p00603	vol=0 page_before=0	55.6
wilaya.0808IbnKhaldun.ShifaSail	urn:openiti:0808IbnKhaldun.ShifaSail.Kraken21040202-ara1:p00522	vol=0 page_before=0	59.1
wilaya.0808IbnKhaldun.ShifaSail	urn:openiti:0808IbnKhaldun.ShifaSail.Kraken21040202-ara1:p00129	vol=0 page_before=0	60.0
wilaya.0808IbnKhaldun.ShifaSail	urn:openiti:0808IbnKhaldun.ShifaSail.Kraken21040202-ara1:p00149	vol=0 page_before=0	60.0
wilaya.0808IbnKhaldun.ShifaSail	urn:openiti:0808IbnKhaldun.ShifaSail.Kraken21040202-ara1:p00162	vol=0 page_before=0	60.0
wilaya.0808IbnKhaldun.ShifaSail	urn:openiti:0808IbnKhaldun.ShifaSail.Kraken21040202-ara1:p00319	vol=0 page_before=0	60.0
wilaya.0808IbnKhaldun.ShifaSail	urn:openiti:0808IbnKhaldun.ShifaSail.Kraken21040202-ara1:p00492	vol=0 page_before=0	60.0
wilaya.0808IbnKhaldun.ShifaSail	urn:openiti:0808IbnKhaldun.ShifaSail.Kraken21040202-ara1:p00570	vol=0 page_before=0	60.0
wilaya.0808IbnKhaldun.ShifaSail	urn:openiti:0808IbnKhaldun.ShifaSail.Kraken21040202-ara1:p00649	vol=0 page_before=0	61.1
wilaya.0808IbnKhaldun.ShifaSail	urn:openiti:0808IbnKhaldun.ShifaSail.Kraken21040202-ara1:p00598	vol=0 page_before=0	61.5
wilaya.0808IbnKhaldun.ShifaSail	urn:openiti:0808IbnKhaldun.ShifaSail.Kraken21040202-ara1:p00360	vol=0 page_before=0	62.5
wilaya.0808IbnKhaldun.ShifaSail	urn:openiti:0808IbnKhaldun.ShifaSail.Kraken21040202-ara1:p00528	vol=0 page_before=0	62.5
wilaya.0808IbnKhaldun.ShifaSail	urn:openiti:0808IbnKhaldun.ShifaSail.Kraken21040202-ara1:p00672	vol=0 page_before=0	62.5
wilaya.0808IbnKhaldun.ShifaSail	urn:openiti:0808IbnKhaldun.ShifaSail.Kraken21040202-ara1:p00723	vol=0 page_before=0	62.5
wilaya.0808IbnKhaldun.ShifaSail	urn:openiti:0808IbnKhaldun.ShifaSail.Kraken21040202-ara1:p00758	vol=0 page_before=0	62.5
wilaya.0808IbnKhaldun.ShifaSail	urn:openiti:0808IbnKhaldun.ShifaSail.Kraken21040202-ara1:p00775	vol=0 page_before=0	62.5
wilaya.0808IbnKhaldun.ShifaSail	urn:openiti:0808IbnKhaldun.ShifaSail.Kraken21040202-ara1:p00236	vol=0 page_before=0	63.6
wilaya.0973CabdWahhabShacrani.KibritAhmar	urn:openiti:0973CabdWahhabShacrani.KibritAhmar.Kraken21040815-ara1:p00468	vol=0 page_before=0	88.9
wilaya.0973CabdWahhabShacrani.KibritAhmar	urn:openiti:0973CabdWahhabShacrani.KibritAhmar.Kraken21040815-ara1:p00567	vol=0 page_before=0	89.5
wilaya.0973CabdWahhabShacrani.KibritAhmar	urn:openiti:0973CabdWahhabShacrani.KibritAhmar.Kraken21040815-ara1:p00204	vol=0 page_before=0	90.9
wilaya.0973CabdWahhabShacrani.KibritAhmar	urn:openiti:0973CabdWahhabShacrani.KibritAhmar.Kraken21040815-ara1:p00488	vol=0 page_before=0	90.9
wilaya.0973CabdWahhabShacrani.KibritAhmar	urn:openiti:0973CabdWahhabShacrani.KibritAhmar.Kraken21040815-ara1:p00577	vol=0 page_before=0	91.8
wilaya.0973CabdWahhabShacrani.KibritAhmar	urn:openiti:0973CabdWahhabShacrani.KibritAhmar.Kraken21040815-ara1:p00087	vol=0 page_before=0	92.3
wilaya.0973CabdWahhabShacrani.KibritAhmar	urn:openiti:0973CabdWahhabShacrani.KibritAhmar.Kraken21040815-ara1:p00651	vol=0 page_before=0	92.3
wilaya.0973CabdWahhabShacrani.KibritAhmar	urn:openiti:0973CabdWahhabShacrani.KibritAhmar.Kraken21040815-ara1:p00221	vol=0 page_before=0	92.9
wilaya.0973CabdWahhabShacrani.KibritAhmar	urn:openiti:0973CabdWahhabShacrani.KibritAhmar.Kraken21040815-ara1:p00366	vol=0 page_before=0	92.9
wilaya.0973CabdWahhabShacrani.KibritAhmar	urn:openiti:0973CabdWahhabShacrani.KibritAhmar.Kraken21040815-ara1:p00078	vol=0 page_before=0	93.3
wilaya.0973CabdWahhabShacrani.KibritAhmar	urn:openiti:0973CabdWahhabShacrani.KibritAhmar.Kraken21040815-ara1:p00205	vol=0 page_before=0	93.3
wilaya.0973CabdWahhabShacrani.KibritAhmar	urn:openiti:0973CabdWahhabShacrani.KibritAhmar.Kraken21040815-ara1:p00721	vol=0 page_before=0	93.3
wilaya.0973CabdWahhabShacrani.KibritAhmar	urn:openiti:0973CabdWahhabShacrani.KibritAhmar.Kraken21040815-ara1:p00826	vol=0 page_before=0	93.4
wilaya.0973CabdWahhabShacrani.KibritAhmar	urn:openiti:0973CabdWahhabShacrani.KibritAhmar.Kraken21040815-ara1:p00426	vol=0 page_before=0	94.1
wilaya.0973CabdWahhabShacrani.KibritAhmar	urn:openiti:0973CabdWahhabShacrani.KibritAhmar.Kraken21040815-ara1:p00288	vol=0 page_before=0	94.3
wilaya.0973CabdWahhabShacrani.KibritAhmar	urn:openiti:0973CabdWahhabShacrani.KibritAhmar.Kraken21040815-ara1:p00607	vol=0 page_before=0	94.4
wilaya.0973CabdWahhabShacrani.KibritAhmar	urn:openiti:0973CabdWahhabShacrani.KibritAhmar.Kraken21040815-ara1:p00649	vol=0 page_before=0	94.4
wilaya.0973CabdWahhabShacrani.KibritAhmar	urn:openiti:0973CabdWahhabShacrani.KibritAhmar.Kraken21040815-ara1:p00554	vol=0 page_before=0	94.6
wilaya.0973CabdWahhabShacrani.KibritAhmar	urn:openiti:0973CabdWahhabShacrani.KibritAhmar.Kraken21040815-ara1:p00568	vol=0 page_before=0	94.6
wilaya.0973CabdWahhabShacrani.KibritAhmar	urn:openiti:0973CabdWahhabShacrani.KibritAhmar.Kraken21040815-ara1:p00471	vol=0 page_before=0	94.7
wilaya.0973CabdWahhabShacrani.KibritAhmar	urn:openiti:0973CabdWahhabShacrani.KibritAhmar.Kraken21040815-ara1:p00082	vol=0 page_before=0	95.0
wilaya.0973CabdWahhabShacrani.KibritAhmar	urn:openiti:0973CabdWahhabShacrani.KibritAhmar.Kraken21040815-ara1:p00085	vol=0 page_before=0	95.0
wilaya.0973CabdWahhabShacrani.KibritAhmar	urn:openiti:0973CabdWahhabShacrani.KibritAhmar.Kraken21040815-ara1:p00186	vol=0 page_before=0	95.2
wilaya.0973CabdWahhabShacrani.KibritAhmar	urn:openiti:0973CabdWahhabShacrani.KibritAhmar.Kraken21040815-ara1:p00286	vol=0 page_before=0	95.2
wilaya.0973CabdWahhabShacrani.KibritAhmar	urn:openiti:0973CabdWahhabShacrani.KibritAhmar.Kraken21040815-ara1:p00362	vol=0 page_before=0	95.2
wilaya.1031CabdRaufMunawi.KawakibDurriyya	urn:openiti:1031CabdRaufMunawi.KawakibDurriyya.Kraken220208041040-ara1:p23182	vol=5 page_before=300	11.6
wilaya.1031CabdRaufMunawi.KawakibDurriyya	urn:openiti:1031CabdRaufMunawi.KawakibDurriyya.Kraken220208041040-ara1:p23196	vol=5 page_before=313	13.9
wilaya.1031CabdRaufMunawi.KawakibDurriyya	urn:openiti:1031CabdRaufMunawi.KawakibDurriyya.Kraken220208041040-ara1:p23202	vol=5 page_before=319	15.1
wilaya.1031CabdRaufMunawi.KawakibDurriyya	urn:openiti:1031CabdRaufMunawi.KawakibDurriyya.Kraken220208041040-ara1:p23186	vol=5 page_before=304	15.2
wilaya.1031CabdRaufMunawi.KawakibDurriyya	urn:openiti:1031CabdRaufMunawi.KawakibDurriyya.Kraken220208041040-ara1:p23173	vol=5 page_before=291	15.3
wilaya.1031CabdRaufMunawi.KawakibDurriyya	urn:openiti:1031CabdRaufMunawi.KawakibDurriyya.Kraken220208041040-ara1:p23165	vol=5 page_before=283	16.4
wilaya.1031CabdRaufMunawi.KawakibDurriyya	urn:openiti:1031CabdRaufMunawi.KawakibDurriyya.Kraken220208041040-ara1:p23167	vol=5 page_before=285	18.6
wilaya.1031CabdRaufMunawi.KawakibDurriyya	urn:openiti:1031CabdRaufMunawi.KawakibDurriyya.Kraken220208041040-ara1:p23206	vol=5 page_before=323	18.9
wilaya.1031CabdRaufMunawi.KawakibDurriyya	urn:openiti:1031CabdRaufMunawi.KawakibDurriyya.Kraken220208041040-ara1:p23153	vol=5 page_before=272	20.2
wilaya.1031CabdRaufMunawi.KawakibDurriyya	urn:openiti:1031CabdRaufMunawi.KawakibDurriyya.Kraken220208041040-ara1:p23063	vol=5 page_before=184	20.5
wilaya.1031CabdRaufMunawi.KawakibDurriyya	urn:openiti:1031CabdRaufMunawi.KawakibDurriyya.Kraken220208041040-ara1:p23134	vol=5 page_before=253	22.0
wilaya.1031CabdRaufMunawi.KawakibDurriyya	urn:openiti:1031CabdRaufMunawi.KawakibDurriyya.Kraken220208041040-ara1:p23133	vol=5 page_before=252	22.1
wilaya.1031CabdRaufMunawi.KawakibDurriyya	urn:openiti:1031CabdRaufMunawi.KawakibDurriyya.Kraken220208041040-ara1:p23190	vol=5 page_before=308	22.9
wilaya.1031CabdRaufMunawi.KawakibDurriyya	urn:openiti:1031CabdRaufMunawi.KawakibDurriyya.Kraken220208041040-ara1:p23131	vol=5 page_before=250	23.2
wilaya.1031CabdRaufMunawi.KawakibDurriyya	urn:openiti:1031CabdRaufMunawi.KawakibDurriyya.Kraken220208041040-ara1:p23077	vol=5 page_before=198	24.1
wilaya.1031CabdRaufMunawi.KawakibDurriyya	urn:openiti:1031CabdRaufMunawi.KawakibDurriyya.Kraken220208041040-ara1:p23072	vol=5 page_before=193	24.7
wilaya.1031CabdRaufMunawi.KawakibDurriyya	urn:openiti:1031CabdRaufMunawi.KawakibDurriyya.Kraken220208041040-ara1:p23074	vol=5 page_before=195	24.8
wilaya.1031CabdRaufMunawi.KawakibDurriyya	urn:openiti:1031CabdRaufMunawi.KawakibDurriyya.Kraken220208041040-ara1:p23078	vol=5 page_before=199	24.8
wilaya.1031CabdRaufMunawi.KawakibDurriyya	urn:openiti:1031CabdRaufMunawi.KawakibDurriyya.Kraken220208041040-ara1:p23222	vol=5 page_before=339	25.7
wilaya.1031CabdRaufMunawi.KawakibDurriyya	urn:openiti:1031CabdRaufMunawi.KawakibDurriyya.Kraken220208041040-ara1:p23168	vol=5 page_before=286	26.0
wilaya.1031CabdRaufMunawi.KawakibDurriyya	urn:openiti:1031CabdRaufMunawi.KawakibDurriyya.Kraken220208041040-ara1:p23174	vol=5 page_before=292	26.0
wilaya.1031CabdRaufMunawi.KawakibDurriyya	urn:openiti:1031CabdRaufMunawi.KawakibDurriyya.Kraken220208041040-ara1:p23132	vol=5 page_before=251	26.3
wilaya.1031CabdRaufMunawi.KawakibDurriyya	urn:openiti:1031CabdRaufMunawi.KawakibDurriyya.Kraken220208041040-ara1:p23199	vol=5 page_before=316	26.8
wilaya.1031CabdRaufMunawi.KawakibDurriyya	urn:openiti:1031CabdRaufMunawi.KawakibDurriyya.Kraken220208041040-ara1:p20856	vol=4 page_before=411	27.3
wilaya.1031CabdRaufMunawi.KawakibDurriyya	urn:openiti:1031CabdRaufMunawi.KawakibDurriyya.Kraken220208041040-ara1:p23080	vol=5 page_before=201	27.4
