work	ocr_records_scored	corrected	disputed	illegible	verified	total_checked
aflaki.manaqib.yazici_ocr	1246	0	0	0	0	0
asma.0561CabdQadirJilani.JalaKhatir	590	0	0	0	0	0
asma.0606FakhrDinRazi.LawamicBayyinat	292	0	0	0	0	0
asma.0671AbuCabdAllahQurtubi.Asna	1727	0	0	0	0	0
asma.0709IbnCataAllahSikandari.QasdMujarrad	332	0	0	0	0	0
asma.0870Jazuli.DalailKhayrat	405	0	0	0	0	0
hanafi.0321Tahawi.Mukhtasar	4391	0	0	0	0	0
ibnarabi.fusus.nizamaldin_ocr	504	0	0	0	0	0
ibnarabi.futuhat.mansub_ocr	8064	0	0	0	0	0
nur.0587ShihabDinSuhrawardi.HikmatIshraq	244	0	0	0	0	0
nur.0673AbuMacaliQunawi.RisalatNusus	185	0	0	0	0	0
nur.0699SacidDinFarghani.MuntahaMadarik	830	0	0	0	0	0
nur.0736CabdRazzaqQashani.KashfWujuhGhurr	273	0	0	0	0	0
nur.0736CabdRazzaqQashani.SharhFusus	349	0	0	0	0	0
nur.0751DawudQaysari.SharhFusus	1350	1	0	0	0	1
nur.0751DawudQaysari.SharhTaiyya	222	0	0	0	0	0
nur.0805CabdKarimJili.InsanKamil	283	0	0	0	0	0
nur.0805CabdKarimJili.KamalatIlahiyya	779	0	0	0	0	0
shams.maqalat.movahhed_ocr	1007	0	0	0	0	0
wilaya.0320HakimTirmidhi.MasalaFiWasfMufarridin	84	0	0	0	0	0
wilaya.0628IbnZayyat.Tashawwuf	1391	0	0	0	0	0
wilaya.0709IbnCataAllahSikandari.LataifMinan	464	0	0	0	0	0
wilaya.0768Yafici.RawdRayahin	996	0	0	0	0	0
wilaya.0808IbnKhaldun.ShifaSail	539	0	0	0	0	0
wilaya.0973CabdWahhabShacrani.KibritAhmar	847	0	0	0	0	0
wilaya.1031CabdRaufMunawi.KawakibDurriyya	18214	0	0	0	0	0
