id	ganjoor_section:line	konya_verdict	konya_page	confidence	konya_reading	note	ganjoor_h1	ganjoor_h2
urn:sufi:rumi.mathnawi:1.g0041	2:7	differs	p0027	high	Konya: آن یکی خر داشت و پالانش نبود (adds و) — Ganjoor: خر داشت، پالانش نبود	minor: conjunction و added	آن یکی خر داشت، پالانش نبود	یافت پالان گرگ خر را در ربود
urn:sufi:rumi.mathnawi:1.g0068	3:14	differs	p0027	high	Konya: دید شخصی فاضلی پرمایه‌ای — Ganjoor: کاملی		دید شخصی کاملی پُر مایه‌ای	آفتابی درمیانِ سایه‌ای
urn:sufi:rumi.mathnawi:1.g0084	4:7	not_found	p0028	high		Absent: §4:6 (couplet A) is followed directly by §4:8 (couplet B) in the same row; no marginal addition seen.	مائده از آسمان شد عائده	 چون که گفت انزل علینا مائده
urn:sufi:rumi.mathnawi:1.g0122	6:20	differs	p0028	high	Konya main text: لیک شمسی که ازو شد هست اثیر — Ganjoor: شمسِ جان کو خارج آمد از اثیر	Red mark in text; marginal correction 'شمس جان کو خارج آمد ز اثیر' with صح (= Ganjoor reading). Second hemistich agrees.	شمسِ جان کو خارج آمد از اثیر	نبودش در ذهن و در خارج نظیر
urn:sufi:rumi.mathnawi:1.g0138	6:36	differs	p0029	high	Konya main text: گفت مکشوف و برهنه گوی این / آشکارا به که پنهان ذکر دین — Ganjoor: گفت مکشوف و برهنه بی غلول / بازگو، دفعم مده ای بوالفضول	Interlinear red 'بی غلول' above 'گوی این', and marginal 'بازگو دفعم مده ای بوالفضول' with صح (= Ganjoor reading).	گفت مکشوف و برهنه بی‌ غُلول	بازگو، دفعم مَده ای بوالفضول
urn:sufi:rumi.mathnawi:1.g0176	7:32	differs	p0029	high	Konya main text: گورخانهٔ راز تو چون دل شود — Ganjoor: خانهٔ اسرار تو چون دل شود	Marginal correction 'خانهٔ اسرار تو' keyed with ۲ (= Ganjoor reading).	خانهٔ اسرار تو چون دل شود	آن مُرادت زودتر حاصل شود
urn:sufi:rumi.mathnawi:1.g0251	11:4	not_found	p0031	high		Absent from Konya: 11:3 (در نوای طوطیان حاذق بدی) is directly followed by 11:6 (جست از سوی دکان سویی گریخت) in the same row; no marginal addition.	خواجه روزی سوی خانه رفته بود	بر دکان طوطی نگهبانی نمود
urn:sufi:rumi.mathnawi:1.g0252	11:5	not_found	p0031	high		Absent from Konya: 11:3 (در نوای طوطیان حاذق بدی) is directly followed by 11:6 (جست از سوی دکان سویی گریخت) in the same row; no marginal addition.	گربه‌ای برجست ناگه بر دکان	بهر موشی طوطیک از بیم جان
urn:sufi:rumi.mathnawi:1.g0391	16:18	differs	p0033	high	Couplet absent from the main text (main text goes 16:17 گر هزاران دام... directly to 16:19 هر شبی از دام تن...). Added in right margin, slanted, by what looks like the same hand: چون عنایاتت بود با ما مقیم / کی بود بیمی از آن دزد لئیم (same words as Ganjoor)	marginal addition keyed by a small mark after هیچ غم in 16:17	چون عنایاتت بود با ما مقیم	کی بود بیمی از آن دزد لئیم؟!
urn:sufi:rumi.mathnawi:1.g0461	20:2	differs	p0035	high	Couplet absent from the main text (20:1 is followed directly by 20:3 پیش او بنوشت شه...). Added in right margin, slanted: آخر الامر از برای آن مراد / تا دهد چون خاک ایشان را بباد (same words as Ganjoor; را somewhat uncertain)	marginal addition beside the row of 20:1/20:3	آخر‌الامر از برای آن مُراد	تا دهد چون خاک ایشان را به باد
urn:sufi:rumi.mathnawi:1.g0511	23:6	differs	p0036	medium	Konya: سجده آردش آن اکرام و جود — for Ganjoor: سجده آرد پیش آن	hem.1: main text 'در ...ود' with 'جود' written above (interlinear completion of وجود)	صد‌هزاران بحر و ماهی در وجود	سجده آرد پیش آن اکرام و جود
urn:sufi:rumi.mathnawi:1.g0582	26:12	differs	p0037	medium	Konya: تا ازین مستی ازان جامی تو کور — for Ganjoor: از آن جامی نفور	'نفور' (with a small sign) written below the line as correction/variant	تا درین سُکری، از آن سُکری تو دور	تا ازین مستی از آن جامی نفور
urn:sufi:rumi.mathnawi:1.g0610	29:10	differs	p0038	medium	Konya: حمله‌شان پیداست و ناپیداست باد — for Ganjoor: پیدا و ناپیداست		حمله‌شان پیدا و ناپیداست باد	آنک ناپیداست هرگز گُم مباد
urn:sufi:rumi.mathnawi:1.g0666	31:11	differs	p0039	medium	Konya main text hem.2: «چون حروف آن جمله تا یا از الف» for Ganjoor «همچو شکل حرفها یا تا الف»	Marginal correction (with mark) in right margin reads «همچو شکل حرفها یا تا الف», i.e. the Ganjoor reading	متن آن طومارها بُد مختلف	همچو شکل حرفها یا تا الف
urn:sufi:rumi.mathnawi:1.g0692	33:19	differs	p0039	medium	«منبسط بودیم و یک جوهر همه» (adds و) for Ganjoor «منبسط بودیم یک جوهر همه»		منبسط بودیم یک جوهر همه	بی‌سر و بی پا بدیم آن سر همه
urn:sufi:rumi.mathnawi:1.g0789	38:1	differs	p0041	medium	«پیش آن بت وآتش اندر شعله بود» (adds و) for Ganjoor «پیش آن بت، آتش اندر شعله بود»	بود written above line end	یک زنی با طفل آورد آن جهود	پیش آن بُت، آتش اندر شعله بود
urn:sufi:rumi.mathnawi:1.g0847	40:19	differs	p0043	medium	Konya main text «آهن و سنگ ستم بر هم مزن» for Ganjoor «آهن و سنگ هوا بر هم مزن»	Marginal correction «هوا» with reference mark over ستم	آهن و سنگِ هوا بر هم مزن	کین دو می‌زایند همچون مرد و زن
urn:sufi:rumi.mathnawi:1.g0857	40:29	differs	p0043	medium	Konya main text «باد آتش می‌خورد از امر حق» for Ganjoor «باد آتش می‌شود از امر حق»	Marginal correction «می‌شود صح» (mark over می‌خورد)	باد آتش می‌شود از امر حق	هر دو سرمست آمدند از خمرِ حق
urn:sufi:rumi.mathnawi:1.b0975	50:5	differs	p0045	medium	انبیا	Hamza spelling only; Konya writes انبیا without hamza	جهد می‌کن تا توانی ای کیا	در طریق انبیاء و اولیا
urn:sufi:rumi.mathnawi:1.b0995	51:4	differs	p0046	medium	تقاضایِ دگر	Single ی with kasra below (تقاضایِ دگر), i.e. ezafe form, not indefinite تقاضایی	قسم هر روزش بیاید بی‌جگر	حاجتش نبود تقاضایی دگر
urn:sufi:rumi.mathnawi:1.b1003	53:4	differs	p0046	high	از فلک (Ganjoor/Masnavinet: کز فلک)	Konya clearly reads از فلک راه برون شو دیده بود	کز فلک راه برون شو دیده بود	در نظر چون مردمک پیچیده بود
urn:sufi:rumi.mathnawi:1.b1053	58:9	differs	p0047	high	تا نداند خصم	singular نداند (one nun)	در مثالی بسته گفتی رای را	تا ندانند خصم از سَر پای را
urn:sufi:rumi.mathnawi:1.b1068	59:14	differs	p0047	high	او همین داند	final ن of همین visible	هر که ماند از کاهلی بی‌شکر و صبر	او همی داند که گیرد پای جَبر
urn:sufi:rumi.mathnawi:1.b1111	62:5	differs	p0048	high	طشت ... طشت	Konya spells طشت both times; difference is orthographic (تشت/طشت)	تا نشد پُر بَر سَر دریا چو تَشت	چونکه پر شد تشت در وی غرق گشت
urn:sufi:rumi.mathnawi:1.b1113	62:7	differs	p0048	medium	هرچه صورت می وسیلت سازدش	word after صورت is a detached مے (hook-headed, no dot below); read as می, not بی	هر چه صورت بی وسیلت سازدش	ز‌آن وسیلت بحر دور اندازدش
urn:sufi:rumi.mathnawi:1.b1121	62:15	differs	p0048	high	کی ببینی سرخ و سبز و فور را / تا نبینی پیش ازین سه نور را	Konya has hemistich-initial کی/تا order as Masnavinet and فور (not بور)	تا نبینی سرخ و سبز و بور را	کی ببینی پیش ازین سه‌ نور را
urn:sufi:rumi.mathnawi:1.b1160	64:4	differs	p0049	high	عذر احمق بتر از جرمش بود	Konya بتّر (contracted form of بدتر); possibly treat as orthographic	عذرِ احمق بدتر از جُرمش بود	عذرِ نادان زهرِ هر دانش بود
urn:sufi:rumi.mathnawi:1.b1243	69:10	differs	p0051	medium	صورتی بود این منی اندر علم	last word clearly written علم (raised at line end), not عدم	صورتی بود این منی اندر عدم	پیش حق موجود نه بیش و نه کم
urn:sufi:rumi.mathnawi:1.b1247	69:14	differs	p0051	high	در وی بیافت	'چون ملک انوار حق در وی بیافت'; a small '۲'/sign above چون keyed to a marginal couplet in right margin (see extra row)	چون مَلَک انوار حق از وی بتافت	در سجود افتاد و در خدمت شتافت
urn:sufi:rumi.mathnawi:1.b1313	72:10	differs	p0052	high	از نبی ذا جاء نصر الله خوان		مر ضعیفان را تو بی‌خصمی مدان	از نُبِی إِذَجَاءَ نَصْرُ اللَّه خوان
urn:sufi:rumi.mathnawi:1.b1327	72:24	differs	p0053	high	ای بدیده عکس بد بر روی عم / بد نه عمست آن توی از خود مرم	Margin (later hand, marked ح/نسخه) gives the Ganjoor reading: [می]بینی خال بد بر روی عم / عکس خال تست آن از عم مرم	می‌ببیند خال بد بر روی عم	عکس خال تست آن از عم مرم
urn:sufi:rumi.mathnawi:1.b1344	73:6	differs	p0053	medium	با زبان شطأهُ شکر خدا	word written شطاهُ / شطأه with damma on ه, not شطّاح	با زبان شَطّاحِ شُکرِ خدا	می‌سراید هر بَر و بَرگی جدا
urn:sufi:rumi.mathnawi:1.b1345	73:7	differs	p0053	high	تا درخت استغلظ آمد واستوی	no ف prefix on either verb	که بپرورد اصل ما را ذوالعطا	تا درخت فَاسْتَغْلَظَ آمد فَاسْتَوی‌
urn:sufi:rumi.mathnawi:1.b1387	76:15	differs	p0054	medium	قد رجعنا من جهاد الاصغریم / با نبی اندر جهاد اکبریم	no article on جهاد; Ganjoor's مِنَ الْجِهَاد not supported	قَدْ رَجَعْنَا مِنَ الْجِهَادِ الْأَصْغَرِیمْ	بَانَبِیٍّ أَنْدَرَ جِهَادِ أَکْبَرِیمْ
urn:sufi:rumi.mathnawi:1.b1389	76:17	differs	p0054	high	سهل شیری دان که صفها بشکند	written alone, centered in the middle columns	سهل دان شیری که صَفها بشکند	شیر آنست آن که خود را بشکند
urn:sufi:rumi.mathnawi:1.b1399	77:10	differs	p0054	high	Konya main text: "او ز هر شهری ببیند آفتاب" for Ganjoor "بیند او بر چرخ دل صد آفتاب"	Left margin (slanted) gives the correction "بیند او بر چرخ دل صد آفتاب", matching Ganjoor	هر که را باشد ز سینه فتح باب	بیند او بر چرخ دل صد آفتاب
urn:sufi:rumi.mathnawi:1.b1449	79:4	differs	p0055	medium	Konya appears to read "خوش معلقی زند سوی وجود" for Ganjoor "خوش معلق می‌زند"	After معلق there is a ے tail and no separate م; could be a scribal form of می	از فسونِ او عدمها زودْ زود	خوش معلق می‌زند سوی وجود
urn:sufi:rumi.mathnawi:1.b1531	83:3	differs	p0057	high	Konya "دانه چون آمد بمزرع کشت گشت" for Ganjoor "صحو گشت"		سیل چون آمد به دریا بحر گشت	دانه چون آمد به مزرع صحو گشت
urn:sufi:rumi.mathnawi:1.b1604	87:2	differs	p0059	high	Konya main text "طالب مسکین تب درست" omits "میان" of Ganjoor "طالب مسکین میان تب درست"	"میان" supplied interlinearly above the line with insertion mark	زانک صحت یافت و از پرهیز رست	طالب مسکین میان تب درست
urn:sufi:rumi.mathnawi:1.b1684	89:36	differs	p0060	high	Konya "می‌شناسند از هدایت خانها" for Ganjoor "جانها"	dot clearly above: خانها	آن همه اندیشهٔ پیشانها	می‌شناسند از هدایت جانها
urn:sufi:rumi.mathnawi:1.b1699	90:9	differs	p0060	medium	Konya: ای زبان تو بس زیانی «بر وَرِی» (ی written above) — replaces Ganjoor «مر مرا»	final word partly unclear (بر وری / بر دری?), clearly not مر مرا	ای زبان تو بس زیانی مر مرا	چون تویی گویا‌، چه گویم من تو را‌؟
urn:sufi:rumi.mathnawi:1.b1736	90:46	differs	p0061	high	couplet absent from main text; supplied in right margin (beside 90:43–45) as «جمله شاهان بندهٔ بندهٔ خودند / جمله خلقان مردهٔ مردهٔ خودند» with صح	marginal addition marked صح; main text goes 90:45 → 90:47	جمله شاهان بندهٔ بندهٔ خودند	جمله خلقان مردهٔ مردهٔ خودند
urn:sufi:rumi.mathnawi:1.b1789	91:27	differs	p0062	high	Konya: ای منزه از «بیا» و از سخن — Ganjoor «بیان»		این همه هست و بیا ای امر کن	ای منزه از بیان و از سخن
urn:sufi:rumi.mathnawi:1.b1866	95:18	differs	p0064	high	Konya: چون شکر پاید «همی» تأثیر او — Ganjoor «نهان»		چون شکر پاید نهان تأثیر او	بعد حینی دمل آرد نیش‌جو
urn:sufi:rumi.mathnawi:1.g1961	98:5	differs	p0066	high	couplet absent from main text (row goes 98:4 then 98:6); supplied in left margin (same/near hand): جان آتش یافت ازو آتش‌کشی / جان مرده یافت از وی جنبشی	marginal addition; margin wording appears as Ganjoor (ازو for زو, low confidence on that word)	جان آتش یافت زو آتش کشی	جان مرده یافت از وی جنبشی
urn:sufi:rumi.mathnawi:1.g1980	98:24	differs	p0066	high	ای حمیرا آتش اندر نه تو نعل (Ganjoor: اندر آتش نه) — word order		ای حمیرا اندر آتش نه تو نعل	تا ز نعل تو شود این کوه لعل
urn:sufi:rumi.mathnawi:1.g2121	105:2	differs	p0069	medium	گفت پیغامبر چه خواهی ستون (no ای; Ganjoor: چه خواهی ای ستون); visible gap between چه and خواهی, possibly erasure		گفت پیغامبر چه خواهی ای ستون؟	گفت: جانم از فراقت گشت خون؛
urn:sufi:rumi.mathnawi:1.g2147	105:28	differs	p0070	medium	در نگر کادم چها دید از عصی (عَصَی written with final ی and fatha; Ganjoor: عصا) — elsewhere on page عصا written with alif		دامن او گیر کاو دادت عصا	در نگر کادم چه‌ها دید از عصا
urn:sufi:rumi.mathnawi:1.g2160	105:41	differs	p0070	high	با زبان گرچه که تهمت می‌نهند (Ganjoor: با زبانشان گرچه تهمت می‌نهند)		با زبانشان گرچه تهمت می‌نهند	دست و پاهاشان گواهی می‌دهند
urn:sufi:rumi.mathnawi:1.g2227	108:22	differs	p0072	high	هر دمی تی می‌شود پر می‌کند (Ganjoor: پر می‌کنند) — singular verb		جان‌فشان افتاد خورشید بلند	هر دمی تی می‌شود پر می‌کنند
urn:sufi:rumi.mathnawi:1.g2409	118:9	differs	p0076	low	Konya: از ضمیر جان من واقف بُدی (final word read as بدی) for Ganjoor بُدا; first hemistich ends فدا followed by an extra stroke	final letter ambiguous (ی-shaped swash); also روان من in h1 could read روا ز من	کاش جانت کش روان من فدا	از ضمیر جان من واقف بُدا
urn:sufi:rumi.mathnawi:1.g2436	118:36	differs	p0077	medium	Konya: چو باشد در حجاب (for Ganjoor در حجیب)	word written small/raised at line end; shape looks like حجاب with alif, breaks rhyme with لهیب	آب غالب شد بر آتش از لهیب	زآتش او جوشد چو باشد در حجیب
urn:sufi:rumi.mathnawi:1.g2479	121:26	differs	p0078	high	Couplet absent from main text column; supplied in left margin (diagonal, smaller hand) with صح: چونک روغن را ز آب اسرشته‌اند / آب با روغن چرا ضد گشته‌اند	Marginal addition between 121:25 and 121:27; wording of margin agrees with Ganjoor.	چونک روغن را ز آب اسرشته‌اند	آب با روغن چرا ضد گشته‌اند
urn:sufi:rumi.mathnawi:1.g2508	122:19	differs	p0079	low	Konya h2: دیده‌ای(؟) ز دیده بیند آفتاب — Ganjoor: دیده‌ای کان دیده بیند آفتاب	Word after دیده looks like 'ه ز' (که ز / کز?) rather than کان; uncertain.	چه قلاووز و چه اشتربان بیاب	دیده‌ای کان دیده بیند آفتاب
urn:sufi:rumi.mathnawi:1.g2647	126:25	differs	p0082	medium	Konya: صورت از معنی قریبست و بعید — Ganjoor: غریبست و بعید	Initial letter appears to have two dots above (ق); could be dotting ambiguity.	گرچه شد معنی درین صورت پدید	صورت از معنی غریبست و بعید
urn:sufi:rumi.mathnawi:1.g2776	132:18	differs	p0086	high	couplet omitted from the main text (row goes 132:17 then 132:19); supplied in the left margin in a smaller hand: 'صورت غمگین نقش از بهر ماست / تا که ما را یاد آید راه راست' (same words as Ganjoor)	marginal addition/correction	صورت غمگین نقش از بهر ماست	تا که ما را یاد آید راه راست
urn:sufi:rumi.mathnawi:1.g3086	144:23	differs	p0093	medium	Konya: غلط کم شو کنون — Ganjoor: غلط کم شد کنون		رشته یکتا شد غلط کم شد کنون	گر دوتا بینی حروف کاف و نون
urn:sufi:rumi.mathnawi:1.g3179	148:15	differs	p0095	high	Konya main text: بر در یاران تهی‌دست ای فتی / هست چون بی‌گندمی در آسیا — Ganjoor: ...تهی‌دست آمدن / هست بی‌گندم سوی طاحون شدن	Ganjoor reading added in the outer margin by a later/corrector hand with reference mark: "بر در یاران تهی دست آمدن / هست بی گندم سوی طاحون شدن"	بر در یاران تهی‌دست آمدن	هست بی‌گندم سوی طاحون شدن
urn:sufi:rumi.mathnawi:1.g3283	150:48	differs	p0097	medium	Konya: سر ازان روی نهم من بر زمین (روی نهم) — Ganjoor: رو می‌نهم	no clear م for می; could be compressed spelling	سر از آن رو می‌نهم من بر زمین	تا گواه من بود در روز دین
urn:sufi:rumi.mathnawi:1.g3372	154:4	differs	p0099	high	Konya: من قیاسی گیرم آن را هم ز خود — Ganjoor: ... آن را از خرد		چون ببینم کان لبش جُنبان شود	من قیاسی گیرم آن را از خِرد
urn:sufi:rumi.mathnawi:1.g3380	154:12	differs	p0099	high	Konya: کین چه شکرست او مگر با ما بدست — Ganjoor: کین چه شکر است، این عدوی ما بدست		کین چه شُکر است، این عدوی ما بُدَست	کر قیاسی کرد و، آن کژ آمدست
urn:sufi:rumi.mathnawi:1.g3387	154:19	differs	p0099	low	Konya: چون کسی کُ (=کو) خورده باشد — Ganjoor: چون کسی که خورده باشد	ک with damma; may just be که	چون کسی که خورده باشد آش بَد	می‌بشوراند دلش تا قی کند
urn:sufi:rumi.mathnawi:1.g3403	154:35	differs	p0100	high	Konya: اندر آن وحیی که هست از حد فزون — Ganjoor: ... که شد از حد فزون		خاصه، ای خواجه قیاس حس دون	اندر آن وحیی که شد از حَد فزون
urn:sufi:rumi.mathnawi:1.g3520	158:12	differs	p0102	medium	Konya: «یوم تبیض و تسود وجوه» (without the article) for Ganjoor «تسودالوجوه»; same wording as Ganjoor 158:25	could be treated as orthographic; Konya writes the same form in both places	این زمان پیدا شده بر این گروه	یوم تبیض و تسودالوجوه
urn:sufi:rumi.mathnawi:1.g3810	166:14	differs	p0108	medium	Konya: تیغ حلم گردن خشم زدست (without the possessive -م on both words) — Ganjoor: تیغ حلمم گردن خشمم زدست	No م visible after حلم or خشم; the metre works either way	تیغ حلمم گردن خشمم زدست	خشم حق بر من چو رحمت آمدست
urn:sufi:rumi.mathnawi:1.g3826	166:30	differs	p0109	medium	Konya: وان زید شیرین و میرد سخت مر (adds و before میرد) — Ganjoor: وان زید شیرین میرد سخت مر	و looks like a separate letter, but it could be a joining stroke	کین بیک لفظی شود از خواجه حر	وان زید شیرین میرد سخت مر
	after 8:3	extra_in_konya	p0030	high	چونک سلطان از حکیم آن را شنید / پند او را از دل و جان برگزید	Written in two small lines in the leftmost column of the row containing 8:3, just before the heading of §9 (possibly added in the space by the scribe).		
	after 32:6	extra_in_konya	p0039	low	Small later-hand couplet in blank left cell of the §33 heading row: «جمله اندر دود و در آتش در فغان / هم شهان و هم مهان و هم کهان» (reading uncertain)	Not in main scribe hand; interlinear/marginal addition		
	near 36:3-36:4	extra_in_konya	p0041	low	Two-line marginal addition in right margin in a small later hand, beginning «وانکه بنهاد ...»; rest illegible	Probably a supplementary couplet (cf. 36:4); not in main text		
	after 81:6	extra_in_konya	p0057	medium	Three couplets in small script in the side cells of the §82 heading row (right cell = hemistich 1, left = hemistich 2), approx.: (1) "چونک آن رسول این را شنید / روشنی اندر دلش آمد پدید"; (2) "محو شد پیشش سؤال و هم جواب / گشت فارغ از خطا و از صواب"; (3) "اصل را دریافت بگذشت از فروع / بهر حکمت کرد در پرسش شروع"	Smaller hand squeezed into heading row, possibly a later addition; first words of couplet 1 uncertain		
	after 104:9	extra_in_konya	p0069	low	later small-hand doublet of 104:9 in empty cell: آنچ گفتم ز آگهی چوب و سنگ / در بیانش قصه بشنو ...نگ	not part of main text; alternative wording of 104:9		
	after 123:18-20 (margin)	extra_in_konya	p0080	low	Top-left margin, diagonal, two lines (added couplets?): پی دویدند از پی‌اش چون پلنگ(؟) / چون شنیدند این ازو جمله بتنگ(؟) … and a second, partly cut: همچو روح پاک کو از ننگ تن … (…رب المنن / انجمن?)	Marginal additions not in Ganjoor, near 123:18-20 (colt fleeing to the mountain); partially legible only.		
	after §69:14	extra_in_konya	p0051	low	زانک نور حق بدیدند اندرو / جمله افتادند در سجده برو (?)	marginal couplet in right margin, written diagonally with a صح/ح-type sign; keyed by a mark above N1247; likely a later addition; words tentative		
