book	key	class	ganjoor	nicholson	konya	konya_page	confidence	konya_reading	note	ganjoor_text	nicholson_text
2	2|N63	nicholson_only		63	present_margin_only	p0124	high	هر که در حس ماند او معتزلیست / گرچه گوید سنیم از جاهلیست	written in left margin beside rows of couplets 61-64; not in main text		هر که در حس ماند او معتزلی ست / گر چه گوید سنیم از جاهلی ست‏
2	2|1:84	ganjoor_only	1:84		present_margin_only	p0124	high	چشم چون بستی ترا تاسه [گرفت] / نور چشم از نور روزن ک[ی شکفت]	in left margin next to couplet 83; not in main text	چشم چون بستی تو را تاسه گرفت / نور چشم از نور روزن کی شکفت‌؟	
2	2|N178	nicholson_only		178	absent	p0126	medium		main text goes پیشتر از خلقت انگورها... directly to در دل انگور می را دیده‌اند / در فنای محض شی را دیده‌اند; no marginal addition of this couplet seen (a red later-hand marginal note on the page is unrelated)		روح از انگور می را دیده است / روح از معدوم شی را دیده است‏
2	2|9:33	ganjoor_only	9:33		present_margin_only	p0128	medium	ور تو جزو جنتی ای نامدار / عیش تو باشد ز جنت پایدار	added in left margin in reddish ink (later hand?) beside couplets 32-34; not in main text	ور تو جزو جنتی ای نامدار / عیش تو باشد ز جنت پایدار	
2	2|9:56	lexical	9:56	298	B	p0129	high	لا احب الافلین گفت آن خلیل / کی فنا خواهد ازین رب جلیل	A's couplet (از خلیلی لا احب الآفلین / پس فنا چون خواست رب العالمین) is added in the right margin with صح	از خلیلی لا احب الافلین / پس فنا چون خواست رب العالمین	لا أحب الآفلین گفت آن خلیل / کی فنا خواهد از این رب جلیل‏
2	2|10:28	ganjoor_only	10:28		present_margin_only	p0130	high	گرچه سنگم هست مقدار نخود / لیک در هیجا ...	written diagonally in top-left margin with صح; main text goes from بندقم در فعل صد چون منجنیق straight to موسی آمد در وغا	گرچه سنگم هست مقدار نخود / لیک در هیجا نه سر ماند نه خود	
2	2|15:4	lexical	15:4	517	neither	p0133	high	صوفیان تقصیر بودند و فقیر / کاد فقرٌ ان یعی کفرًا یُبیر	mixed: hemistich 1 = A (تقصیر), hemistich 2 = B (ان یعی)	صوفیان تقصیر بودند و فقیر / کاد فقراً ان یکن کفراً یبیر	صوفیان در جوع بودند و فقیر / کاد فقر أن یعی کفرا یبیر
2	2|15:9	lexical	15:9	522	B	p0133	high	کامشبان لوت و سماعست و شره		ولوله افتاد اندر خانقه / کامشبان لوت و سماعست و وله	ولوله افتاد اندر خانقه / کامشبان لوت و سماع است و شره‏
2	2|15:23	lexical	15:23	536	B	p0133	high	زین چراره جمله را انباز کرد	written چراره/حراره (ends in ه), not حرارت	خر برفت و خر برفت آغاز کرد / زین حرارت جمله را انباز کرد	خر برفت و خر برفت آغاز کرد / زین حراره جمله را انباز کرد
2	2|15:24	lexical	15:24	537	B	p0133	high	زین چراره پای‌کوبان تا سحر	written چراره/حراره (ends in ه), not حرارت	زین حرارت پای‌کوبان تا سحر / کف‌زنان خر رفت و خر رفت ای پسر	زین حراره پای کوبان تا سحر / کف‏زنان خر رفت و خر رفت ای پسر
2	2|15:34	lexical	15:34	547	present_margin_only	p0134	medium	بحث با توجیه کن حجت میار / آنچ من بسپردمت واپس سپار	couplet absent from main text; added in left margin with صح, wording = A	بحث با توجیه کن حجت میار / آنچ من بسپردمت وا پس سپار	بحث با توجیه کن حجت میار / آن چه بسپردم ترا واپس سپار
2	2|18:7	lexical	18:7	649	B	p0136	high	کو بکو او را مناداها زنید		کو به‌کو او را منادی‌ها زنید / طبل افلاسش عیان هر جا زنید	کو به کو او را مناداها زنید / طبل افلاسش عیان هر جا زنید
2	2|20:26	lexical	20:26	801	B	p0138	medium	عاقبت کِه بود سیاه اختر از آن	ms writes سیاه (not سیه); difference is only سیه/سیاه + کبود/که بود, arguably orthographic	تو یکی بنگر که را دارد زیان / عاقبت کِبْوَد سیه‌اختر از آن؟	تو یکی بنگر که را دارد زیان / عاقبت که بود سیاه اختر از آن‏
2	2|20:28	lexical	20:28	803	B	p0139	medium	ور دو شاخستت مشو تو چار شاخ	no ه after شاخ (شاخستت = شاخ استت)	ور بَرَد کَفْشَت مَرو در سنگلاخ / ور دو شاخه‌ستت مشو تو چار شاخ	ور برد کفشت مرو در سنگلاخ / ور دو شاخ استت مشو تو چار شاخ‏
2	2|N839	nicholson_only		839	present_margin_only	p0139	high	باز این دلهای جزوی چون تنست / با دل صاحب دلی کو معدنست	added in outer margin beside the row پس نظرگاه شعاع آن آهنست		باز این دلهای جزوی چون تن است / با دل صاحب دلی کاو معدن است‏
2	2|21:14	lexical	21:14	856	neither	p0140	medium	فکرتت کهِ کژ مبین نیکو نگر / هست هم نور و شعاع آن گهر	mixed: h1 has که (=B) not گو; h2 has هم نور و (=A)	فکرتت گو، کژ مبین نیکو نگر / هست هم نور و شعاع آن گهر	فکرتت که کژ مبین نیکو نگر / هست آن فکرت شعاع آن گهر
2	2|24:122	lexical	24:122	1168	B	p0145	high	مالکِ مُلکم نیم من طبل‌خوار		مالک ملک نیم من طبل‌خوار / طبل بازم می‌زند شه از کنار	مالک ملکم نیم من طبل خوار / طبل بازم می‏زند شه از کنار
2	2|25:1	lexical	25:1	1192	B	p0146	high	بر لب جو بوذ دیواری بلند		بر لب جو بوده دیواری بلند / بر سر دیوار تشنهٔ دردمند	بر لب جو بود دیواری بلند / بر سر دیوار تشنه‏ی دردمند
2	2|26:125	lexical	26:125	1351	B	p0149	medium	آتشم من گر ترا شکست و ظن (شک است, no indefinite ی)	written شکست; lacks Ganjoor's ی	آتشم من گر ترا شکیست و ظن / آزمون کن دست را بر من بزن	آتشم من گر ترا شک است و ظن / آزمون کن دست را بر من بزن‏
2	2|26:149	lexical	26:149	1375	B	p0149	high	ای سلامت جو تویی واهی العری	right margin (later hand): «رهاکن تو مرا ؟» = Ganjoor reading as marginal variant	ای ملامت‌گر سلامت مر تو را / ای سلامت‌جو رها کن تو مرا	ای ملامت گر سلامت مر ترا / ای سلامت جو تویی واهی العری‏
2	2|27:42	lexical	27:42	1427	B	p0150	medium	زان عجب بیشه که شیر آگهست	interlinear «هر» added above که شیر (correction toward Ganjoor); main text lacks هر	زان عجب بیشه که هر شیر آگهست / تا به دام سینه‌ها پنهان رهست	ز آن عجب بیشه که شیر آگه است / تا به دام سینه‏ها پنهان ره است‏
2	2|32:37	lexical	32:37	1597	illegible	p0154	low	همچون کـ(ـبـ/ـتـ)ـاب	final word cramped (ب raised above line), no distinguishing dots visible	آفتاب شاه در برج عتاب / می‌کند روها سیه همچون کتاب	آفتاب شاه در برج عتاب / می‏کند روها سیه همچون کباب‏
2	2|33:20	lexical	33:20	1620	neither	p0154	medium	گر کند سفلی هوا و نار را / ور زمین و آب را علوی کند	main text has a different couplet here; left margin (later hand) adds «گر هوا و نار را سفلی کند / تیرگی و دردی و ثقلی کند»	گر هوا و نار را سفلی کند / تیرگی و دردی و ثفلی کند	گر هوا و نار را سفلی کند / تیرگی و دردی و ثقلی کند
2	2|N1714	nicholson_only		1714	absent	p0156	medium		after «وانک را طالع زحل از هر شرور / احتیاطش لازم آید در امور» Konya goes on to «اذکروا الله شاه ما دستور داد»; no marginal addition seen		گر بگویم آن زحل استاره را / ز آتشش سوزد مر آن بی‏چاره را
2	2|38:35	lexical	38:35	1850	B	p0159	high	ترک عیسی کرده خر پرورده‌ای		ترک عیسی کرده خر پروده‌ای / لاجرم چون خر برون پرده‌ای	ترک عیسی کرده خر پرورده‏ای / لاجرم چون خر برون پرده‏ای‏
2	2|38:51	lexical	38:51	1866	B	p0159	high	ما نفاق و حیله و دزدی و زرق		تو همان کن که کند خورشید شرق / با نفاق و حیله و دزدی و زرق	تو همان کن که کند خورشید شرق / ما نفاق و حیله و دزدی و زرق‏
2	2|N1967	nicholson_only		1967	absent	p0161	medium		Konya: «سنگ و آهن زین جهت که سابق است / در عمل فوقی ازین دو لایق است», then «وآن شرر از روی مقصودی خوش / ز آهن و سنگست زین رو پیش رس», then «سنگ و آهن اول و پایان شرر»; the N1967 couplet not present, no margin		آن شرر گر در زمان واپس‏تر است / در صفت از سنگ و آهن برتر است‏
2	2|42:15	lexical	42:15	2024	B	p0162	high	بدگمانی مرد را سدیست زفت		این همه گفت و به گوشش در نرفت / بدگمانی مرد سدیست زفت	این همه گفت و به گوشش در نرفت / بد گمانی مرد را سدی است زفت‏
2	2|47:4	lexical	47:4	2127	B	p0165	high	بر رخ خفته گرفته جای ساز	no و between جای and ساز	سنگ آورد و مگس را دید باز / بر رخ خفته گرفته جای و ساز	سنگ آورد و مگس را دید باز / بر رخ خفته گرفته جای ساز
2	2|50:28	lexical	50:28	2194	B	p0166	high	عقل ناقص وانگهانی اعتماد		بر زن و بر فعل زن دل می‌نهید؟ / عقلِ ناقص وانگهانی اعتمید؟	بر زن و بر فعل زن دل می‏نهید / عقل ناقص و آن گهانی اعتماد
2	2|50:42	ganjoor_only	50:42		present_margin_only	p0166	medium	مر مرا دادی بدین صاحب غرض / احمقی کردی ترا بئس العوض	written diagonally in left margin beside 50:43; not in main text	مر مرا دادی بدین صاحب غرض / احمقی کردیِ تو را بئس العوض	
2	2|54:18	ganjoor_only	54:18		present_margin_only	p0168	medium	حیله‌ها کردند بسیار انبیا / تا که گردان ...	in left margin beside 54:17-ff, not in main text	حیله‌ها کردند بسیار انبیا / تا که گردان شد برین سنگ آسیا	
2	2|54:19	ganjoor_only	54:19		present_margin_only	p0168	medium	نفس می‌خواهد که تا ویران کند / خلق را گمراه ...	in left margin together with 54:18	نفس می‌خواهد که تا ویران کند / خلق را گمراه و سرگردان کند	
2	2|54:35	lexical	54:35	2284	B	p0168	high	این قضا را هم قضا داند علاج		این قضا را هم قضا داند علیج / عقل خلقان در قضا گیجست گیج	این قضا را هم قضا داند علاج / عقل خلقان در قضا گیج است گیج‏
2	2|57:26	lexical	57:26	2379	neither	p0170	medium	تا بگوید که چه دزدید و چه برد	left margin has a correction reading ...برد آن زن بمزد (Ganjoor's wording)	پس جهاد اکبر آمد عصر دزد / تا بگوید که چه برد آن زن بمزد	پس جهاد اکبر آمد عصر دزد / تا بگوید که چه دزدیده است مزد
2	2|59:16	lexical	59:16	2415	neither	p0171	medium	های هوی کرد شیخ و باز راند	no و in های هوی (as A) but has شیخ و باز (as B)	های هویی کرد شیخ باز راند / کودکان را باز سوی خویش خواند	های و هویی کرد شیخ و باز راند / کودکان را باز سوی خویش خواند
2	2|N2461	nicholson_only		2461	absent	p0172	medium		main text goes from 60:5 (پیش خاطر آمد او را آن دعا) directly to گفت اینک یاد آمد; no margin addition seen		همت پیغمبر روشن‏کده / پیش خاطر آمدش آن گم شده‏
2	2|60:29	ganjoor_only	60:29		present_margin_only	p0172	high	قوم موسی راه می‌پیموده‌اند / آخر اندر گام اول بوده‌اند	in left margin with red صح; not in main text	قوم موسی راه می‌پیموده‌اند / آخر اندر گام اول بوده‌اند	
2	2|60:53	lexical	60:53	2508	B	p0173	medium	دیو که بود کو ز آدم بگذرد	Konya که (not کی)	دیو کی بود کو ز آدم بگذرد / بر چنین نطعی ازو بازی بَرد	دیو که بود کاو ز آدم بگذرد / بر چنین نطعی از او بازی برد
2	2|60:58	ganjoor_only	60:58		present_margin_only	p0173	medium	خود زیان جان او شد ریو او / گویی آدم بود دیو دیو او	in right margin, not in main text	خود زیان جان او شد ریو او / گویی آدم بود دیو دیو او	
2	2|61:6	lexical	61:6	2556	B	p0174	medium	نک بهشت و بارگاه آیمنی	written آیمنی (with madda + yā) = ایمنی	نک بهشت و بارگاه آمنی / پس کجا بود آن گذرگاه دنی	نک بهشت و بارگاه ایمنی / پس کجا بود آن گذرگاه دنی‏
2	2|61:27	ganjoor_only	61:27		absent	p0174	high		Konya has 'عاشقانی کز درون خانه‌اند / شمع روی یار را پروانه‌اند' then 'در میان جان ترا جا می‌کنند / تا ترا پرباده چون جامی کنند'; no 'بر جنایاتت مواسا' line, no margin note. Note: facsimile page p0173 is out of sequence; §61 continues from p0172 on p0174	بر جنایاتت مواسا می‌کنند / در میان جان ترا جا می‌کنند	
2	2|66:18	ganjoor_only	66:18		present_margin_only	p0176	high	گفت آیینه گناه از من نبود / جرم او را نه که روی من زدود	added in left margin beside 'زشت را و خوب را آیینه‌ام', with insertion mark; not in main text	گفت آیینه گناه از من نبود / جرم او را نه که روی من زدود	
2	2|69:8	lexical	69:8	2721	B	p0177	medium	که چو روبه سوی دنبه می‌دوی		نیست از ابلیس، از تست ای غوی / که چو روبه سوی دنبه می‌روی	نیست از ابلیس از تست ای غوی / که چو روبه سوی دنبه می‏دوی‏
2	2|69:13	lexical	69:13	2726	B	p0177	high	انتظارم تا شبم آید به روز	margin (right) gives variant 'تا دیم گردد تموز' (= Ganjoor reading) as alternative	من بدی کردم پشیمانم هنوز / انتظارم تا دیَم گردد تموز	من بدی کردم پشیمانم هنوز / انتظارم تا شبم آید به روز
2	2|77:8	lexical	77:8	2832	B	p0180	medium	تا قیامت تازه باد ایام تو	written 'باذ ایام'	تا مبارک گردد از اقدام تو / تا قیامت تازه بادا نام تو	تا مبارک گردد از اقدام تو / تا قیامت تازه باد ایام تو
2	2|89:35	lexical	89:35	3150	B	p0187	medium	مرد را ذوق غزا و کر و فر	main text lacks از; «از» added interlinearly above ذوق/غزا (correction toward A)	مرد را ذوق از غزا و کر و فر / مر مخنث را بود ذوق از ذکر	مرد را ذوق غزا و کر و فر / مر مخنث را بود ذوق‏از ذکر
2	2|95:18	ganjoor_only	95:18		present_margin_only	p0191	high	آن مرید شیخ بد گوینده را	95:18-21 written together in right margin beside the row of 95:17, same hand	آن مرید شیخ بد گوینده را / آن به کفر و گمرهی آکنده را	
2	2|95:19	ganjoor_only	95:19		present_margin_only	p0191	high	گفت خود را تو مزن بر تیغ تیز	in right margin with 95:18-21	گفت خود را تو مزن بر تیغ تیز / هین مکن با شاه و با سلطان ستیز	
2	2|95:20	ganjoor_only	95:20		present_margin_only	p0191	high	حوض با دریا اگر پهلو زند	in right margin with 95:18-21	حوض با دریا اگر پهلو زند / خویش را از بیخ هستی بر کند	
2	2|95:21	ganjoor_only	95:21		present_margin_only	p0191	high	نیست بحری کو کران دارد	in right margin with 95:18-21	نیست بحری کو کران دارد که تا / تیره گردد او ز مردار شما	
2	2|97:25	lexical	97:25	3388	B	p0192	high	این نکتها با او بگفت		چون شعیب این نکته‌ها با وی بگفت / زان دم جان در دل او گل شکفت	چون شعیب این نکته‏ها با او بگفت / ز آن دم جان در دل او گل شکفت‏
2	2|102:20	lexical	102:20	3525	neither	p0195	medium	ور نی توانی که کل عریان شوی	Konya has نی توانی: matches A's توانی form (not B's تانی), but with نی instead of نمی.	ور نمی‌توانی که کل عریان شوی / جامه کم کن تا ره اوسط روی	ور نمی‏تانی که کل عریان شوی / جامه کم کن تا ره اوسط روی‏
2	2|107:7	lexical	107:7	3618	B	p0197	high	فهم آن چون کرد بی نطقی بشر		ور بدانستند لحن همدگر / فهم آن چون مرد بی نطقی بشر	ور بدانستند لحن همدگر / فهم آن چون کرد بی‏نطقی بشر
2	2|108:5	lexical	108:5	3629	B	p0198	medium	گفت نحوی زید عمرًا قد ضرب	Konya writes عمرًا with tanwin, no و; difference essentially orthographic.	گفت نحوی زید عمروا قد ضرب / گفت چونش کرد بی جرمی ادب	گفت نحوی زید عمرا قد ضرب / گفت چونش کرد بی‏جرمی ادب‏
2	2|110:4	lexical	110:4	3644	B	p0198	high	سوی هندستان روان کرد از طلب		قاصدی دانا ز دیوان ادب / سوی هندوستان روان کرد از طلب	قاصدی دانا ز دیوان ادب / سوی هندستان روان کرد از طلب‏
2	2|110:5	lexical	110:5	3645	B	p0198	high	گرد هندستان برای جست و جو		سالها می‌گشت آن قاصد ازو / گرد هندوستان برای جست و جو	سالها می‏گشت آن قاصد از او / گرد هندستان برای جستجو
2	2|112:19	lexical	112:19	3699	B	p0199	low	تفرقه آرد دم اهل حسد	No dot visible in/under the first letter (حسد); could be undotted جسد.	از حدیث شیخ جمعیت رسد / تفرقه آرد دم اهل جسد	از حدیث شیخ جمعیت رسد / تفرقه آرد دم اهل حسد
3	3|5:2	lexical	5:2	173	B	p0216	high	تا بگفتند ای پیمبر راست نیست		تا بگفتند ای پیمبر نیست راست / این خطا اکنون که آغاز بناست	تا بگفتند ای پیمبر راست نیست / این خطا اکنون که آغاز بناست
3	3|8:43	lexical	8:43	278	B	p0218	high	بی عصاکش بر سر هر ره مه ایست	ایست written above the line after مه.	ور عصای حزم و استدلال نیست / بی‌عصا‌کش بر سر هر ره مایست	ور عصای حزم و استدلال نیست / بی عصاکش بر سر هر ره مه‌ایست
3	3|36:2	lexical	36:2	960	B	p0234	high	در فکن در نیلش و کن اعتماد	Rhymes imperfectly with رو سپید.	در فکن در نیلش و کن اعتمید / من تو را با وی رسانم رو سپید	در فکن در نیلش و کن اعتماد / من ترا با وی رسانم رو سپید
3	3|37:73	lexical	37:73	1048	B	p0235	high	از فتاده و کشتگان صد پشته شد	پشته added above line as correction	در هزیمت بس خلایق کشته شد / از فتاده کشتگان صد پشته شد	در هزیمت بس خلایق کشته شد / از فتاده و کشتگان صد پشته شد
3	3|37:76	lexical	37:76	1051	B	p0235	high	حجّاج را		اژدها یک لقمه کرد آن گیج را / سهل باشد خون‌خوری حجیج را	اژدها یک لقمه کرد آن گیج را / سهل باشد خون‌خوری حجاج را
3	3|37:84	lexical	37:84	1059	B	p0235	high	و آمن شو ز مات		مات کن او را و ایمن شو ز مات / رحم کم کن نیست او ز اهل صلات	مات کن او را و آمن شو ز مات / رحم کم کن نیست او ز اهل صلات
3	3|49:33	lexical	49:33	1291	B	p0241	high	هوش را بگذار وانکه هوش دار / گوش را بربند وانکه گوش دار		هوش را بگذار و آنگه گوش دار / گوش را بر بند و آنگه هوش دار	هوش را بگذار وانگه هوش‌دار / گوش را بر بند وانگه گوش دار
3	3|78:19	lexical	78:19	1790	B	p0253	high	شیخ کی بود پیر		شیخ کی بُد پیر یعنی مو سپید / معنی این مو بدان ای کژ امید	شیخ کی بود پیر یعنی مو سپید / معنی این مو بدان ای کژ امید
3	3|98:4	lexical	98:4	2143	B	p0262	high	معنی تکبیر اینست ای امام		معنی تکبیر اینست ای اِمیم / کای خدا پیش تو ما قربان شدیم	معنی تکبیر اینست ای امام / کای خدا پیش تو ما قربان شدیم
3	3|116:37	lexical	116:37	2540	B	p0271	high	روزی بی رنج جو و بی حساب		روزی بی‌رنج جو و بی‌حسیب / کز بهشتت آورد جبریل سیب	روزی بی‌رنج جو و بی‌حساب / کز بهشتت آورد جبریل سیب
3	3|124:9	lexical	124:9	2746	B	p0275	high	تا ز زخم تیغ مه آمِن شوید		ترک این چشمه بگویید و روید / تا ز زخم تیغ مه ایمن شوید	ترک این چشمه بگویید و روید / تا ز زخم تیغ مه آمن شوید
3	3|147:15	lexical	147:15	3124	B	p0285	high	گفت دارم بر کریمان اعتماد		گفت دارم بر کریمان اعتمید / نیستم ز اکرام ایشان ناامید	گفت دارم بر کریمان اعتماد / نیستم ز اکرام ایشان ناامید
3	3|147:17	lexical	147:17	3126	B	p0285	high	اندر افتم از کمال اعتماد		اندر افتم از کمال اعتمید / از عباد الله دارم بس امید	اندر افتم از کمال اعتماد / از عباد الله دارم بس امید
3	3|159:12	lexical	159:12	3340	B	p0290	high	جانها را فِدا		یک زیان دفع زیانها می‌شدی / جسم و مال ماست جانها را فدی	یک زیان دفع زیانها می‌شدی / جسم و مال ماست جانها را فدا
3	3|180:8	lexical	180:8	3775	B	p0301	high	جز خیالی عارضی باطلی	no و between عارضی and باطلی	جز خیالی عارضی و باطلی / کو بود چون صبح کاذب آفلی	جز خیالی عارضی باطلی / کو بود چون صبح کاذب آفلی
3	3|181:16	lexical	181:16	3804	B	p0301	high	سوی آن صدری که امیرست و مطاع	Konya reads امیرست (with alif)	گفت ای یاران روان گشتم وداع / سوی آن صدری که میر است و مطاع	گفت ای یاران روان گشتم وداع / سوی آن صدری که امیرست و مطاع
3	3|N3854	nicholson_only		3854	present_margin_only	p0302	high	در بخارا در هنرها بالغی / چون بخواری رو نهی زان فارغی	written diagonally in the lower-left outer margin of p0302 beside the last row (after زانک دارد هر صف ماهیتی); not in main text		در بخارا در هنرها بالغى / چون به خوارى رو نهى ز آن فارغى
3	3|219:2	lexical	219:2	4513	B	p0319	high	زانک قرب حق برونست از حساب	reads از حساب despite the rhyme with نشیب in hemistich 1	آن من بر چرخ و آن او نشیب / زانک قرب حق برونست از حسیب	آن من بر چرخ و آن او نشیب / زانک قرب حق برونست از حساب
3	3|224:7	lexical	224:7	4652	B	p0322	high	بانگ زد آن شه که ای باد صبا	no بر; has که	بانگ بر زد آن شه ای باد صبا / پشّه افغان کرد از ظلمت، بیا	بانگ زد آن شه که ای باد صبا / پشه افغان کرد از ظلمت بیا
4	4|N126	nicholson_only		126	not_located	p0335	low		p0336 lower half is damaged at source (both orig and norm images black below mid-page); cannot check		مروحهى تصريف صنع ايزدش / زد بر اين باد و همىجنباندش
4	4|11:27	lexical	11:27	283	B	p0339	high	چون ز عطر وحی کژ گشتند و گم	three dots on ژ visible	چون ز عطر وحی کر گشتند و گم / بد فغانشان که تطیرنا بکم	چون زعطر وحی کژ گشتند و گم / بد فغانشان که تطیرنا بکم
4	4|15:5	lexical	15:5	357	B	p0341	medium	... گردد مرا ایقان تو	clearly ایقان; first word of the hemistich partly unclear	تا یقین گردد مرا ایمان تو / و اعتقاد خوب با برهان تو	تا یقین گرددمرا ایقان تو / و اعتقاد خوب با برهان تو
4	4|23:11	lexical	23:11	608	B	p0346	medium	که هزاران آفتاب آرد پدید	written ک+ه with a damma over the kaf (کُه); no و	چون نباشد حارس آن نور مجید / کو هزاران آفتاب آرد پدید	چون نباشد حارس آن نور مجید / که هزاران آفتاب آرد پدید
4	4|23:14	lexical	23:14	611	B	p0346	high	یوم لا یخزی النبی راست دان	no را after النبی	یَوم لا یُخزی النبی را راست دان / نور یَسعی بین ایدیهم بخوان	یوم لا یخزی النبی راست دان / نور یسعی بین ایدیهم بخوان
4	4|94:2	lexical	94:2	2488	B	p0390	high	آن همی‌دیدی و بتّر می‌شدی	Konya has بتر (with tashdid), not بدتر.	تا کنی کمتر تو آن ظلم و بدی / آن همی‌دیدی و بدتر می‌شدی	تا کنی کمتر تو آن ظلم و بدی / آن همی‌دیدی و بتر می‌شدی
4	4|98:3	lexical	98:3	2542	B	p0392	high	توان عمارت کرد بی‌تکلیف و رنج	Clearly توان with a و, not تان.	که هزاران خانه از یک نقد گنج / تان عمارت کرد بی‌تکلیف و رنج	که هزاران خانه از یک نقد گنج / توان عمارت کرد بی‌تکلیف و رنج
4	4|102:4	lexical	102:4	2600	neither	p0393	medium	آفتابی تاج گشتت ای کلک	Konya has تاج (no ر) followed by گشتت. The گشتت ending matches B, but neither text has تاج.	بر جهید از جا و گفتا بخ لک / آفتابی تاجرت گشت ای کلک	بر جهید از جا و گفتا بخ لک / آفتابی تاجر گشتت ای کلک
4	4|126:7	lexical	126:7	3306	B	p0409	high	می‌رود کانجای بوی آب هست	Konya's word order is کآنجای, as in B.	می‌رود آنجا که بوی آب هست / زین تفکر راه را بر خویش بست	می‌رود که آنجای بوی آب هست / زین تفکر راه را بر خویش بست
4	4|127:4	lexical	127:4	3314	B	p0410	medium	سخرهٔ استاد و شاگرد کتاب	At the point of difference Konya has کتاب (B), not کتیب. It also has شاگرد, not شاگردان.	هم‌چو موسی نور کی یابد ز جیب / سخرهٔ استاد و شاگردان کتیب	هم‌چو موسی نور کی یابد ز جیب / سخره‌ی استاد و شاگردان کتاب
4	4|134:28	lexical	134:28	3602	B	p0416	high	تا طبیعی خویش بر دارو زند / تا منجم رو باستاره کند	Clearly طبیعی (B). The second half is written باستاره, which cannot separate به استاره from با ستاره.	تا طبیبی خویش بر دارو زَنَد / تا مُنَجِّم رو به اِستاره کُنَد	تا طبیعی خویش بر دارو زند / تا منجم رو با ستاره کند
5	5|2:16	lexical	2:16	46	B	p0432	high	بط حرص آمد که نولش در زمین	Clearly نولش.	بط حرص آمد که نوکش در زمین / در تر و در خشک می‌جوید دفین	بط حرص آمد که نولش در زمین / در تر و در خشک می‌جوید دفین
5	5|3:17	lexical	3:17	80	B	p0432	high	قسم هژده آدمی تنها بخورد	Konya writes هژده with ژ (B), not هجده.	معده طبلی‌خوار هم‌چون طبل کرد / قسم هجده آدمی تنها بخورد	معده طبلی‌خوار هم‌چون طبل کرد / قسم هژده آدمی تنها بخورد
5	5|9:9	transposed	9:9	224	B	p0436	high	ز اختلاط خلق یابد اعتلال / آن سفر جوید که ارحنا یا بلال	Konya order: باز آرد زان طرف (G222), then ز اختلاط, ای بلال, جان سفر, then از تیمم وارهاند (G223) and این مثل. So از تیمم comes after these three, not before as in Ganjoor. That matches Nicholson's numbering. Wording: یابد اعتلال (as A). In the left margin beside this row, 'از تیمم وارهاند جمله را / وز تحری طالبان قبله را' is written again, with a label that looks like 'غسل'. It may be a correction showing the Ganjoor position.	ز اختلاط خلق یابد اعتلال / آن سفر جوید که ارحنا یا بلال	ز اختلاط خلق یاید اعتدال / آن اسفر جوید که ارحنا یا بلال
5	5|9:10	transposed	9:10	225	B	p0436	high	ای بلال خوش نوای خوش صهیل / میذنه بر رو بزن طبل رحیل	Comes straight after 9:9, before از تیمم (see 9:9). There is a marginal copy of از تیمم beside it.	ای بلال خوش‌نوای خوش‌صَهیل / مِئذَنه بر رو بزن طبل رحیل	ای بلال خوش نوای خوش صهیل / میذنه بر رو بزن طبل رحیل
5	5|9:11	transposed	9:11	226	B	p0436	high	جان سفر رفت و بدن اندر قیام / وقت رجعت زین سبب گوید سلام	Comes straight after 9:10. The next couplet is از تیمم وارهاند (see 9:9).	جان سفر رفت و بدن اندر قیام / وقت رجعت زین سبب گوید سلام	جان سفر رفت و بددن اندر قیام / وقت رجعت زین سبب گوید سلام
5	5|9:18	lexical	9:18	234	B	p0436	high	چون نماند واسطهٔ تن بی حجاب	Konya reads حجاب, not حجیب.	چون نماند واسطهٔ تن بی‌حَجیب / هم‌چو موسی نور مَه یابد ز جیب	چون نماند واسطه‌ی تن بی‌حجاب / هم‌چو موسی نور مه یابد ز جیب
5	5|11:6	lexical	11:6	247	B	p0436	medium	که عَرَض اظهار سر جوهرست	Undotted and vocalised عَرَض, which matches B. Only a dot differs, so strictly this could count as spelling_only.	که غَرَض اظهار سرّ جوهرست / وصفْ باقی وین عَرَض بر مَعبَر‌ست	که عرض اظهار سر جوهرست / وصف باقی وین عرض بر معبرست
5	5|17:15	lexical	17:15	343	B	p0439	high	می طپد اندر پشیمانی و سوز	Konya uses ط. This is an orthographic variant.	می‌تپد اندر پشیمانی و سوز / می‌کند آه از هوای چشم‌دوز	می‌طپد اندر پشیمانی و سوز / می‌کند آه از هوای چشم‌دوز
5	5|39:9	lexical	39:9	841	B	p0451	high	در قفص بودن بغیر جنس خود	Konya writes قفص with ص. This is an orthographic variant.	هان کدامست آن عذاب این معتمد / در قفس بودن به غیر جنس خود	هان کدامست آن عذاب این معتمد / در قفص بودن به غیر جنس خود
5	5|43:22	lexical	43:22	961	B	p0454	high	دید او آن غنج و برجست سبک	Konya has no second او before سبک.	دید او آن غنج و برجست او سبک / چون تجلی حق از پردهٔ تنک	دید او آن غنج و برجست سبک / چون تجلی حق از پرده‌ی تنک
5	5|55:11	lexical	55:11	1236	B	p0460	high	تا احب لله آیی در حساب		تا احب لله آیی در حسیب / کز درخت احمدی با اوست سیب	تا احب لله آیی در حساب / کز درخت احمدی با اوست سیب
5	5|58:20	lexical	58:20	1290	B	p0462	high	آن تعمق در دلیل و در شِکال		آن تعمق در دلیل و در شکیل / از بصیرت می‌کند او را گسیل	آن تعمق در دلیل و در شکال / از بصیرت می‌کند او را گسیل
5	5|58:56	lexical	58:56	1326	B	p0463	high	همچنان ترکیب حم کتاب		هم‌چنان ترکیب حم کتیب / هست بس بالا و دیگرها نشیب	هم‌چنان ترکیب حم کتاب / هست بس بالا و دیگرها نشیب
5	5|60:10	lexical	60:10	1439	neither	p0466	medium	وان دگر سرست و او زان بی‌خبر	Konya reads 'دگر', not A's 'اگر' or B's 'گر'.	او گمان دارد که می‌گوید بشر / وان اگر سرست و او زان بی‌خبر	او گمان دارد که می‌گوید بشر / وان گر سرست و او زان بی‌خبر
5	5|68:19	lexical	68:19	1667	B	p0472	high	بترین قهرش به از حلم دو کون		بدترین قهرش به از حلم دو کون / نعم رب‌العالمین و نعم عون	بترین قهرش به از حلم دو کون / نعم رب‌العالمین و نعم عون
5	5|73:32	lexical	73:32	1803	B	p0475	medium	چشمها بیرون جهیذ از خطر	Konya appears to have جهید, with no ه before از.	چشمها بیرون جهیده از خطر / گشته ده چشمه ز بیم مستقر	چشمها بیرون جهید از خطر / گشته ده چشمه ز بیم مستقر
5	5|77:37	lexical	77:37	1963	B	p0479	high	تو براذر موضع ناکشته باش	No ی after موضع (ezafe unwritten).	تو برادر موضعی ناکِشته باش / کاغذِ اسپیدِ نابنوشته باش	تو برادر موضع ناکشته باش / کاغذ اسپید نابنوشته باش
5	5|87:26	lexical	87:26	2188	B	p0485	medium	وصف حادث کو وصف پاک کو	No separate و is written between کو and وصف. The metre needs the conjunction (kū vu vasf), so a scribe may have left it implicit.	وصف حق کو وصف مشتی خاک کو / وصف حادث کو و وصف پاک کو	وصف حق کو وصف مشتی خاک کو / وصف حادث کو وصف پاک کو
5	5|88:5	lexical	88:5	2232	B	p0486	high	زانک آواز و رخش زن‌وار بود	Konya has رخش, not رخشش.	زانکِ آواز و رَخشَش زن‌وار بود / لیک شَهوت، کامل و بیدار بود	زانک آواز و رخش زن‌وار بود / لیک شهوت کامل و بیدار بود
5	5|89:29	lexical	89:29	2270	B	p0487	high	نوحهای کرد او بر جان خویش	There is no می. Konya writes نوحهای کرد (نوحه‌ها کرد).	نوحه‌ها می کرد او بر جان خویش / روی عزرائیل دیده پیش پیش	نوحه‌ها کرد او بر جان خویش / روی عزرائیل دیده پیش پیش
5	5|94:10	lexical	94:10	2348	B	p0489	high	همچو روبه صید گیر و کن فداش		هم‌چو روبه صید گیر و کن فدیش / تا عوض گیری هزاران صید بیش	هم‌چو روبه صید گیر و کن فداش / تا عوض گیری هزاران صید بیش
5	5|101:5	lexical	101:5	2423	B	p0492	high	این بهنبازیست عالم برقرار	The first word is این, not هین.	هین به انبازیست عالم بر قرار / هر کسی کاری گزیند ز افتقار	این بهنبازیست عالم بر قرار / هر کسی کاری گزیند ز افتقار
5	5|107:15	lexical	107:15	2552	B	p0495	high	وز شراب و شاهدان بی‌حساب	The rhyme word is بی‌حساب (rhymes with سیب by imala).	از انار و از ترنج و شاخ سیب / وز شراب و شاهدان بی‌حسیب	از انار و از ترنج و شاخ سیب / وز شراب و شاهدان بی‌حساب
5	5|111:9	lexical	111:9	2628	B	p0497	medium	جون بدیدم آن عذاب بی‌حجاب	The final ب is written as a swash above the line. The reading is حجاب, not حجیب.	بسته شد پایم در آن دم از نهیب / چون بدیدم آن عذاب بی‌حجیب	بسته شد پایم در آن دم از نهیب / چون بدیدم آن عذاب بی‌حجاب
5	5|130:3	lexical	130:3	2965	B	p0506	high	نامهٔ عذر خودت برخواندی / نامهٔ سنی بخوان چه ماندی		نامهٔ عذر خودت بر خوانده‌ای / نامهٔ سُنی بخوان، چه مانده‌ای؟	نامه‌ی عذر خودت بر خواندی / نامه‌ی سنی بخوان چه ماندی
5	5|130:11	lexical	130:11	2973	B	p0507	high	امر و نهی و خشم و تشریف و عتاب		امر و نهی و خشم و تشریف و عتیب / نیست جز مختار را ای پاک‌جیب	امر و نهی و خشم و تشریف و عتاب / نیست جز مختار را ای پاک‌جیب
5	5|137:18	lexical	137:18	3227	B	p0513	high	صدق هر دو ضد بیند در روش		صدق هر دو ضد ببیند در روش / هر فریقی در ره خود خوش منش	صدق هر دو ضد بیند در روش / هر فریقی در ره خود خوش منش
5	5|137:22	lexical	137:22	3231	B	p0513	high	عاشقی شو شاهدی خوبی بجو		عاشقی شو شاهدِ خوبی بجو / صید مرغابی همی‌کن جو بجو	عاشقی شو شاهدی خوبی بجو / صید مرغابی همی‌کن جو بجو
5	5|165:11	lexical	165:11	3858	B	p0529	high	می‌شتابد در علو همچون نهال		ذره ذره عاشقان آن کمال / می‌شتابند در علو هم‌چون نهال	ذره ذره عاشقان آن کمال / می‌شتابد در علو هم‌چون نهال
5	5|174:4	ganjoor_only	174:4		present_margin_only	p0534	high	ز اتفاق طالع با دولتش / دست داد آن لحظه نادر حکمتش	The couplet is written diagonally in the left margin of p0534, next to the top block, with a mark (ح/صح). It is not in the main text.	ز اتفاق طالع با دولتش / دست داد آن لحظه نادر حکمتش	
5	5|176:8	lexical	176:8	4095	B	p0535	high	از وفور عفوتست ای عفولان	Konya has عُفولان, with a small mark over ع.	غفلت و گستاخی این مجرمان / از وفور عفو تست ای عفوران	غفلت و گستاخی این مجرمان / از وفور عفو تست ای عفولان
5	5|177:5	lexical	177:5	4124	B	p0535	high	نه چو فرعونیت و ملکت فانیی		داد ِ ما را داد‌ حق،  فرعونی‌یی / نِی  چو فرعون ِِ مُلکت فانی‌یی	داد ما را داد حق فرعونیی / نه چو فرعونیت و ملکت فانیی
5	5|177:6	lexical	177:6	4125	B	p0535	medium	سر برآر و ملک بین زنده و جلیل	A small و is written before جلیل.	سر بر آر و مُلک بین زنده ، جلیل / ای شده غره به مصر و رود نیل	سر بر آر و ملک بین زنده و جلیل / ای شده غره به مصر و رود نیل
5	5|177:9	lexical	177:9	4128	B	p0535	high	تو انا رب همی گویی بعام	There is no و between انا and رب.	تو انا و  رب همی‌گویی به عام / غافل از ماهیت این هر دو نام	تو انا رب همی‌گویی به عام / غافل از ماهیت این هر دو نام
6	6|1:47	lexical	1:47	47	B	p0547	medium	ان جهان زن جنگ قایم می بود	Konya letters read زن (no tooth for ی); scribe also writes این as ان in the same hemistich, so this may be spelling for زین	این جهان زین جنگ قایم می‌بود / در عناصر در نگر تا حل شود	این جهان زن جنگ قایم می‌بود / در عناصر در نگر تا حل شود
6	6|1:95	lexical	1:95	95	B	p0548	low	تا خوشت ناید مقال آن امین	first letter appears to carry two dots (تا) but they are run together; dot difference only	نا خوشت ناید مقال آن امین / در نبی که لا احب الآفلین	تا خوشت ناید مقال آن امین / در نبی که لا احب الا فلین
6	6|1:118	lexical	1:118	118	B	p0549	high	مثل نبود لیک باشد آن مثال	Konya writes مِثال with kasra	مثل نبود لیک باشد آن مثیل / تا کند عقل مجمد را گسیل	مثل نبود لیک باشد آن مثال / تا کند عقل مجمد را گسیل
6	6|14:60	lexical	14:60	537	B	p0558	high	قبل هدم البصرة و الموصل	vocalised الموصِل, no final ی	ابک لی یا باکیی یا ثاکلی / قبل هدم البصرة و الموصلی	ابک لی یا باکیی یا ثاکلی / قبل هدم البصرة و الموصل
6	6|17:24	lexical	17:24	616	B	p0560	high	هین گلوی صبر گیر و می فشار		هین گلوی صبر می گیر و فشار / تا خنک گردد دل عشق ای سوار	هین گلوی صبر گیر و می‌فشار / تا خنک گردد دل عشق ای سوار
6	6|17:26	lexical	17:26	618	B	p0560	high	کیست آنکس کو بگوید لایجوز		خانهٔ خود را همی‌سوزی بسوز / کیست آن کس کت بگوید لایجوز	خانه‌ی خود را همی‌سوزی بسوز / کیست آن کس کو بگوید لایجوز
6	6|17:28	lexical	17:28	620	B	p0560	high	زانک شمعم من بسوزش روشنم		بعد ازین این سوز را قبله کنم / زانکه شمعم  بسوزش روشنم	بعد ازین این سوز را قبله کنم / زانک شمعم من بسوزش روشنم
6	6|17:41	lexical	17:41	633	B	p0561	high	خوار کی بود تن پرستی ناریی		این ز بسیاری نیابد خواریی / خوار که بود تن‌پرستی ناریی	این ز بسیاری نیابد خواریی / خوار کی بود تن‌پرستی ناریی
6	6|21:13	lexical	21:13	715	B	p0563	high	تو بگویی نه ز بلخ و نه از هری		من بپرسم کز کجایی هی مری / تو بگویی نه ز بلخ و نز هری	من بپرسم کز کجایی هی مری / تو بگویی نه ز بلخ و نه از هری
6	6|22:42	lexical	22:42	764	B	p0564	high	تا ز نزع او بسوزد دل ترا		تو بدان نیت نگر در اقربا / تا ز نزع او نسوزد دل ترا	تو بدان نیت نگر در اقربا / تا ز نزع او بسوزد دل ترا
6	6|22:44	lexical	22:44	766	B	p0564	high	وز غرضها زین نظر گردد حجاب	both وز and حجاب agree with B	ور غرضها زین نظر گردد حجیب / این غرضها را برون افکن ز جیب	وز غرضها زین نظر گردد حجاب / این غرضها را برون افکن ز جیب
6	6|24:5	lexical	24:5	797	B	p0565	high	جامه چه درانیم و چون خاییم دست		روح سلطانی ز زندانی بجست / جامه چون دریم ، چون خاییم دست	روح سلطانی ز زندانی بجست / جامه چه درانیم و چون خاییم دست
6	6|25:25	lexical	25:25	830	B	p0566	high	چون نبود از وافیان در عهد خلد		در دهانش تلخ آید شهد خلد / چون نبود از وافیان  عهد خلد	در دهانش تلخ آید شهد خلد / چون نبود از وافیان در عهد خلد
6	6|29:38	lexical	29:38	1026	B	p0570	high	بی مؤنت حل نگردد مشکلت	no می; Konya vocalises مَؤُنَت (ma'unat, 'expense'), so B's بی‌منت is the hamza-less spelling of this word	از منش وا خر چو می‌سوزد دلت / بی‌منت حل می نگردد مشکلت	از منش وا خر چو می‌سوزد دلت / بی‌منت حل نگردد مشکلت
6	6|40:4	lexical	40:4	1245	B	p0576	high	نه مرورا رأس مال و پایه‌ای	written رأس with hamza	نه مرورا راست مال و پایه‌ای / نه پذیرای قبول مایه‌ای	نه مرورا راس مال و پایه‌ای / نه پذیرای قبول مایه‌ای
6	6|42:14	lexical	42:14	1281	B	p0576	high	چند دزدی عشر از علم کتاب		چند دزدی عشر از علم کتیب / تا شود رویت ملون هم‌چو سیب	چند دزدی عشر از علم کتاب / تا شود رویت ملون هم‌چو سیب
6	6|55:8	lexical	55:8	1680	B	p0585	high	ور نتواند برد اسپی از شما	Konya نتواند (full form); difference arguably orthographic	ور نتاند برد اسپی از شما / وا ستانم بهر رهن مبتدا	ور نتواند برد اسپی از شما / وا ستانم بهر رهن مبتدا
6	6|56:5	lexical	56:5	1697	B	p0585	high	اطلس چه دعوی چه رهن چه		اطلس چه دعوی چه رهن چی / ترک سرمستست در لاغ اچی	اطلس چه دعوی چه رهن چه / ترک سرمستست در لاغ اچی
6	6|65:12	lexical	65:12	1919	B	p0590	high	یک فرح آن کز پس شصّد حجاب	written شصّد with tashdid (orthographic form of ششصد)	یک فرح آن کز پس ششصد حجاب / گوش او بشنید از حضرت جواب	یک فرح آن کز پس شصد حجاب / گوش او بشنید از حضرت جواب
6	6|65:25	lexical	65:25	1932	B	p0591	high	ور کنی خدمت نخوانی یک کتاب		ور کنی خدمت نخوانی یک کتیب / علمهای نادره یابی ز جیب	ور کنی خدمت نخوانی یک کتاب / علمهای نادره یابی ز جیب
6	6|65:29	lexical	65:29	1936	B	p0591	high	نی که اول دست برد آن مجید		نی که اول دست یزدان مجید / از دو عالم پیشتر عقل آفرید	نی که اول دست برد آن مجید / از دو عالم پیشتر عقل آفرید
6	6|69:56	lexical	69:56	2030	B	p0593	high	بحر وحدانست جفت و زوج نیست		بحر وحدانی‌ست جفت و زوج نیست / گوهر و ماهیش غیر موج نیست	بحر وحدانست جفت و زوج نیست / گوهر و ماهیش غیر موج نیست
6	6|69:67	lexical	69:67	2041	B	p0593	high	صبر با نااهل اهلان را جلاست		صبر با نا‌اهل اهلان را جلی‌ست / صبر صافی می‌کند هر جا دلی‌ست	صبر با نااهل اهلان را جلاست / صبر صافی می‌کند هر جا دلیست
6	6|70:11	lexical	70:11	2054	B	p0593	high	من نتوانم باز گفتن آن همه		گفت نا‌فرجام و فحش و دمدمه / من نتانم باز گفتن آن همه	گفت نافرجام و فحش و دمدمه / من نتوانم باز گفتن آن همه
6	6|74:12	lexical	74:12	2137	B	p0595	high	آن خیال نفس تست آنجا مه ایست		کان تحمل از هوای نفس نیست / آن خیال نفس تست آنجا مَایست	کان تحمل از هوای نفس نیست / آن خیال نفس تست آنجا مه‌ایست
6	6|74:17	lexical	74:17	2142	B	p0595	high	فردی ما جفتی ما نه از هواست		فردی ما جفتی ما نَز هواست / جان ما چون مهره در دست خداست	فردی ما جفتی ما نه از هواست / جان ما چون مهره در دست خداست
6	6|79:22	lexical	79:22	2368	B	p0600	high	علم تیراندازیش آمد حجاب	written حجاب (kasra under ب), rhymes with جیب by imala	علم تیراندازیش آمد حجیب / وان مراد او را بده حاضر به جیب	علم تیراندازیش آمد حجاب / وان مراد او را بده حاضر به جیب
6	6|83:20	lexical	83:20	2505	neither	p0603	high	خود هنر آن دان که دید آتش عیان	Konya has دان (not دارد / داد)	خود هنر آن دارد که دید آتش عیان / نه کپ دل علی النار الدخان	خود هنر آن داد که دید آتش عیان / نه کپ دل علی النار الدخان
6	6|87:5	ganjoor_only	87:5		present_margin_only	p0607	high	من بدین یک‌بار قانع نیستم / در هوایت طرفه انسانیستم	written vertically in the right outer margin beside the opening couplets of the section (87:2–4); not in main text	من بدین یک‌بار قانع نیستم / در هوایت طرفه انسانیستم	
6	6|N2753	nicholson_only		2753	present_margin_only	p0608	high	که چرا ما را نمی‌داری امین / یوسف خود را به سیران و ظعین	added diagonally in the lower-left margin by the last rows of the page (after the Jacob couplet); not in main text		که چرا ما را نمی داری امین / یوسف خود را به سیران و ظعین
6	6|N2841	nicholson_only		2841	present_margin_only	p0610	high	بعد از آن جمله بهم بیرون شدند / سوی قصر آن شه میمون شدند	in the left outer margin, smaller/lighter hand; not in main text		بعد از آن جمله به هم بیرون شدند / سوی قصرآن شه میمون شدند
6	6|98:40	lexical	98:40	3287	B	p0620	medium	که نبوت را نمی زیبد فلان	main text نمی; a small هم written below it, apparently a correction to همی (=A)	با ملایک گفت یزدان آن زمان / که نبوت را همی‌ زیبد فلان	با ملایک گفت یزدان آن زمان / که نبوت را نمی‌زیبد فلان
6	6|100:32	lexical	100:32	3431	B	p0623	high	آفتابا با چو تو قبله و اِمام	written امام with kasra (imala rhyme with کنیم)	آفتابا با چو تو قبله و اِمیم / شب‌پرستی و خفاشی می‌کنیم	آفتابا با چو تو قبله و امام / شب‌پرستی و خفاشی می‌کنیم
6	6|105:49	lexical	105:49	3678	B	p0628	high	بر گلوی ما کی می‌کوبد لگد		هیچ‌شان این نی که گویند از خرد / بر گلوی ما که می‌کوبد لگد	هیچ‌شان این نی که گویند از خرد / بر گلوی ما کی می‌کوبد لگد
6	6|109:10	lexical	109:10	3852	B	p0632	high	چون نرفتی جانب دار الشفا		گفت اگر داری ز رنجوری تفی / چون نرفتی جانب دار الشفی	گفت اگر داری ز رنجوری تفی / چون نرفتی جانب دار الشفا
6	6|109:33	lexical	109:33	3875	B	p0633	high	سد شد چون فر سیما در وجوه		آن دو سه تار عنایت هم‌چو کوه / سد شود چون فر سیما در وجوه	آن دو سه تار عنایت هم‌چو کوه / سد شد چون فر سیما در وجوه
6	6|113:41	lexical	113:41	3954	B	p0635	high	شوی و زن را گفته شد بهر مثال	مثالِ with kasra (imala)	شوی و زن را گفته شد بهر مثیل / که مکن ای شوی زن را بد گسیل	شوی و زن را گفته شد بهر مثال / که مکن ای شوی زن را بد گسیل
6	6|116:97	lexical	116:97	4150	B	p0639	high	ورنه بی شک من ببرم حلق تو / برکشم از صوفی جان دلق تو	followed by سر نخواهی برد... / ای بگفته لاف کذب آمیغ تو (N4151), as Nicholson	ورنه بی‌شک من ببرم حلق تو / ای بگفته لاف کذب آمیغ تو	ورنه بی شک  من  ببرم حلق تو / بر کشم از صوفی جان دلق تو
6	6|122:10	lexical	122:10	4283	B	p0643	high	از نواحی آید آنجا بهرها		چون یپنلو در میان شهرها / از نواحی آید آن‌جا بهر ما	چون یپنلو در میان شهرها / از نواحی آید آن‌جا بهرها
6	6|126:8	lexical	126:8	4456	B	p0647	high	من نتوانم فهم کردن این گله	Clearly نتوانم with و.	گفت اندر محکمه‌ست این غلغله / من نتانم فهم کردن این گله	گفت اندر محکمه‌ست این غلغله / من نتوانم فهم کردن این گله
6	6|127:15	lexical	127:15	4489	B	p0648	high	خورد سوگندان که نکنم جز چنین		گفت زن هی در گذر ای مرد ازین / خورد سوگند او که نکنم جز چنین	گفت زن هی در گذر ای مرد ازین / خورد سوگندان که نکنم جز چنین
6	6|128:8	lexical	128:8	4527	B	p0648	medium	خوش را اندر بلا بنشانده‌اند	Konya writes خوش without the ی. This is the old spelling of خویش, so it is effectively a spelling difference, but the letters match B.	بس درین صندوق چون تو مانده‌اند / خویش را اندر بلا بنشانده‌اند	بس درین صندوق چون تو مانده‌اند / خوش را اندر بلا بنشانده‌اند
6	6|137:25	lexical	137:25	4855	B	p0656	high	دیگران را گر ام و اب شد حجاب	Clearly حجاب; the rhyme with جیب is imperfect in Konya too.	دیگران را گر ام و اب شد حجیب / او ز ما یابید گوهرها به جیب	دیگران را گر ام و اب شد حجاب / او ز ما یابید گوهرها به جیب
6	6|139:6	lexical	139:6	4883	B	p0656	medium	ما چو اسمعیل ز ابراهیم خود / سر نپیچیم ارچه قربان میکند	The couplet itself differs only in spelling (اسمعیل/اسماعیل, سر نپیچیم). B's extra preceding couplet سمع و طاعه... is in Konya's main text right before this one, so Konya's layout matches B. It sits in row 4 of the lower block of p0656; if this entry should be judged on its own line alone, the answer is spelling_only.	ما چو اسمعیل ز ابراهیم خود / سرنپیچیم ارچه قربان می‌کند	سمع و طاعه میکنیم او راست دست / آنچه او فرمود بر ما نافذست // ما چو اسماعیل ز ابراهیم خود / سر نپیچیم ارچه قربان میکند
