id	ganjoor_section:line	nicholson_no	ganjoor_vs_masnavinet	konya_verdict	konya_page	konya_confidence	konya_reading	konya_note	ganjoor_h1	ganjoor_h2	masnavinet_h1	masnavinet_h2
urn:sufi:rumi.mathnawi:1.b0900	42:1	900	orthographic	agrees_both	p0044	high			طایفهٔ نخچیر دَر وادی خوش	بودشان از شیر دایم کش‌مکش	طایفه‌ی نخجیر در وادی خوش	بودشان از شیر دایم کش مکش
urn:sufi:rumi.mathnawi:1.b0901	42:2	901	lexical	agrees_ganjoor	p0044	high	می دررُبود	Konya: بس که آن شیر از کمین می دررُبود (می separate before درربود)	بس که آن شیر از کمین می در ربود	آن چَرا بر جمله ناخوش گشته بود	بس که آن شیر از کمین درمی‌ربود	آن چرا بر جمله ناخوش گشته بود
urn:sufi:rumi.mathnawi:1.b0902	42:3	902	identical	agrees_ganjoor	p0044	high			حیله کردند آمدند ایشان بَشیر	کز وظیفه ما ترا داریم سیر	حیله کردند آمدند ایشان بشیر	کز وظیفه ما ترا داریم سیر
urn:sufi:rumi.mathnawi:1.b0903	42:4	903	orthographic	agrees_both	p0044	high			بعد ازین اندر پی صیدی میا	تا نگردد تلخْ بر ما این گیا	بعد از این اندر پی صیدی میا	تا نگردد تلخ بر ما این گیا
urn:sufi:rumi.mathnawi:1.b0904	43:1	904	identical	agrees_ganjoor	p0044	high			گفت آری گر وفا بینم نه مکر	مکر‌ها بس دیده‌ام از زید و بکر	گفت آری گر وفا بینم نه مکر	مکرها بس دیده‌ام از زید و بکر
urn:sufi:rumi.mathnawi:1.b0905	43:2	905	orthographic	agrees_both	p0044	high			من هلاک فعل و مکر مردمم	من گَزیدهٔ زخم مار و کَژدمم	من هلاک فعل و مکر مردمم	من گزیده‌ی زخم مار و کژدمم
urn:sufi:rumi.mathnawi:1.b0906	43:3	906	identical	agrees_ganjoor	p0044	high			مَردمِ نَفس از درونم در کمین	از همه مردم بتر در مکر و کین	مردم نفس از درونم در کمین	از همه مردم بتر در مکر و کین
urn:sufi:rumi.mathnawi:1.b0907	43:4	907	orthographic	agrees_both	p0044	high			گوشِ من لایُلْدَغُ المُؤمن شنید	قول پیغامبر به‌جان و دل گُزید	گوش من لا یلدغ المؤمن شنید	قول پیغمبر به جان و دل گزید
urn:sufi:rumi.mathnawi:1.b0908	44:1	908	identical	agrees_ganjoor	p0044	high			جمله گفتند ای حکیم با خبر	الحذَر دَعْ لیس یُغْنِی عن قدر	جمله گفتند ای حکیم با خبر	الحذر دع لیس یغنی عن قدر
urn:sufi:rumi.mathnawi:1.b0909	44:2	909	orthographic	agrees_both	p0044	high			در حذر شوریدنِ شور و شر‌ست	رو توکّل کن توکّل بهتر‌ست	در حذر شوریدن شور و شر است	رو توکل کن توکل بهتر است
urn:sufi:rumi.mathnawi:1.b0910	44:3	910	identical	agrees_ganjoor	p0044	high			با قضا پنجه مزن ای تُند و تیز	تا نگیرد هم قضا با تو ستیز	با قضا پنجه مزن ای تند و تیز	تا نگیرد هم قضا با تو ستیز
urn:sufi:rumi.mathnawi:1.b0911	44:4	911	identical	agrees_ganjoor	p0044	high			مرده باید بود پیش حکمِ حق	تا نیاید زخم از ربُّ الفَلَق	مرده باید بود پیش حکم حق	تا نیاید زخم از رب الفلق
urn:sufi:rumi.mathnawi:1.b0912	45:1	912	orthographic	agrees_both	p0044	high			گفت آری گر توکّل رهبر‌ست	این سبب هم سُنّت پیغمبر‌ست	گفت آری گر توکل رهبر است	این سبب هم سنت پیغمبر است
urn:sufi:rumi.mathnawi:1.b0913	45:2	913	orthographic	agrees_both	p0044	high			گفت پیغامبر به آواز بلند	با توکّل زانو‌ی اشتر ببند	گفت پیغمبر به آواز بلند	با توکل زانوی اشتر ببند
urn:sufi:rumi.mathnawi:1.b0914	45:3	914	identical	agrees_ganjoor	p0044	high		Couplet written alone in the two middle columns (layout only)	رمزِ الکاسِب حبیبُ الله شنو	از توکّل در سبب کاهل مشو	رمز الکاسب حبیب الله شنو	از توکل در سبب کاهل مشو
urn:sufi:rumi.mathnawi:1.b0915	46:1	915	orthographic	agrees_both	p0044	high			قوم گفتندش که کسب از ضعف خلق	لقمهٔ تزویر دان بر قدر حلق	قوم گفتندش که کسب از ضعف خلق	لقمه‌ی تزویر دان بر قدر حلق
urn:sufi:rumi.mathnawi:1.b0916	46:2	916	identical	agrees_ganjoor	p0044	high			نیست کسبی از توکّل خوب‌تر	چیست از تسلیمْ خود محبوب‌تر	نیست کسبی از توکل خوبتر	چیست از تسلیم خود محبوبتر
urn:sufi:rumi.mathnawi:1.b0917	46:3	917	identical	agrees_ganjoor	p0044	high			بس گریزند از بلا سوی بلا	بس جهند از مار سوی اژدها	بس گریزند از بلا سوی بلا	بس جهند از مار سوی اژدها
urn:sufi:rumi.mathnawi:1.b0918	46:4	918	orthographic	agrees_both	p0044	high			حیله کرد اِنسان و حیله‌ش دام بود	آنک جان پنداشت خون‌آشام بود	حیله کرد انسان و حیله‌ش دام بود	آن که جان پنداشت خون آشام بود
urn:sufi:rumi.mathnawi:1.b0919	46:5	919	orthographic	agrees_both	p0044	high			دَر ببست و دشمن اندر خانه بود	حیلهٔ فرعون زین افسانه بود	در ببست و دشمن اندر خانه بود	حیله‌ی فرعون زین افسانه بود
urn:sufi:rumi.mathnawi:1.b0920	46:6	920	lexical	agrees_ganjoor	p0044	high	وانک او می‌جست	Difference is spelling only (وانک/و آن که); Konya writes وانک	صد هزاران طفل کُشت آن کینه‌کش	وانک او می‌جُست اندر خانه‌اَش	صد هزاران طفل کشت آن کینه کش	و آن که او می‌جست اندر خانه‌اش
urn:sufi:rumi.mathnawi:1.b0921	46:7	921	orthographic	agrees_both	p0044	high			دیدهٔ ما چون بسی علّت دروست	رو فنا کن دیدِ خود در دیدِ دوست	دیده‌ی ما چون بسی علت در اوست	رو فنا کن دید خود در دید دوست
urn:sufi:rumi.mathnawi:1.b0922	46:8	922	identical	agrees_ganjoor	p0044	high			دیدِ ما را دیدِ او نعْمَ العِوَض	یابی اندر دید او کُلّ غرض	دید ما را دید او نعم العوض	یابی اندر دید او کل غرض
urn:sufi:rumi.mathnawi:1.b0923	46:9	923	identical	agrees_ganjoor	p0044	high			طفل تا گیرا و تا پویا نبود	مرکبش جز گردن بابا نبود	طفل تا گیرا و تا پویا نبود	مرکبش جز گردن بابا نبود
urn:sufi:rumi.mathnawi:1.b0924	46:10	924	identical	agrees_ganjoor	p0044	high			چون فضولی گشت و دست و پا نمود	در عَنا افتاد و در کور و کبود	چون فضولی گشت و دست و پا نمود	در عنا افتاد و در کور و کبود
urn:sufi:rumi.mathnawi:1.b0925	46:11	925	identical	agrees_ganjoor	p0044	high			جان‌های خلق پیش از دست و پا	می‌پَریدند از وفا اندر صفا	جانهای خلق پیش از دست و پا	می‌پریدند از وفا اندر صفا
urn:sufi:rumi.mathnawi:1.b0926	46:12	926	identical	agrees_ganjoor	p0044	high			چون به امر اِهْبِطُوا بَندی شدند	حبس خشم و حرص و خُرسند‌ی شدند	چون به امر اهبطوا بندی شدند	حبس خشم و حرص و خرسندی شدند
urn:sufi:rumi.mathnawi:1.b0927	46:13	927	identical	agrees_ganjoor	p0044	high			ما عیال حَضرتیم و شیر‌خواه	گفت الخَلْقُ عیَالٌ لِلاِلٔه	ما عیال حضرتیم و شیر خواه	گفت الخلق عیال للإله
urn:sufi:rumi.mathnawi:1.b0928	46:14	928	lexical	agrees_ganjoor	p0044	high	انک او از آسمان	Difference is spelling only (آنک/آن که); Konya writes انک	آنک او از آسمان باران دهد	هم تواند کاو ز رحمت نان دهد	آن که او از آسمان باران دهد	هم تواند کاو ز رحمت نان دهد
urn:sufi:rumi.mathnawi:1.b0929	47:1	929	identical	agrees_ganjoor	p0044	high			گفت شیر آری ولی ربُّ العباد	نردبانی پیش پای ما نهاد	گفت شیر آری ولی رب العباد	نردبانی پیش پای ما نهاد
urn:sufi:rumi.mathnawi:1.b0930	47:2	930	identical	agrees_ganjoor	p0044	high			پایه پایه رفت باید سوی بام	هست جَبری بودن اینجا طمع خام	پایه پایه رفت باید سوی بام	هست جبری بودن اینجا طمع خام
urn:sufi:rumi.mathnawi:1.b0931	47:3	931	identical	agrees_ganjoor	p0044	high			پای داری چون کُنی خود را تو لنگ‌‌؟	دست داری چون کُنی پنهان تو چنگ‌‌؟	پای داری چون کنی خود را تو لنگ	دست داری چون کنی پنهان تو چنگ
urn:sufi:rumi.mathnawi:1.b0932	47:4	932	identical	agrees_ganjoor	p0044	high			خواجه چون بیلی به دست بنده داد	بی زبان معلوم شد او را مُراد	خواجه چون بیلی به دست بنده داد	بی‌زبان معلوم شد او را مراد
urn:sufi:rumi.mathnawi:1.b0933	47:5	933	identical	agrees_ganjoor	p0044	high			دستِ همچون بیل اشارت‌های اوست	آخر اندیشی عبارت‌های اوست	دست همچون بیل اشارتهای اوست	آخر اندیشی عبارتهای اوست
urn:sufi:rumi.mathnawi:1.b0934	47:6	934	identical	agrees_ganjoor	p0044	high			چون اشارت‌هاش را بر جان نهی	در وفا‌ی آن اشارت جان دهی	چون اشارتهاش را بر جان نهی	در وفای آن اشارت جان دهی
urn:sufi:rumi.mathnawi:1.b0935	47:7	935	identical	agrees_ganjoor	p0044	high			پس اشارت‌های اسرار‌ت دهد	بار بَر‌دارد ز تو کارت دهد	پس اشارتهای اسرارت دهد	بار بر دارد ز تو کارت دهد
urn:sufi:rumi.mathnawi:1.b0936	47:8	936	orthographic	agrees_both	p0044	high			حاملی محمول گرداند تو‌را	قابلی مقبول گرداند تو‌را	حاملی محمول گرداند ترا	قابلی مقبول گرداند ترا
urn:sufi:rumi.mathnawi:1.b0937	47:9	937	identical	agrees_ganjoor	p0045	high			قابل امر ویی قایل شوی	وصل جویی بعد از آن واصل شوی	قابل امر ویی قایل شوی	وصل جویی بعد از آن واصل شوی
urn:sufi:rumi.mathnawi:1.b0938	47:10	938	identical	agrees_ganjoor	p0045	high			سعیِ شکرِ نعمتش قدرت بود	جَبر تو انکار آن نعمت بود	سعی شکر نعمتش قدرت بود	جبر تو انکار آن نعمت بود
urn:sufi:rumi.mathnawi:1.b0939	47:11	939	identical	agrees_ganjoor	p0045	high			شکرِ قدرت قدرتت افزون کند	جَبرْ نعمت از کفت بیرون کند	شکر قدرت قدرتت افزون کند	جبر نعمت از کفت بیرون کند
urn:sufi:rumi.mathnawi:1.b0940	47:12	940	orthographic	agrees_both	p0045	high			جَبرِ تو خُفتن بود در ره مخُسپ	تا نبینی آن در و دَرگه مخُسپ	جبر تو خفتن بود در ره مخسب	تا نبینی آن در و درگه مخسب
urn:sufi:rumi.mathnawi:1.b0941	47:13	941	lexical	agrees_ganjoor	p0045	high	کاهل	Main text کاهل; small interlinear gloss جبری written above کاهل (alternative reading = MASNAVINET)	هان مخسپ ای کاهلِ بی‌اعتبار	جز به زیر آن درخت میوه‌دار	هان مخسب ای جبری بی‌اعتبار	جز به زیر آن درخت میوه‌دار
urn:sufi:rumi.mathnawi:1.b0942	47:14	942	identical	agrees_ganjoor	p0045	high			تا که شاخ افشان کند هر لحظه باد	بر سر خفته بریزد نقل و زاد	تا که شاخ افشان کند هر لحظه باد	بر سر خفته بریزد نقل و زاد
urn:sufi:rumi.mathnawi:1.b0943	47:15	943	identical	agrees_ganjoor	p0045	high			جبر و خفتن در میان ره‌زنان	مرغ بی‌هنگام کی یابد امان‌‌؟	جبر و خفتن در میان ره زنان	مرغ بی‌هنگام کی یابد امان
urn:sufi:rumi.mathnawi:1.b0944	47:16	944	identical	agrees_ganjoor	p0045	high			ور اشارت‌هاش را بینی زنی	مرد پنداری و چون بینی زنی	ور اشارتهاش را بینی زنی	مرد پنداری و چون بینی زنی
urn:sufi:rumi.mathnawi:1.b0945	47:17	945	identical	agrees_ganjoor	p0045	high			این قدر عقلی که داری گُم شود	سَر که عقل از وی بپرّد دُم شود	این قدر عقلی که داری گم شود	سر که عقل از وی بپرد دم شود
urn:sufi:rumi.mathnawi:1.b0946	47:18	946	orthographic	agrees_both	p0045	high			زانک بی‌شکری بود شوم و شَنار	می‌برد بی‌شکر را در قَعرِ نار	ز آن که بی‌شکری بود شوم و شنار	می‌برد بی‌شکر را در قعر نار
urn:sufi:rumi.mathnawi:1.b0947	47:19	947	identical	agrees_ganjoor	p0045	high		Couplet written alone in the two middle columns (layout only)	گر توکّل می‌کنی در کار کن	کشت کن پس تکیه بر جبّار کُن	گر توکل می‌کنی در کار کن	کشت کن پس تکیه بر جبار کن
urn:sufi:rumi.mathnawi:1.b0948	48:1	948	identical	agrees_ganjoor	p0045	high			جمله با وی بانگ‌ها بر داشتند	کان حریصان که سبب‌ها کاشتند	جمله با وی بانگها برداشتند	کان حریصان که سببها کاشتند
urn:sufi:rumi.mathnawi:1.b0949	48:2	949	identical	agrees_ganjoor	p0045	high			صد هزار اندر هزار از مرد و زن	پس چرا محروم ماندند از زَمن	صد هزار اندر هزار از مرد و زن	پس چرا محروم ماندند از زمن
urn:sufi:rumi.mathnawi:1.b0950	48:3	950	identical	agrees_ganjoor	p0045	high			صد هزار‌ان قرن ز آغاز جهان	همچو اژدر‌ها گُشاده صد دهان	صد هزاران قرن ز آغاز جهان	همچو اژدرها گشاده صد دهان
urn:sufi:rumi.mathnawi:1.b0951	48:4	951	identical	agrees_ganjoor	p0045	high			مکر‌ها کردند آن دانا گُروه	که ز بُن بر‌کنده شد زان مَکرْ کوه	مکرها کردند آن دانا گروه	که ز بن بر کنده شد ز آن مکر کوه
urn:sufi:rumi.mathnawi:1.b0952	48:5	952	orthographic	agrees_both	p0045	high			کرد وَصف مکر‌هاشان ذوالجلال	لِتَزُولَ مِنۡهُ اَقْلالُ ٱلجِبَالُ	کرد وصف مکرهاشان ذو الجلال	لتزول منه اقلال الجبال
urn:sufi:rumi.mathnawi:1.b0953	48:6	953	identical	agrees_ganjoor	p0045	high			جز که آن قسمت که رفت اندر ازل	روی ننمود از شکار و از عمل	جز که آن قسمت که رفت اندر ازل	روی ننمود از شکار و از عمل
urn:sufi:rumi.mathnawi:1.b0954	48:7	954	identical	agrees_ganjoor	p0045	high			جمله افتادند از تدبیر و کار	ماند کار و حکم‌های کردگار	جمله افتادند از تدبیر و کار	ماند کار و حکم‌های کردگار
urn:sufi:rumi.mathnawi:1.b0955	48:8	955	orthographic	agrees_both	p0045	high			کسپ جز نامی مدان ای نام‌دار	جهد جز وَهمی مپندار ای عَیار	کسب جز نامی مدان ای نامدار	جهد جز وهمی مپندار ای عیار
urn:sufi:rumi.mathnawi:1.b0956	49:1	956	identical	agrees_ganjoor	p0045	high		Main text زادمردی; right margin has a small note, apparently ساذه/ساده with a small siglum above (variant ساده‌مردی?), read with medium confidence	زادمردی چاشتگاهی دررسید	در سراعدل سلیمان در دوید	زاد مردی چاشتگاهی در رسید	در سرا عدل سلیمان در دوید
urn:sufi:rumi.mathnawi:1.b0957	49:2	957	identical	agrees_ganjoor	p0045	high			رویش از غم زرد و هر دو لب کبود	پس سلیمان گفت ای خواجه چه بود‌؟	رویش از غم زرد و هر دو لب کبود	پس سلیمان گفت ای خواجه چه بود
urn:sufi:rumi.mathnawi:1.b0958	49:3	958	identical	agrees_ganjoor	p0045	high			گفت عزراییل در من این چنین	یک نظر انداخت پر از خشم و کین	گفت عزراییل در من این چنین	یک نظر انداخت پر از خشم و کین
urn:sufi:rumi.mathnawi:1.b0959	49:4	959	identical	agrees_ganjoor	p0045	high			گفت هین اکنون چه می‌خواهی بخواه‌‌!	گفت فرما باد را ای جان‌پناه	گفت هین اکنون چه می‌خواهی بخواه	گفت فرما باد را ای جان پناه
urn:sufi:rumi.mathnawi:1.b0960	49:5	960	lexical	agrees_ganjoor	p0045	high	زینجا ... بوک بنده	Spelling-only difference; Konya writes زینجا and بوک	تا مرا زینجا به هندِستان بَرَد	بوکْ بنده کان طرف شد جان برد	تا مرا ز ینجا به هندستان برد	بو که بنده کان طرف شد جان برد
urn:sufi:rumi.mathnawi:1.b0961	49:6	961	orthographic	agrees_both	p0045	high			نک ز درویشی گریزانند خلق	لقمهٔ حرص و امل ز‌آنند خلق	نک ز درویشی گریزانند خلق	لقمه‌ی حرص و امل ز آنند خلق
urn:sufi:rumi.mathnawi:1.b0962	49:7	962	identical	agrees_ganjoor	p0045	high			ترسِ درویشی مثال آن هراس	حرص و کوشش را تو هندستان شناس	ترس درویشی مثال آن هراس	حرص و کوشش را تو هندستان شناس
urn:sufi:rumi.mathnawi:1.b0963	49:8	963	identical	agrees_ganjoor	p0045	high			باد را فرمود تا او را شتاب	برد سوی قعرِ هندستان بر آب	باد را فرمود تا او را شتاب	برد سوی قعر هندستان بر آب
urn:sufi:rumi.mathnawi:1.b0964	49:9	964	identical	agrees_ganjoor	p0045	high			روزِ دیگر وقتِ دیوان و لِقا	پس سلیمان گفت عزراییل را	روز دیگر وقت دیوان و لقا	پس سلیمان گفت عزراییل را
urn:sufi:rumi.mathnawi:1.b0965	49:10	965	lexical	agrees_ganjoor	p0045	high	بخشم از بهر آن	Konya: کان مسلمان را بخشم از بهر آن	کان مسلمان را به خشم از بهر آن	بنگریدی تا شد آواره ز خان	کان مسلمان را بخشم از چه چنان	بنگریدی تا شد آواره ز خان
urn:sufi:rumi.mathnawi:1.b0966	49:11	966	identical	agrees_ganjoor	p0045	high			گفت من از خشم کی کردم نظر	از تعجّب دیدمش در رَهگذر	گفت من از خشم کی کردم نظر	از تعجب دیدمش در رهگذر
urn:sufi:rumi.mathnawi:1.b0967	49:12	967	orthographic	agrees_both	p0045	high			که مرا فرمود حق کامروز هان	جان او را تو به هندِستان ستان	که مرا فرمود حق که امروز هان	جان او را تو به هندستان ستان
urn:sufi:rumi.mathnawi:1.b0968	49:13	968	orthographic	agrees_both	p0045	high			از عجب گفتم گر او را صد پَر‌ست	او به هندستان شدن دور اندرست	از عجب گفتم گر او را صد پر است	او به هندستان شدن دور اندر است
urn:sufi:rumi.mathnawi:1.b0969	49:14	969	identical	agrees_ganjoor	p0045	high			تو همه کارِ جهان را همچنین	کن قیاس و چشم بگشا و ببین	تو همه کار جهان را همچنین	کن قیاس و چشم بگشا و ببین
urn:sufi:rumi.mathnawi:1.b0970	49:15	970	identical	agrees_ganjoor	p0045	high	از کی بگریزیم ... از کی برباییم	Konya spells که as کی (orthographic); couplet written alone in the two middle columns	از که بگریزیم‌‌؟ از خود‌‌؟ ای مُحال	از که برباییم‌‌؟ از حق‌‌؟ ای وبال	از که بگریزیم از خود ای محال	از که برباییم از حق ای وبال
urn:sufi:rumi.mathnawi:1.b0971	50:1	971	identical	agrees_ganjoor	p0045	high			شیر گفت آری ولیکن هم ببین	جهد‌های انبیا و مؤمنین	شیر گفت آری و لیکن هم ببین	جهدهای انبیا و مومنین
urn:sufi:rumi.mathnawi:1.b0972	50:2	972	identical	agrees_ganjoor	p0045	high			حق تعالی جهد‌شان را راست کرد	آنچه دیدند از جفا و گرم و سرد	حق تعالی جهدشان را راست کرد	آن چه دیدند از جفا و گرم و سرد
urn:sufi:rumi.mathnawi:1.b0973	50:3	973	identical	agrees_ganjoor	p0045	high			حیله‌هاشان جمله حال آمد لطیف	کل شیء من ظریف هو ظریف	حیله‌هاشان جمله حال آمد لطیف	کل شی‌ء من ظریف هو ظریف
urn:sufi:rumi.mathnawi:1.b0974	50:4	974	identical	agrees_ganjoor	p0045	high			دام‌هاشان مرغ گردونی گرفت	نقص‌هاشان جمله افزونی گرفت	دامهاشان مرغ گردونی گرفت	نقصهاشان جمله افزونی گرفت
urn:sufi:rumi.mathnawi:1.b0975	50:5	975	lexical	agrees_masnavinet	p0045	medium	انبیا	Hamza spelling only; Konya writes انبیا without hamza	جهد می‌کن تا توانی ای کیا	در طریق انبیاء و اولیا	جهد می‌کن تا توانی ای کیا	در طریق انبیا و اولیا
urn:sufi:rumi.mathnawi:1.b0976	50:6	976	identical	agrees_ganjoor	p0045	high			با قضا پنجه زدن نبود جهاد	زانکه این را هم قضا بر ما نهاد	با قضا پنجه زدن نبود جهاد	ز آن که این را هم قضا بر ما نهاد
urn:sufi:rumi.mathnawi:1.b0977	50:7	977	identical	agrees_ganjoor	p0045	high			کافر‌م من گر زیان کرده‌ست کس	در ره ایمان و طاعت یک نفس	کافرم من گر زیان کرده ست کس	در ره ایمان و طاعت یک نفس
urn:sufi:rumi.mathnawi:1.b0978	50:8	978	identical	agrees_ganjoor	p0045	high			سر شکسته نیست‌‌، این سر را مبند	یک دو روزک جهد کن باقی بخند	سر شکسته نیست این سر را مبند	یک دو روزک جهد کن باقی بخند
urn:sufi:rumi.mathnawi:1.b0979	50:9	979	identical	agrees_ganjoor	p0045	high			بد محالی جست کاو دنیا بجست	نیک حالی جست کاو عقبی بجست	بد محالی جست کاو دنیا بجست	نیک حالی جست کاو عقبی بجست
urn:sufi:rumi.mathnawi:1.b0980	50:10	980	identical	agrees_ganjoor	p0045	high			مکر‌ها در کسب دنیا بارد است	مکر‌ها در ترک دنیا وارد است	مکرها در کسب دنیا بارد است	مکرها در ترک دنیا وارد است
urn:sufi:rumi.mathnawi:1.b0981	50:11	981	identical	agrees_ganjoor	p0045	high			مکر آن باشد که زندان حفره کرد	آنکه حفره بست آن مکری‌ست سرد	مکر آن باشد که زندان حفره کرد	آن که حفره بست آن مکری ست سرد
urn:sufi:rumi.mathnawi:1.b0982	50:12	982	identical	agrees_ganjoor	p0045	high			این جهان زندان و ما زندانیان	حفره‌کن زندان و خود را وا رهان	این جهان زندان و ما زندانیان	حفره کن زندان و خود را وارهان
urn:sufi:rumi.mathnawi:1.b0983	50:13	983	lexical	agrees_ganjoor	p0046	medium	نه قماش و نقده	Konya reads نه (not نی) and نقده (dots of ق visible, د not ر)	چیست دنیا از خدا غافل بدن	نه قماش و نقده و میزان و زن	چیست دنیا از خدا غافل بدن	نی قماش و نقره و میزان و زن
urn:sufi:rumi.mathnawi:1.b0984	50:14	984	identical	agrees_ganjoor	p0046	high			مال را کز بهر دین باشی حمول	نعم مال صالح خواندش رسول	مال را کز بهر دین باشی حمول	نعم مال صالح خواندش رسول
urn:sufi:rumi.mathnawi:1.b0985	50:15	985	identical	agrees_ganjoor	p0046	high			آب در کشتی هلاک کشتی است	آب اندر زیر کشتی پشتی است	آب در کشتی هلاک کشتی است	آب اندر زیر کشتی پشتی است
urn:sufi:rumi.mathnawi:1.b0986	50:16	986	identical	agrees_ganjoor	p0046	high			چونکه مال و ملک را از دل براند	زان سلیمان خویش جز مسکین نخواند	چون که مال و ملک را از دل براند	ز آن سلیمان خویش جز مسکین نخواند
urn:sufi:rumi.mathnawi:1.b0987	50:17	987	orthographic	agrees_both	p0046	high			کوزهٔ سربسته اندر آب زفت	از دل پر باد فوق آب رفت	کوزه‌ی سر بسته اندر آب زفت	از دل پر باد فوق آب رفت
urn:sufi:rumi.mathnawi:1.b0988	50:18	988	identical	agrees_ganjoor	p0046	high			باد درویشی چو در باطن بود	بر سر آب جهان ساکن بود	باد درویشی چو در باطن بود	بر سر آب جهان ساکن بود
urn:sufi:rumi.mathnawi:1.b0989	50:19	989	orthographic	agrees_both	p0046	high			گر‌چه جملهٔ این جهان ملک وی‌ست	ملک در چشم دل او لاشی‌ست	گر چه جمله‌ی این جهان ملک وی است	ملک در چشم دل او لا شی است
urn:sufi:rumi.mathnawi:1.b0990	50:20	990	identical	agrees_ganjoor	p0046	high			پس دهان دل ببند و مُهر کن	پر کنش از بادِ کبرِ من‌لدن	پس دهان دل ببند و مهر کن	پر کنش از باد کبر من لدن
urn:sufi:rumi.mathnawi:1.b0991	50:21	991	orthographic	agrees_both	p0046	high		Couplet written alone in the two middle columns (layout only)	جهد حق‌ست و دوا حق‌ست و درد	منکر اندر نفی جهد‌ش جهد کرد	جهد حق است و دوا حق است و درد	منکر اندر نفی جهدش جهد کرد
urn:sufi:rumi.mathnawi:1.b0992	51:1	992	identical	agrees_ganjoor	p0046	high			زین نمط بسیار برهان گفت شیر	کز جواب آن جبریان گشتند سیر	زین نمط بسیار برهان گفت شیر	کز جواب آن جبریان گشتند سیر
urn:sufi:rumi.mathnawi:1.b0993	51:2	993	identical	agrees_ganjoor	p0046	high			روبه و آهو و خرگوش و شغال	جبر را بگذاشتند و قیل و قال	روبه و آهو و خرگوش و شغال	جبر را بگذاشتند و قیل و قال
urn:sufi:rumi.mathnawi:1.b0994	51:3	994	orthographic	agrees_both	p0046	high			عهدها کردند با شیر ژیان	کاندرین بیعت نیفتد در زیان	عهدها کردند با شیر ژیان	کاندر این بیعت نیفتد در زیان
urn:sufi:rumi.mathnawi:1.b0995	51:4	995	lexical	agrees_masnavinet	p0046	medium	تقاضایِ دگر	Single ی with kasra below (تقاضایِ دگر), i.e. ezafe form, not indefinite تقاضایی	قسم هر روزش بیاید بی‌جگر	حاجتش نبود تقاضایی دگر	قسم هر روزش بیاید بی‌جگر	حاجتش نبود تقاضای دگر
urn:sufi:rumi.mathnawi:1.b0996	51:5	996	identical	agrees_ganjoor	p0046	high			قرعه بر هر که فتادی روز روز	سوی آن شیر او دویدی همچو یوز	قرعه بر هر که فتادی روز روز	سوی آن شیر او دویدی همچو یوز
urn:sufi:rumi.mathnawi:1.b0997	51:6	997	orthographic	agrees_both	p0046	high			چون به خرگوش آمد این ساغر بدور	بانگ زد خرگوش کاخر چند جور	چون به خرگوش آمد این ساغر به دور	بانگ زد خرگوش کاخر چند جور
urn:sufi:rumi.mathnawi:1.b0998	52:1	998	identical	agrees_ganjoor	p0046	medium		عهد و وفا: the و appears written small/raised between عهد and فا	قوم گفتندش که چندین گاه ما	جان فدا کردیم در عهد و وفا	قوم گفتندش که چندین گاه ما	جان فدا کردیم در عهد و وفا
urn:sufi:rumi.mathnawi:1.b0999	52:2	999	identical	agrees_ganjoor	p0046	high			تو مجو بدنامی ما ای عنود	تا نرنجد شیر رو رو زود زود	تو مجو بد نامی ما ای عنود	تا نرنجد شیر رو رو زود زود
urn:sufi:rumi.mathnawi:1.b1000	53:1	1000	identical	agrees_ganjoor	p0046	high			گفت ای یاران مرا مهلت دهید	تا به مکرم از بلا بیرون جهید	گفت ای یاران مرا مهلت دهید	تا به مکرم از بلا بیرون جهید
urn:sufi:rumi.mathnawi:1.b1001	53:2	1001	identical	agrees_ganjoor	p0046	high			تا امان یابد به مکرم جانتان	ماند این میراث فرزندانتان	تا امان یابد به مکرم جانتان	ماند این میراث فرزندانتان
urn:sufi:rumi.mathnawi:1.b1002	53:3	1002	identical	agrees_ganjoor	p0046	medium		second hemistich written همچنین تا مخلصی [م]ی خواندشان; the می is compressed/partly unclear	هر پیمبر امتان را در جهان	همچنین تا مخلصی می‌خواندشان	هر پیمبر امتان را در جهان	همچنین تا مخلصی می‌خواندشان
urn:sufi:rumi.mathnawi:1.b1003	53:4	1003	identical	differs_both	p0046	high	از فلک (Ganjoor/Masnavinet: کز فلک)	Konya clearly reads از فلک راه برون شو دیده بود	کز فلک راه برون شو دیده بود	در نظر چون مردمک پیچیده بود	کز فلک راه برون شو دیده بود	در نظر چون مردمک پیچیده بود
urn:sufi:rumi.mathnawi:1.b1004	53:5	1004	identical	agrees_ganjoor	p0046	high			مردمش چون مردمک دیدند خرد	در بزرگی مردمک کس ره نبرد	مردمش چون مردمک دیدند خرد	در بزرگی مردمک کس ره نبرد
urn:sufi:rumi.mathnawi:1.b1005	54:1	1005	orthographic	agrees_both	p0046	high			قوم گفتندش که ای خر گوش‌دار	خویش را اندازهٔ خرگوش دار	قوم گفتندش که ای خر گوش دار	خویش را اندازه‌ی خرگوش دار
urn:sufi:rumi.mathnawi:1.b1006	54:2	1006	orthographic	agrees_both	p0046	high			هین چه لافست این که از تو بهتران	در نیاوردند اندر خاطر آن	هین چه لاف است این که از تو بهتران	در نیاوردند اندر خاطر آن
urn:sufi:rumi.mathnawi:1.b1007	54:3	1007	orthographic	agrees_both	p0046	high			معجبی یا خود قضامان در پیست	ور نه این دم لایق چون تو کیست	معجبی یا خود قضامان در پی است	ور نه این دم لایق چون تو کی است
urn:sufi:rumi.mathnawi:1.b1008	55:1	1008	identical	agrees_ganjoor	p0046	high			گفت ای یاران حقم الهام داد	مر ضعیفی را قوی رایی فتاد	گفت ای یاران حقم الهام داد	مر ضعیفی را قوی رایی فتاد
urn:sufi:rumi.mathnawi:1.b1009	55:2	1009	orthographic	agrees_both	p0046	high			آنچ حق آموخت مر زنبور را	آن نباشد شیر را و گور را	آن چه حق آموخت مر زنبور را	آن نباشد شیر را و گور را
urn:sufi:rumi.mathnawi:1.b1010	55:3	1010	orthographic	agrees_both	p0046	high			خانه‌ها سازد پر از حلوای تر	حق برو آن علم را بگشاد در	خانه‌ها سازد پر از حلوای تر	حق بر او آن علم را بگشاد در
urn:sufi:rumi.mathnawi:1.b1011	55:4	1011	orthographic	agrees_both	p0046	high			آنچ حق آموخت کرم پیله را	هیچ پیلی داند آن گون حیله را	آن چه حق آموخت کرم پیله را	هیچ پیلی داند آن گون حیله را
urn:sufi:rumi.mathnawi:1.b1012	55:5	1012	identical	agrees_ganjoor	p0046	high			آدم خاکی ز حق آموخت علم	تا به هفتم آسمان افروخت علم	آدم خاکی ز حق آموخت علم	تا به هفتم آسمان افروخت علم
urn:sufi:rumi.mathnawi:1.b1013	55:6	1013	orthographic	agrees_both	p0046	high			نام و ناموس ملک را در‌شکست	کوری آنکس که در حق در شکست	نام و ناموس ملک را در شکست	کوری آن کس که در حق درشک است
urn:sufi:rumi.mathnawi:1.b1014	55:7	1014	lexical	agrees_ganjoor	p0046	high	زاهد ششصد هزاران ساله را		زاهد ششصد هزاران ساله را	پوزبندی ساخت آن گوساله را	زاهد چندین هزاران ساله را	پوز بندی ساخت آن گوساله را
urn:sufi:rumi.mathnawi:1.b1015	55:8	1015	identical	agrees_ganjoor	p0046	high			تا نتاند شیر علم دین کشید	تا نگردد گرد آن قصر مشید	تا نتاند شیر علم دین کشید	تا نگردد گرد آن قصر مشید
urn:sufi:rumi.mathnawi:1.b1016	55:9	1016	lexical	agrees_ganjoor	p0046	high	ازان علم بلند	Konya ازان = از آن	علمهای اهل حس شد پوزبند	تا نگیرد شیر از آن علم بلند	علمهای اهل حس شد پوز بند	تا نگیرد شیر ز آن علم بلند
urn:sufi:rumi.mathnawi:1.b1017	55:10	1017	orthographic	agrees_both	p0046	high			قطرهٔ دل را یکی گوهر فتاد	کان به دریاها و گردونها نداد	قطره‌ی دل را یکی گوهر فتاد	کان به دریاها و گردونها نداد
urn:sufi:rumi.mathnawi:1.b1018	55:11	1018	identical	agrees_ganjoor	p0046	high			چند صورت آخر ای صورت‌پرست	جان بی‌معنیت از صورت نرست	چند صورت آخر ای صورت پرست	جان بی‌معنیت از صورت نرست
urn:sufi:rumi.mathnawi:1.b1019	55:12	1019	orthographic	agrees_both	p0046	high			گر بصورت آدمی انسان بدی	احمد و بوجهل خود یکسان بدی	گر به صورت آدمی انسان بدی	احمد و بو جهل خود یکسان بدی
urn:sufi:rumi.mathnawi:1.b1020	55:13	1020	orthographic	agrees_both	p0046	high			نقش بر دیوار مثل آدمست	بنگر از صورت چه چیز او کمست	نقش بر دیوار مثل آدم است	بنگر از صورت چه چیز او کم است
urn:sufi:rumi.mathnawi:1.b1021	55:14	1021	orthographic	agrees_both	p0046	high			جان کمست آن صورت با تاب را	رو بجو آن گوهر کم‌یاب را	جان کم است آن صورت با تاب را	رو بجو آن گوهر کمیاب را
urn:sufi:rumi.mathnawi:1.b1022	55:15	1022	identical	agrees_ganjoor	p0046	high			شد سر شیران عالم جمله پست	چون سگ اصحاب را دادند دست	شد سر شیران عالم جمله پست	چون سگ اصحاب را دادند دست
urn:sufi:rumi.mathnawi:1.b1023	55:16	1023	orthographic	agrees_both	p0046	high			چه زیانستش از آن نقش نفور	چونک جانش غرق شد در بحر نور	چه زیان استش از آن نقش نفور	چون که جانش غرق شد در بحر نور
urn:sufi:rumi.mathnawi:1.b1024	55:17	1024	lexical	agrees_ganjoor	p0046	high	وصف و صورت	conjunction و present	وصف و صورت نیست اندر خامه‌ها	عالم و عادل بود در نامه‌ها	وصف صورت نیست اندر خامه‌ها	عالم و عادل بود در نامه‌ها
urn:sufi:rumi.mathnawi:1.b1025	55:18	1025	orthographic	agrees_both	p0046	high			عالم و عادل همه معنیست بس	کش نیابی در مکان و پیش و پس	عالم و عادل همه معنی است بس	کش نیابی در مکان و پیش و پس
urn:sufi:rumi.mathnawi:1.b1026	55:19	1026	identical	agrees_ganjoor	p0046	high			می‌زند بر تن ز سوی لامکان	می‌نگنجد در فلک خورشید جان	می‌زند بر تن ز سوی لامکان	می‌نگنجد در فلک خورشید جان
urn:sufi:rumi.mathnawi:1.b1027	56:1	1027	lexical	agrees_ganjoor	p0047	high	هوش سوی قصهٔ خرگوش دار		این سخن پایان ندارد هوش‌دار	هوش سوی قصهٔ خرگوش دار	این سخن پایان ندارد هوش دار	گوش سوی قصه‌ی خرگوش دار
urn:sufi:rumi.mathnawi:1.b1028	56:2	1028	orthographic	agrees_both	p0047	high			گوش خر بفروش و دیگر گوش خر	کین سخن را در نیابد گوش خر	گوش خر بفروش و دیگر گوش خر	کاین سخن را در نیابد گوش خر
urn:sufi:rumi.mathnawi:1.b1029	56:3	1029	identical	agrees_ganjoor	p0047	high			رو تو روبه‌بازی خرگوش بین	مکر و شیراندازی خرگوش بین	رو تو روبه بازی خرگوش بین	مکر و شیر اندازی خرگوش بین
urn:sufi:rumi.mathnawi:1.b1030	56:4	1030	orthographic	agrees_both	p0047	high			خاتم ملک سلیمانست علم	جمله عالم صورت و جانست علم	خاتم ملک سلیمان است علم	جمله عالم صورت و جان است علم
urn:sufi:rumi.mathnawi:1.b1031	56:5	1031	identical	agrees_ganjoor	p0047	high			آدمی را زین هنر بیچاره گشت	خلق دریاها و خلق کوه و دشت	آدمی را زین هنر بی‌چاره گشت	خلق دریاها و خلق کوه و دشت
urn:sufi:rumi.mathnawi:1.b1032	56:6	1032	identical	agrees_ganjoor	p0047	high			زو پلنگ و شیر ترسان همچو موش	زو نهنگ و بحر در صفرا و جوش	زو پلنگ و شیر ترسان همچو موش	زو نهنگ و بحر در صفرا و جوش
urn:sufi:rumi.mathnawi:1.b1033	56:7	1033	identical	agrees_ganjoor	p0047	high			زو پری و دیو ساحلها گرفت	هر یکی در جای پنهان جا گرفت	زو پری و دیو ساحلها گرفت	هر یکی در جای پنهان جا گرفت
urn:sufi:rumi.mathnawi:1.b1034	56:8	1034	orthographic	agrees_both	p0047	high			آدمی را دشمنِ پنهان بَسی‌ست	آدمیِ با حَذَر، عاقل کسی‌ست	آدمی را دشمن پنهان بسی است	آدمی با حذر عاقل کسی است
urn:sufi:rumi.mathnawi:1.b1035	56:9	1035	lexical	agrees_both	p0047	medium	بهر دم	Konya بهر دم joined; به هر / بهر distinction is only spacing, scribe routinely joins به	خلقِ پنهان، زشتِشان و خوبِشان	می‌زند در دل به هر دَم کوبشان	خلق پنهان زشتشان و خوبشان	می‌زند در دل بهر دم کوبشان
urn:sufi:rumi.mathnawi:1.b1036	56:10	1036	identical	agrees_ganjoor	p0047	high			بهر غسل ار در روی در جویبار	بر تو آسیبی زند در آب خار	بهر غسل ار در روی در جویبار	بر تو آسیبی زند در آب خار
urn:sufi:rumi.mathnawi:1.b1037	56:11	1037	orthographic	agrees_both	p0047	high			گرچه پنهان خار در آبست پست	چونک در تو می‌خلد دانی که هست	گر چه پنهان خار در آب است پست	چون که در تو می‌خلد دانی که هست
urn:sufi:rumi.mathnawi:1.b1038	56:12	1038	lexical	agrees_ganjoor	p0047	high	نه یک کسه		خارخار وحیها و وسوسه	از هزاران کس بود نه یک کسه	خار خار وحیها و وسوسه	از هزاران کس بود نی یک کسه
urn:sufi:rumi.mathnawi:1.b1039	56:13	1039	identical	agrees_ganjoor	p0047	high			باش تا حسهای تو مبدل شود	تا ببینیشان و مشکل حل شود	باش تا حسهای تو مبدل شود	تا ببینیشان و مشکل حل شود
urn:sufi:rumi.mathnawi:1.b1040	56:14	1040	identical	agrees_ganjoor	p0047	high			تا سخنهای کیان رد کرده‌ای	تا کیان را سرور خود کرده‌ای	تا سخنهای کیان رد کرده‌ای	تا کیان را سرور خود کرده‌ای
urn:sufi:rumi.mathnawi:1.b1041	57:1	1041	orthographic	agrees_both	p0047	high			بعد از آن گفتند کای خرگوش چست	در میان آر آنچ در ادراک تست	بعد از آن گفتند کای خرگوش چست	در میان آر آن چه در ادراک تست
urn:sufi:rumi.mathnawi:1.b1042	57:2	1042	identical	agrees_ganjoor	p0047	high			ای که با شیری تو در پیچیده‌ای	بازگو رایی که اندیشیده‌ای	ای که با شیری تو در پیچیده‌ای	باز گو رایی که اندیشیده‌ای
urn:sufi:rumi.mathnawi:1.b1043	57:3	1043	identical	agrees_ganjoor	p0047	high			مشورت ادراک و هشیاری دهد	عقلها مر عقل را یاری دهد	مشورت ادراک و هشیاری دهد	عقلها مر عقل را یاری دهد
urn:sufi:rumi.mathnawi:1.b1044	57:4	1044	orthographic	agrees_both	p0047	high			گفت پیغامبر بکن ای رای‌زن	مشورت کالمستشار مؤتمن	گفت پیغمبر بکن ای رایزن	مشورت کالمستشار موتمن
urn:sufi:rumi.mathnawi:1.b1045	58:1	1045	identical	agrees_ganjoor	p0047	high			گفت هر رازی نشاید باز گفت	جفت طاق آید گهی، گه طاق، جفت	گفت هر رازی نشاید باز گفت	جفت طاق آید گهی گه طاق جفت
urn:sufi:rumi.mathnawi:1.b1046	58:2	1046	identical	agrees_ganjoor	p0047	high			از صَفا گر دَم زَنی با آینه	تیره گردد زود با ما آینه	از صفا گر دم زنی با آینه	تیره گردد زود با ما آینه
urn:sufi:rumi.mathnawi:1.b1047	58:3	1047	identical	agrees_ganjoor	p0047	high			در بیانِ این سه، کَم جُنبان لبت	از ذَهاب و از ذَهَب، وَز مَذهبت	در بیان این سه کم جنبان لبت	از ذهاب و از ذهب وز مذهبت
urn:sufi:rumi.mathnawi:1.b1048	58:4	1048	orthographic	agrees_both	p0047	high			کین سه را خصمست بسیار و عدو	در کمینت ایستد چون داند او	کین سه را خصم است بسیار و عدو	در کمینت ایستد چون داند او
urn:sufi:rumi.mathnawi:1.b1049	58:5	1049	identical	agrees_ganjoor	p0047	high			ور بگویی با یکی دو، الوَداع	کُلُّ سرٍّ جاوَزَ الاثْنَینِ شاع	ور بگویی با یکی دو الوداع	کل سر جاوز الاثنین شاع
urn:sufi:rumi.mathnawi:1.b1050	58:6	1050	identical	agrees_ganjoor	p0047	high			گر دو سه پَرَّنده را بندی به هَم	بر زمین مانند محبوس از اَلَم	گر دو سه پرنده را بندی به هم	بر زمین مانند محبوس از الم
urn:sufi:rumi.mathnawi:1.b1051	58:7	1051	identical	agrees_ganjoor	p0047	high			مشورت دارند سَرپوشیده خوب	در کنایت با غلط‌ افکن مشوب	مشورت دارند سرپوشیده خوب	در کنایت با غلط افکن مشوب
urn:sufi:rumi.mathnawi:1.b1052	58:8	1052	identical	agrees_ganjoor	p0047	high			مشورت کردی پیمبر بسته‌سَر	گفته ایشانش جواب و بی‌خبر	مشورت کردی پیمبر بسته سر	گفته ایشانش جواب و بی‌خبر
urn:sufi:rumi.mathnawi:1.b1053	58:9	1053	lexical	agrees_masnavinet	p0047	high	تا نداند خصم	singular نداند (one nun)	در مثالی بسته گفتی رای را	تا ندانند خصم از سَر پای را	در مثالی بسته گفتی رای را	تا نداند خصم از سر پای را
urn:sufi:rumi.mathnawi:1.b1054	58:10	1054	orthographic	agrees_both	p0047	high			او جواب خویش بگرفتی ازو	وز سؤالش می‌نبُردی غیرْ بو	او جواب خویش بگرفتی از او	وز سؤالش می‌نبردی غیر بو
urn:sufi:rumi.mathnawi:1.b1055	59:1	1055	identical	agrees_ganjoor	p0047	high			ساعتی تأخیر کرد اندر شدن	بعد از آن شد پیش شیر پنجه‌زن	ساعتی تاخیر کرد اندر شدن	بعد از آن شد پیش شیر پنجه زن
urn:sufi:rumi.mathnawi:1.b1056	59:2	1056	identical	agrees_ganjoor	p0047	high			زان سبب کاندر شدن او ماند دیر	خاک را می‌کند و می‌غُرّید شیر	ز آن سبب کاندر شدن او ماند دیر	خاک را می‌کند و می‌غرید شیر
urn:sufi:rumi.mathnawi:1.b1057	59:3	1057	identical	agrees_ganjoor	p0047	high			گفت من گفتم که عهد آن خسان	خام باشد خام و سُست و نارسان	گفت من گفتم که عهد آن خسان	خام باشد خام و سست و نارسان
urn:sufi:rumi.mathnawi:1.b1058	59:4	1058	orthographic	agrees_both	p0047	high			دمدمه‌یْ ایشان مرا از خر فکند	چند بفریبد مرا این دهرْ چند	دمدمه‌ی ایشان مرا از خر فگند	چند بفریبد مرا این دهر چند
urn:sufi:rumi.mathnawi:1.b1059	59:5	1059	identical	agrees_ganjoor	p0047	high			سخت درماند امیرِ سُست ریش	چون نه پس بیند نه پیش از احمقیش	سخت درماند امیر سست ریش	چون نه پس بیند نه پیش از احمقیش
urn:sufi:rumi.mathnawi:1.b1060	59:6	1060	lexical	agrees_ganjoor	p0047	high	راه هموارست زیرش دامها	no و before زیرش	راه هموارست زیرش دامها	قحطِ معنی در میانِ نامها	راه هموار است و زیرش دامها	قحط معنی در میان نامها
urn:sufi:rumi.mathnawi:1.b1061	59:7	1061	identical	agrees_ganjoor	p0047	high			لفظها و نامها چون دامهاست	لفظ شیرین ریگِ آب عمر ماست	لفظها و نامها چون دامهاست	لفظ شیرین ریگ آب عمر ماست
urn:sufi:rumi.mathnawi:1.b1062	59:8	1062	orthographic	agrees_both	p0047	high			آن یکی ریگی که جوشد آب ازو	سخت کم‌یابست رو آن را بجو	آن یکی ریگی که جوشد آب ازو	سخت کمیاب است رو آن را بجو
urn:sufi:rumi.mathnawi:1.b1063	59:9	1063	identical	agrees_ganjoor	p0047	high			منبع حکمت شود حکمت‌طلب	فارغ آید او ز تحصیل و سبب	منبع حکمت شود حکمت طلب	فارغ آید او ز تحصیل و سبب
urn:sufi:rumi.mathnawi:1.b1064	59:10	1064	identical	agrees_ganjoor	p0047	high			لوحِ حافظ لوح محفوظی شود	عقل او از روحْ محظوظی شود	لوح حافظ لوح محفوظی شود	عقل او از روح محظوظی شود
urn:sufi:rumi.mathnawi:1.b1065	59:11	1065	orthographic	agrees_both	p0047	high			چون معلّم بود عقلش ز ابتدا	بعد ازین شد عقل شاگردی ورا	چون معلم بود عقلش ز ابتدا	بعد از این شد عقل شاگردی و را
urn:sufi:rumi.mathnawi:1.b1066	59:12	1066	identical	agrees_ganjoor	p0047	high			عقلْ چون جبریل گوید احمدا	گر یکی گامی نهم سوزد مرا	عقل چون جبریل گوید احمدا	گر یکی گامی نهم سوزد مرا
urn:sufi:rumi.mathnawi:1.b1067	59:13	1067	identical	agrees_ganjoor	p0047	high			تو مرا بگذار زین پس پیش ران	حدِّ من این بود ای سلطان جان	تو مرا بگذار زین پس پیش ران	حد من این بود ای سلطان جان
urn:sufi:rumi.mathnawi:1.b1068	59:14	1068	lexical	agrees_masnavinet	p0047	high	او همین داند	final ن of همین visible	هر که ماند از کاهلی بی‌شکر و صبر	او همی داند که گیرد پای جَبر	هر که ماند از کاهلی بی‌شکر و صبر	او همین داند که گیرد پای جبر
urn:sufi:rumi.mathnawi:1.b1069	59:15	1069	lexical	agrees_both	p0047	medium	رنجور کرد / رنجوریش	difference is vocalisation/spelling only; Konya رنجوریش; a vowel mark may stand over کرد in hemistich 1	هر که جبر آورد خود رنجور کَرد	تا همان رنجوریَش در گور کرد	هر که جبر آورد خود رنجور کرد	تا همان رنجوری‌اش در گور کرد
urn:sufi:rumi.mathnawi:1.b1070	59:16	1070	orthographic	agrees_both	p0047	high			گفت پیغمبر که رنجوری بِلاغ	رنج آرد تا بمیرد چون چراغ	گفت پیغمبر که رنجوری به لاغ	رنج آرد تا بمیرد چون چراغ
urn:sufi:rumi.mathnawi:1.b1071	59:17	1071	identical	agrees_ganjoor	p0047	high			جبر چه بود؟ بستنِ اِشکسته را	یا بپیوستن رگی بگسسته را	جبر چه بود بستن اشکسته را	یا بپیوستن رگی بگسسته را
urn:sufi:rumi.mathnawi:1.b1072	59:18	1072	orthographic	agrees_both	p0047	high			چون درین ره پای خود نشکسته‌ای	بر که می‌خندی چه پا را بَسته‌ای	چون در این ره پای خود نشکسته‌ای	بر که می‌خندی چه پا را بسته‌ای
urn:sufi:rumi.mathnawi:1.b1073	59:19	1073	orthographic	agrees_both	p0047	high			وانک پایش در ره کوشش شکست	دررسید او را بُراق و بر نشست	و آن که پایش در ره کوشش شکست	در رسید او را براق و بر نشست
urn:sufi:rumi.mathnawi:1.b1074	59:20	1074	identical	agrees_ganjoor	p0047	high			حامل دین بود او محمول شد	قابل فرمان بُد او مقبول شد	حامل دین بود او محمول شد	قابل فرمان بد او مقبول شد
urn:sufi:rumi.mathnawi:1.b1075	59:21	1075	orthographic	agrees_both	p0047	high			تاکنون فرمان پذیرفتی ز شاه	بعد ازین فرمان رساند بر سپاه	تا کنون فرمان پذیرفتی ز شاه	بعد از این فرمان رساند بر سپاه
urn:sufi:rumi.mathnawi:1.b1076	59:22	1076	orthographic	agrees_both	p0047	high			تاکنون اختر اثر کردی درو	بعد ازین باشد امیر اختر او	تا کنون اختر اثر کردی در او	بعد از این باشد امیر اختر او
urn:sufi:rumi.mathnawi:1.b1077	59:23	1077	identical	agrees_ganjoor	p0048	high			گر ترا اِشکال آید در نظر	پس تو شک داری در انْشَقَّ الْقَمَرُ	گر ترا اشکال آید در نظر	پس تو شک داری در انشق القمر
urn:sufi:rumi.mathnawi:1.b1078	59:24	1078	lexical	agrees_ganjoor	p0048	medium	ایمان نه از گفت زبان	reads نه, not نی	تازه کن ایمان نی از گفتِ زبان	ای هوا را تازه کرده در نهان	تازه کن ایمان نه از گفت زبان	ای هوا را تازه کرده در نهان
urn:sufi:rumi.mathnawi:1.b1079	59:25	1079	identical	agrees_ganjoor	p0048	high			تا هوا تازه‌ست ایمان تازه نیست	کاین هوا جز قفلِ آن دروازه نیست	تا هوا تازه ست ایمان تازه نیست	کاین هوا جز قفل آن دروازه نیست
urn:sufi:rumi.mathnawi:1.b1080	59:26	1080	lexical	agrees_ganjoor	p0048	high	نه ذکر را		کرده‌ای تأویل حرف بِکر را	خویش را تاویل کن نه ذِکر را	کرده‌ای تاویل حرف بکر را	خویش را تاویل کن نی ذکر را
urn:sufi:rumi.mathnawi:1.b1081	59:27	1081	identical	agrees_ganjoor	p0048	high			بر هوا تأویل قرآن می‌کنی	پست و کژ شد از تو معنی سَنی	بر هوا تاویل قرآن می‌کنی	پست و کژ شد از تو معنی سنی
urn:sufi:rumi.mathnawi:1.b1082	60:1	1082	identical	agrees_ganjoor	p0048	high			آن مگس بر برگ کاه و بول خَر	همچو کشتیبان همی افراشت سَر	آن مگس بر برگ کاه و بول خر	همچو کشتی‌بان همی‌افراشت سر
urn:sufi:rumi.mathnawi:1.b1083	60:2	1083	identical	agrees_ganjoor	p0048	high			گفت من دریا و کشتی خوانده‌ام	مدّتی در فکر آن می‌مانده‌ام	گفت من دریا و کشتی خوانده‌ام	مدتی در فکر آن می‌مانده‌ام
urn:sufi:rumi.mathnawi:1.b1084	60:3	1084	identical	agrees_ganjoor	p0048	high			اینک این دریا و این کشتی و من	مرد کشتیبان و اهل و رای‌زن	اینک این دریا و این کشتی و من	مرد کشتیبان و اهل و رایزن
urn:sufi:rumi.mathnawi:1.b1085	60:4	1085	identical	agrees_ganjoor	p0048	high			بر سر دریا همی راند او عمد	می‌نمودش آن قدر بیرون ز حد	بر سر دریا همی‌راند او عمد	می‌نمودش آن قدر بیرون ز حد
urn:sufi:rumi.mathnawi:1.b1086	60:5	1086	identical	agrees_ganjoor	p0048	high			بود بی‌حدّ آن چَمین نسبت بدو	آن نظر که بیند آن را راستْ کو	بود بی‌حد آن چمین نسبت بدو	آن نظر که بیند آن را راست کو
urn:sufi:rumi.mathnawi:1.b1087	60:6	1087	orthographic	agrees_both	p0048	high			عالَمش چندان بود کِش بینشَست	چشمْ چندین بحر همچندینشست	عالمش چندان بود کش بینش است	چشم چندین بحر هم چندینش است
urn:sufi:rumi.mathnawi:1.b1088	60:7	1088	identical	agrees_ganjoor	p0048	high			صاحب تأویلِ باطل چون مگس	وهم او بول خر و تصویرْ خَس	صاحب تاویل باطل چون مگس	وهم او بول خر و تصویر خس
urn:sufi:rumi.mathnawi:1.b1089	60:8	1089	orthographic	agrees_both	p0048	high			گر مگس تاویل بگذارد برای	آن مگس را بخت گرداند همای	گر مگس تاویل بگذارد به رای	آن مگس را بخت گرداند همای
urn:sufi:rumi.mathnawi:1.b1090	60:9	1090	lexical	agrees_ganjoor	p0048	high	روح او نه در خور صورت بود		آن مگس نبود کِش این عبرت بود	روح او نه در خور صورت بود	آن مگس نبود کش این عبرت بود	روح او نی در خور صورت بود
urn:sufi:rumi.mathnawi:1.b1091	61:1	1091	orthographic	agrees_both	p0048	high			همچو آن خرگوش کو بر شیر زد	روح او کی بود اندر خوردِ قَد	همچو آن خرگوش کاو بر شیر زد	روح او کی بود اندر خورد قد
urn:sufi:rumi.mathnawi:1.b1092	61:2	1092	identical	agrees_ganjoor	p0048	high			شیر می‌گفت از سر تیزی و خشم	کز ره گوشم عدو بر بست چشم	شیر می‌گفت از سر تیزی و خشم	کز ره گوشم عدو بر بست چشم
urn:sufi:rumi.mathnawi:1.b1093	61:3	1093	identical	agrees_ganjoor	p0048	high			مکرهای جَبریانم بسته کرد	تیغ چوبینشان تنم را خسته کرد	مکرهای جبریانم بسته کرد	تیغ چوبینشان تنم را خسته کرد
urn:sufi:rumi.mathnawi:1.b1094	61:4	1094	orthographic	agrees_both	p0048	high			زین سپس من نشنوم آن دمدمه	بانگ دیوانست و غولان آن همه	زین سپس من نشنوم آن دمدمه	بانگ دیوان است و غولان آن همه
urn:sufi:rumi.mathnawi:1.b1095	61:5	1095	identical	agrees_ganjoor	p0048	high			بر دران ای دل تو ایشان را مه‌ایست	پوستشان برکَن کِشان جز پوست نیست	بردران ای دل تو ایشان را مه‌ایست	پوستشان بر کن کشان جز پوست نیست
urn:sufi:rumi.mathnawi:1.b1096	61:6	1096	lexical	agrees_both	p0048	high	پوست چه بود کفتهای رنگ رنگ	Konya کفتهای; Ganjoor/Masnavinet differ only in spacing, not a word difference	پوست چه بود گفته‌های رنگ رنگ	چون زره بر آبْ کِش نبود درنگ	پوست چه بود گفتهای رنگ رنگ	چون زره بر آب کش نبود درنگ
urn:sufi:rumi.mathnawi:1.b1097	61:7	1097	identical	agrees_ganjoor	p0048	high			این سخن چون پوست و معنی مغز دان	این سخن چون نقش و معنی همچو جان	این سخن چون پوست و معنی مغز دان	این سخن چون نقش و معنی همچو جان
urn:sufi:rumi.mathnawi:1.b1098	61:8	1098	identical	agrees_ganjoor	p0048	high			پوست باشد مغزِ بد را عیب‌پوش	مغز نیکو را ز غیرت غیب‌پوش	پوست باشد مغز بد را عیب پوش	مغز نیکو را ز غیرت غیب پوش
urn:sufi:rumi.mathnawi:1.b1099	61:9	1099	identical	agrees_ganjoor	p0048	high			چون قلم از باد بُد دفتر ز آب	هرچه بنویسی فنا گردد شتاب	چون قلم از باد بد دفتر ز آب	هر چه بنویسی فنا گردد شتاب
urn:sufi:rumi.mathnawi:1.b1100	61:10	1100	orthographic	agrees_both	p0048	high			نقشِ آبست اَر وفا جویی از آن	باز گردی دستهای خود گزان	نقش آب است ار وفا جویی از آن	باز گردی دستهای خود گزان
urn:sufi:rumi.mathnawi:1.b1101	61:11	1101	identical	agrees_ganjoor	p0048	high			باد در مَردُم هوا و آرزوست	چون هوا بگذاشتی پیغامِ هوست	باد در مردم هوا و آرزوست	چون هوا بگذاشتی پیغام هوست
urn:sufi:rumi.mathnawi:1.b1102	61:12	1102	orthographic	agrees_both	p0048	high			خوش بود پیغامهای کردگار	کو ز سر تا پای باشد پایدار	خوش بود پیغامهای کردگار	کاو ز سر تا پای باشد پایدار
urn:sufi:rumi.mathnawi:1.b1103	61:13	1103	orthographic	agrees_both	p0048	high			خطبهٔ شاهان بگردد و آن کِیا	جُز کیا و خطبه‌های انبیا	خطبه‌ی شاهان بگردد و آن کیا	جز کیا و خطبه‌های انبیا
urn:sufi:rumi.mathnawi:1.b1104	61:14	1104	orthographic	agrees_both	p0048	high			زانک بَوش پادشاهان از هواست	بارنامهٔ انبیا از کبریاست	ز آن که بوش پادشاهان از هواست	بار نامه‌ی انبیا از کبریاست
urn:sufi:rumi.mathnawi:1.b1105	61:15	1105	identical	agrees_ganjoor	p0048	high			از دِرَمها نام شاهان برکنند	نام احمد تا ابد بَر می‌زنند	از درمها نام شاهان بر کنند	نام احمد تا ابد بر می‌زنند
urn:sufi:rumi.mathnawi:1.b1106	61:16	1106	orthographic	agrees_both	p0048	high			نام احمد نام جملهٔ انبیاست	چونک صد آمد نود هم پیش ماست	نام احمد نام جمله انبیاست	چون که صد آمد نود هم پیش ماست
urn:sufi:rumi.mathnawi:1.b1107	62:1	1107	identical	agrees_ganjoor	p0048	high			در شدن خرگوش بس تأخیر کرد	مکر را با خویشتن تَقریر کرد	در شدن خرگوش بس تاخیر کرد	مکر را با خویشتن تقریر کرد
urn:sufi:rumi.mathnawi:1.b1108	62:2	1108	identical	agrees_ganjoor	p0048	high			در ره آمد بعد تأخیر دراز	تا به گوش شیر گوید یک دو راز	در ره آمد بعد تاخیر دراز	تا به گوش شیر گوید یک دو راز
urn:sufi:rumi.mathnawi:1.b1109	62:3	1109	identical	agrees_ganjoor	p0048	high			تا چه عالَم‌هاست در سودای عقل	تا چه با پهنا‌ست این دریای عقل	تا چه عالمهاست در سودای عقل	تا چه با پهناست این دریای عقل
urn:sufi:rumi.mathnawi:1.b1110	62:4	1110	orthographic	agrees_both	p0048	high			صورت ما اندرین بحر عِذاب	می‌دود چون کاسه‌ها بر رویِ آب	صورت ما اندر این بحر عذاب	می‌دود چون کاسه‌ها بر روی آب
urn:sufi:rumi.mathnawi:1.b1111	62:5	1111	lexical	agrees_masnavinet	p0048	high	طشت ... طشت	Konya spells طشت both times; difference is orthographic (تشت/طشت)	تا نشد پُر بَر سَر دریا چو تَشت	چونکه پر شد تشت در وی غرق گشت	تا نشد پر بر سر دریا چو طشت	چون که پر شد طشت در وی غرق گشت
urn:sufi:rumi.mathnawi:1.b1112	62:6	1112	orthographic	agrees_both	p0048	high			عقل پنهان‌ست و ظاهِر عالَمی	صورت ما موج یا از وی نَمی	عقل پنهان است و ظاهر عالمی	صورت ما موج یا از وی نمی
urn:sufi:rumi.mathnawi:1.b1113	62:7	1113	lexical	agrees_masnavinet	p0048	medium	هرچه صورت می وسیلت سازدش	word after صورت is a detached مے (hook-headed, no dot below); read as می, not بی	هر چه صورت بی وسیلت سازدش	ز‌آن وسیلت بحر دور اندازدش	هر چه صورت می وسیلت سازدش	ز آن وسیلت بحر دور اندازدش
urn:sufi:rumi.mathnawi:1.b1114	62:8	1114	orthographic	agrees_both	p0048	high			تا نبیند دلْ دهندهٔ راز را	تا نبیند تیر‌ْ دورانداز را	تا نبیند دل دهنده‌ی راز را	تا نبیند تیر دور انداز را
urn:sufi:rumi.mathnawi:1.b1115	62:9	1115	orthographic	agrees_both	p0048	high			اسپِ خود را یاوه داند وز ستیز	می‌دواند اسپ خود در راه تیز	اسب خود را یاوه داند وز ستیز	می‌دواند اسب خود در راه تیز
urn:sufi:rumi.mathnawi:1.b1116	62:10	1116	orthographic	agrees_both	p0048	high			اسپ خود را یاوه داند آن جَواد	و اسپْ خود او را کشان کرده چو باد	اسب خود را یاوه داند آن جواد	و اسب خود او را کشان کرده چو باد
urn:sufi:rumi.mathnawi:1.b1117	62:11	1117	lexical	agrees_both	p0048	high	در فغان و جست و جو ... جویان در بدر	spacing only; بدر added above line	در فغان و جُست و جو آن خیره‌سَر	هر طرف پُرسان و جویان در به‌دَر	در فغان و جستجو آن خیره‌سر	هر طرف پرسان و جویان دربدر
urn:sufi:rumi.mathnawi:1.b1118	62:12	1118	orthographic	agrees_both	p0048	high			کانکه دُزدید اسپ ما را کو و کیست	این که زیر ران تُست ای خواجه چیست	کان که دزدید اسب ما را کو و کیست	این که زیر ران تست ای خواجه چیست
urn:sufi:rumi.mathnawi:1.b1119	62:13	1119	lexical	agrees_ganjoor	p0048	high	با خود آی ای شهسوار اسپ جو	آی clearly written; جو written above	آری این اسپست لیک این اسپ کو‌‌	با خود آی ای شهسوار اسپ‌ْجو	آری این اسب است لیک این اسب کو	با خود آ ای شهسوار اسب جو
urn:sufi:rumi.mathnawi:1.b1120	62:14	1120	orthographic	agrees_both	p0048	high			جان ز پیدایی و نزدیکی‌ست گُم	چون شکم پر آب و لب خشکی چو خُم‌	جان ز پیدایی و نزدیکی است گم	چون شکم پر آب و لب خشکی چو خم
urn:sufi:rumi.mathnawi:1.b1121	62:15	1121	lexical	agrees_masnavinet	p0048	high	کی ببینی سرخ و سبز و فور را / تا نبینی پیش ازین سه نور را	Konya has hemistich-initial کی/تا order as Masnavinet and فور (not بور)	تا نبینی سرخ و سبز و بور را	کی ببینی پیش ازین سه‌ نور را	کی ببینی سرخ و سبز و فور را	تا نبینی پیش از این سه نور را
urn:sufi:rumi.mathnawi:1.b1122	62:16	1122	identical	agrees_ganjoor	p0048	high			لیک چون در رنگ گُم شد هوش تو	شد ز نور آن رنگ‌ها روپوش تو	لیک چون در رنگ گم شد هوش تو	شد ز نور آن رنگها رو پوش تو
urn:sufi:rumi.mathnawi:1.b1123	62:17	1123	identical	agrees_ganjoor	p0048	high			چونکه شب آن رنگ‌ها مستور بود	پس بدیدی دید رنگ از نور بود	چون که شب آن رنگها مستور بود	پس بدیدی دید رنگ از نور بود
urn:sufi:rumi.mathnawi:1.b1124	62:18	1124	identical	agrees_ganjoor	p0048	high			نیست دیدِ رنگ بی‌نور برون	همچنین رنگِ خیال اندرون	نیست دید رنگ بی‌نور برون	همچنین رنگ خیال اندرون
urn:sufi:rumi.mathnawi:1.b1125	62:19	1125	lexical	agrees_ganjoor	p0048	high	انوار علا	علا with alif	این برون از آفتاب و از سُها	و‌اندرون از عکس انوار عُلا	این برون از آفتاب و از سها	و اندرون از عکس انوار علی
urn:sufi:rumi.mathnawi:1.b1126	62:20	1126	orthographic	agrees_both	p0048	high			نورِ نورِ چشم خود نور دل‌ست	نورِ چشم از نورِ دل‌ها حاصل‌ست	نور نور چشم خود نور دل است	نور چشم از نور دلها حاصل است
urn:sufi:rumi.mathnawi:1.b1127	62:21	1127	identical	agrees_ganjoor	p0049	high			باز نورِ نورِ دل نور خدا‌ست	کاو ز نور عقل و حسْ پاک و جدا‌ست	باز نور نور دل نور خداست	کاو ز نور عقل و حس پاک و جداست
urn:sufi:rumi.mathnawi:1.b1128	62:22	1128	lexical	agrees_ganjoor	p0049	high	شب نبد نور و ندیدی رنگها		شب نبُد نور و ندیدی رنگ‌ها	پس به ضدّ نور پیدا شد ترا	شب نبد نوری ندیدی رنگها	پس به ضد نور پیدا شد ترا
urn:sufi:rumi.mathnawi:1.b1129	62:23	1129	orthographic	agrees_both	p0049	high			دیدن نور‌ست، آنگه دیدِ رنگ	وین به ضدِّ نور دانی بی‌درنگ	دیدن نور است آن گه دید رنگ	وین به ضد نور دانی بی‌درنگ
urn:sufi:rumi.mathnawi:1.b1130	62:24	1130	identical	agrees_ganjoor	p0049	high			رنج و غم را حق پی آن آفرید	تا بدین ضِدْ خوش‌دلی آید پدید	رنج و غم را حق پی آن آفرید	تا بدین ضد خوش دلی آید پدید
urn:sufi:rumi.mathnawi:1.b1131	62:25	1131	orthographic	agrees_both	p0049	high			پس نهانی‌ها به ضِد پیدا شود	چونک حق را نیست ضد پنهان بود	پس نهانیها به ضد پیدا شود	چون که حق را نیست ضد پنهان بود
urn:sufi:rumi.mathnawi:1.b1132	62:26	1132	identical	agrees_ganjoor	p0049	high			که نظر بر نور بود آنگه به رنگ	ضد به ضد پیدا بود چون روم و زنگ	که نظر بر نور بود آن گه به رنگ	ضد به ضد پیدا بود چون روم و زنگ
urn:sufi:rumi.mathnawi:1.b1133	62:27	1133	identical	agrees_ganjoor	p0049	high			پس به ضدِّ نور دانستی تو نور	ضدِّ ضد را می‌نماید در صدور	پس به ضد نور دانستی تو نور	ضد ضد را می‌نماید در صدور
urn:sufi:rumi.mathnawi:1.b1134	62:28	1134	identical	agrees_ganjoor	p0049	high			نورِ حق را نیست ضد‌ی در وجود	تا به ضدْ او را توان پیدا نمود	نور حق را نیست ضدی در وجود	تا به ضد او را توان پیدا نمود
urn:sufi:rumi.mathnawi:1.b1135	62:29	1135	lexical	agrees_ganjoor	p0049	high	لاجرم ابصار ما لا تدرکه		لاجرم ابصار ما لا تُدْرِکُه	و هو یُدرِک بین تو از موسی و کُه	لاجرم أبصارنا لا تدرکه	و هو یدرک بین تو از موسی و که
urn:sufi:rumi.mathnawi:1.b1136	62:30	1136	identical	agrees_ganjoor	p0049	high			صورت از معنی چو شیر از بیشه دان	یا چو آواز و سخن ز اندیشه دان	صورت از معنی چو شیر از بیشه دان	یا چو آواز و سخن ز اندیشه دان
urn:sufi:rumi.mathnawi:1.b1137	62:31	1137	identical	agrees_ganjoor	p0049	high			این سخن و آوازْ از اندیشه خاست	تو ندانی بحرِ اندیشه کجاست	این سخن و آواز از اندیشه خاست	تو ندانی بحر اندیشه کجاست
urn:sufi:rumi.mathnawi:1.b1138	62:32	1138	identical	agrees_ganjoor	p0049	high			لیک چون موج سخن دیدی لطیف	بحر آن دانی که باشد هم شریف	لیک چون موج سخن دیدی لطیف	بحر آن دانی که باشد هم شریف
urn:sufi:rumi.mathnawi:1.b1139	62:33	1139	identical	agrees_ganjoor	p0049	high			چون ز دانش موجِ اندیشه بتاخت	از سخن و آواز او صورت بساخت	چون ز دانش موج اندیشه بتاخت	از سخن و آواز او صورت بساخت
urn:sufi:rumi.mathnawi:1.b1140	62:34	1140	identical	agrees_ganjoor	p0049	high			از سخن صورت بزاد و باز مُرد	موجْ خود را باز اندر بحر بُرد	از سخن صورت بزاد و باز مرد	موج خود را باز اندر بحر برد
urn:sufi:rumi.mathnawi:1.b1141	62:35	1141	identical	agrees_ganjoor	p0049	high			صورت از بی‌صورتی آمد برون	باز شد که اِنّا اِلَیْه راجِعوُن	صورت از بی‌صورتی آمد برون	باز شد که إنا إليه راجعون
urn:sufi:rumi.mathnawi:1.b1142	62:36	1142	orthographic	agrees_both	p0049	high			پس ترا هر لحظه مرگ و رجعتیست	مصطفی فرمود دنیا ساعتیست	پس ترا هر لحظه مرگ و رجعتی است	مصطفی فرمود دنیا ساعتی است
urn:sufi:rumi.mathnawi:1.b1143	62:37	1143	orthographic	agrees_both	p0049	high			فکر ما تیر‌ی‌ست از هو در هوا	در هوا کی پاید آید تا خدا	فکر ما تیری است از هو در هوا	در هوا کی پاید آید تا خدا
urn:sufi:rumi.mathnawi:1.b1144	62:38	1144	identical	agrees_ganjoor	p0049	high			هر نفس نو می‌شود دنیا و ما	بی‌خبر از نو شدن اندر بقا	هر نفس نو می‌شود دنیا و ما	بی‌خبر از نو شدن اندر بقا
urn:sufi:rumi.mathnawi:1.b1145	62:39	1145	identical	agrees_ganjoor	p0049	high			عُمر همچون جوی نو نو می‌رسد	مستمِرّی می‌نماید در جسد	عمر همچون جوی نو نو می‌رسد	مستمری می‌نماید در جسد
urn:sufi:rumi.mathnawi:1.b1146	62:40	1146	lexical	agrees_ganjoor	p0049	high	آن ز تیزی مستمر شکل آمده	two dots below: تیزی	آن ز تیزی مُستمِر شکل آمده‌ست	چون شَرَرْ کش تیز جنبانی بدَست	آن ز تیری مستمر شکل آمده ست	چون شرر کش تیز جنبانی به دست
urn:sufi:rumi.mathnawi:1.b1147	62:41	1147	orthographic	agrees_both	p0049	high			شاخِ آتش را بجنبانی بساز	در نظر آتش نماید بس دراز	شاخ آتش را بجنبانی به ساز	در نظر آتش نماید بس دراز
urn:sufi:rumi.mathnawi:1.b1148	62:42	1148	identical	agrees_ganjoor	p0049	high			این درازی مُدّت از تیزیّ صُنع	می‌نماید سُرعت‌انگیزیّ صُنع	این درازی مدت از تیزی صنع	می‌نماید سرعت انگیزی صنع
urn:sufi:rumi.mathnawi:1.b1149	62:43	1149	orthographic	agrees_both	p0049	high			طالب این سِرّ اگر علّامه‌ای‌ست	نک حسام‌الدّین که سامی نامه‌ای‌ست	طالب این سر اگر علامه‌ای است	نک حسام الدین که سامی نامه‌ای است
urn:sufi:rumi.mathnawi:1.b1150	63:1	1150	identical	agrees_ganjoor	p0049	high			شیر اندر آتش و در خشم و شور	دید کان خرگوش می‌آید ز دور	شیر اندر آتش و در خشم و شور	دید کان خرگوش می‌آید ز دور
urn:sufi:rumi.mathnawi:1.b1151	63:2	1151	identical	agrees_ganjoor	p0049	high			می‌دود بی‌دهشت و گستاخ او	خشمگین و تند و تیز و تُرش‌رو	می‌دود بی‌دهشت و گستاخ او	خشمگین و تند و تیز و ترش رو
urn:sufi:rumi.mathnawi:1.b1152	63:3	1152	identical	agrees_ganjoor	p0049	high			کز شکسته آمدن تُهمت بود	وز دلیری دفع هر ریبت بود	کز شکسته آمدن تهمت بود	وز دلیری دفع هر ریبت بود
urn:sufi:rumi.mathnawi:1.b1153	63:4	1153	identical	agrees_ganjoor	p0049	high			چون رسید او پیشتر نزدیکِ صف	بانگ بر زد شیر، های ای ناخلف	چون رسید او پیشتر نزدیک صف	بانگ بر زد شیرهای ای ناخلف
urn:sufi:rumi.mathnawi:1.b1154	63:5	1154	lexical	agrees_ganjoor	p0049	high	من که پیلان را ز هم بدریده ام / من که گوش شیر نر مالیده ام		من که پیلان را ز هم بدریده‌ام	من که گوش شیر نر مالیده‌ام	من که گاوان را ز هم بدریده‌ام	من که گوش پیل نر مالیده‌ام
urn:sufi:rumi.mathnawi:1.b1155	63:6	1155	identical	agrees_ganjoor	p0049	high			نیم خرگوشی که باشد که چنین	امر ما را افکند او بر زمین	نیم خرگوشی که باشد که چنین	امر ما را افکند او بر زمین
urn:sufi:rumi.mathnawi:1.b1156	63:7	1156	orthographic	agrees_both	p0049	high			تَرکِ خواب غفلت خرگوش کن	غُرّهٔ این شیر ای خَر گوش کن	ترک خواب غفلت خرگوش کن	غره‌ی این شیر ای خر گوش کن
urn:sufi:rumi.mathnawi:1.b1157	64:1	1157	identical	agrees_ganjoor	p0049	high			گفت خرگوش الامان عذریم هست	گر دهد عفو خداوندیت دست	گفت خرگوش الامان عذریم هست	گر دهد عفو خداوندیت دست
urn:sufi:rumi.mathnawi:1.b1158	64:2	1158	identical	agrees_ganjoor	p0049	high			گفت چه عذرْ ای قصورِ ابلهان	این زمان آیند در پیش شهان	گفت چه عذر ای قصور ابلهان	این زمان آیند در پیش شهان
urn:sufi:rumi.mathnawi:1.b1159	64:3	1159	identical	agrees_ganjoor	p0049	high			مرغِ بی‌وقتی سرت باید بُرید	عذرِ احمق را نمی‌شاید شنید	مرغ بی‌وقتی سرت باید برید	عذر احمق را نمی شاید شنید
urn:sufi:rumi.mathnawi:1.b1160	64:4	1160	identical	differs_both	p0049	high	عذر احمق بتر از جرمش بود	Konya بتّر (contracted form of بدتر); possibly treat as orthographic	عذرِ احمق بدتر از جُرمش بود	عذرِ نادان زهرِ هر دانش بود	عذر احمق بدتر از جرمش بود	عذر نادان زهر هر دانش بود
urn:sufi:rumi.mathnawi:1.b1161	64:5	1161	lexical	agrees_ganjoor	p0049	high	من نه خرگوشم		عذرت ای خرگوشِ از دانش تهی	من نه خرگوشم که در گوشم نهی	عذرت ای خرگوش از دانش تهی	من چه خرگوشم که در گوشم نهی
urn:sufi:rumi.mathnawi:1.b1162	64:6	1162	identical	agrees_ganjoor	p0049	high			گفت ای شه ناکسی را کس شمار	عذر اِستم دیده‌ای را گوش دار	گفت ای شه ناکسی را کس شمار	عذر استم دیده‌ای را گوش دار
urn:sufi:rumi.mathnawi:1.b1163	64:7	1163	identical	agrees_ganjoor	p0049	high			خاص از بهر زَکات جاه خود	گمرهی را تو مَران از راه خود	خاص از بهر زکات جاه خود	گمرهی را تو مران از راه خود
urn:sufi:rumi.mathnawi:1.b1164	64:8	1164	orthographic	agrees_both	p0049	high			بحر کو آبی به هر جو می‌دهد	هر خسی را بر سَر و رو می‌نهد	بحر کاو آبی به هر جو می‌دهد	هر خسی را بر سر و رو می‌نهد
urn:sufi:rumi.mathnawi:1.b1165	64:9	1165	identical	agrees_ganjoor	p0049	high			کَم نخواهد گشت دریا زین کرم	از کرم دریا نگردد بیش و کَم	کم نخواهد گشت دریا زین کرم	از کرم دریا نگردد بیش و کم
urn:sufi:rumi.mathnawi:1.b1166	64:10	1166	orthographic	agrees_both	p0049	high			گفت دارم من کرم بر جای او	جامهٔ هر کس بُرم بالای او	گفت دارم من کرم بر جای او	جامه‌ی هر کس برم بالای او
urn:sufi:rumi.mathnawi:1.b1167	64:11	1167	identical	agrees_ganjoor	p0049	high			گفت بشنو گر نباشم جای لطف	سر نهادم پیش اژدرهای عُنف	گفت بشنو گر نباشم جای لطف	سر نهادم پیش اژدرهای عنف
urn:sufi:rumi.mathnawi:1.b1168	64:12	1168	identical	agrees_ganjoor	p0049	high			من به وقت چاشت در راه آمدم	با رفیق خود سوی شاه آمدم	من به وقت چاشت در راه آمدم	با رفیق خود سوی شاه آمدم
urn:sufi:rumi.mathnawi:1.b1169	64:13	1169	identical	agrees_ganjoor	p0049	high			با من از بهر تو خرگوشی دگر	جُفت و همره کرده بودند آن نفر	با من از بهر تو خرگوشی دگر	جفت و همره کرده بودند آن نفر
urn:sufi:rumi.mathnawi:1.b1170	64:14	1170	identical	agrees_ganjoor	p0049	high			شیری اندر راه قصد بنده کرد	قصدِ هر دو همرهِ آینده کرد	شیری اندر راه قصد بنده کرد	قصد هر دو همره آینده کرد
urn:sufi:rumi.mathnawi:1.b1171	64:15	1171	lexical	agrees_ganjoor	p0049	high	شاهنشهیم ... درکهیم	difference is orthographic only; Konya spelling matches Ganjoor	گفتمش ما بندهٔ شاهنشهیم	خواجه‌تاشانِ کِهِ آن درگهیم	گفتمش ما بنده‌ی شاهنشه‌ایم	خواجه‌تاشان که آن درگه‌ایم
urn:sufi:rumi.mathnawi:1.b1172	64:16	1172	lexical	agrees_ganjoor	p0049	high	گفت شاهنشه کی باشد		گفت شاهنشه کی باشد شرم دار	پیش من تو یاد هر ناکس میار	گفت شاهنشه که باشد شرم دار	پیش من تو یاد هر ناکس میار
urn:sufi:rumi.mathnawi:1.b1173	64:17	1173	identical	agrees_ganjoor	p0049	high			هم ترا و هم شهت را بَردَرم	گر تو با یارت بگردید از درم	هم ترا و هم شهت را بر درم	گر تو با یارت بگردید از درم
urn:sufi:rumi.mathnawi:1.b1174	64:18	1174	identical	agrees_ganjoor	p0049	high			گفتمش بگذار تا بارِ دگر	روی شه بینم برم از تو خبر	گفتمش بگذار تا بار دگر	روی شه بینم برم از تو خبر
urn:sufi:rumi.mathnawi:1.b1175	64:19	1175	identical	agrees_ganjoor	p0049	medium		تو after قربانی written very compactly (dot + و); could conceivably be read differently	گفت همره را گِرو نِه پیش من	ور نه قربانی تو اندر کیش من	گفت همره را گرو نه پیش من	ور نه قربانی تو اندر کیش من
urn:sufi:rumi.mathnawi:1.b1176	64:20	1176	identical	agrees_ganjoor	p0049	high			لابه کردیمش بسی سودی نکرد	یار من بستد مرا بگذاشت فَرد	لابه کردیمش بسی سودی نکرد	یار من بستد مرا بگذاشت فرد
urn:sufi:rumi.mathnawi:1.b1177	64:21	1177	identical	agrees_ganjoor	p0049	high			یارم از زفتی دو چندان بُد که من	هم به لطف و هم به خوبی هم به تن	یارم از زفتی دو چندان بد که من	هم به لطف و هم به خوبی هم به تن
urn:sufi:rumi.mathnawi:1.b1178	64:22	1178	lexical	agrees_ganjoor	p0049	high	بعد ازین زان شیر این ره بسته شد / حال ما این بود و با تو گفته شد	below the text frame of p0049, in smaller hand, a marginal line: 'از چنین(؟) خصم ره‌ای شه بسته شد' (reading uncertain) — apparently an alternative/added hemistich relating to this couplet; Konya does NOT have Masnavinet's رشته‌ی ایمان ما بگسسته شد	بعد ازین زان شیر این رَه بسته شد	حال ما این بود و با تو گفته شد	بعد از این ز آن شیر این ره بسته شد	رشته‌ی ایمان ما بگسسته شد
urn:sufi:rumi.mathnawi:1.b1179	64:23	1179	orthographic	agrees_both	p0050	high			از وظیفه بعد ازین اومید بُر	حق همی گویم ترا والحقُّ مُرّ	از وظیفه بعد از این اومید بر	حق همی‌گویم ترا و الحق مر
urn:sufi:rumi.mathnawi:1.b1180	64:24	1180	identical	agrees_ganjoor	p0050	high			گر وظیفه بایدت ره پاک کن	هین بیا و دفع آن بی‌باک کن	گر وظیفه بایدت ره پاک کن	هین بیا و دفع آن بی‌باک کن
urn:sufi:rumi.mathnawi:1.b1181	65:1	1181	identical	agrees_ganjoor	p0050	high			گفت بسم الله بیا تا او کجاست	پیش در شو گر همی گویی تو راست	گفت بسم الله بیا تا او کجاست	پیش در شو گر همی‌گویی تو راست
urn:sufi:rumi.mathnawi:1.b1182	65:2	1182	orthographic	agrees_both	p0050	high			تا سزای او و صد چون او دهم	ور دروغست این سزای تو دهم	تا سزای او و صد چون او دهم	ور دروغ است این سزای تو دهم
urn:sufi:rumi.mathnawi:1.b1183	65:3	1183	identical	agrees_ganjoor	p0050	high			اندر آمد چون قلاووزی به پیش	تا برد او را به سوی دام خویش	اندر آمد چون قلاووزی به پیش	تا برد او را به سوی دام خویش
urn:sufi:rumi.mathnawi:1.b1184	65:4	1184	orthographic	agrees_both	p0050	high			سوی چاهی کو نشانش کرده بود	چاه مَغ را دام جانش کرده بود	سوی چاهی کاو نشانش کرده بود	چاه مغ را دام جانش کرده بود
urn:sufi:rumi.mathnawi:1.b1185	65:5	1185	identical	agrees_ganjoor	p0050	high			می‌شدند این هر دو تا نزدیک چاه	اینت خرگوشی چو آبی زیر کاه	می‌شدند این هر دو تا نزدیک چاه	اینت خرگوشی چو آبی زیر کاه
urn:sufi:rumi.mathnawi:1.b1186	65:6	1186	identical	agrees_ganjoor	p0050	high			آبْ کاهی را به هامون می‌برد	آب کوهی را عجب چون می‌بَرد	آب کاهی را به هامون می‌برد	آب کوهی را عجب چون می‌برد
urn:sufi:rumi.mathnawi:1.b1187	65:7	1187	identical	agrees_ganjoor	p0050	high			دام مکر او کمند شیر بود	طرفه خرگوشی که شیری می‌ربود	دام مکر او کمند شیر بود	طرفه خرگوشی که شیری می‌ربود
urn:sufi:rumi.mathnawi:1.b1188	65:8	1188	identical	agrees_ganjoor	p0050	high			موسیی فرعون را با رود نیل	می‌کُشد با لشکر و جمع ثقیل	موسیی فرعون را با رود نیل	می‌کشد با لشکر و جمع ثقیل
urn:sufi:rumi.mathnawi:1.b1189	65:9	1189	identical	agrees_ganjoor	p0050	high			پشّه‌ای نمرود را با نیم پر	می‌شکافد بی‌محابا دَرزِ سر	پشه‌ای نمرود را با نیم پر	می‌شکافد بی‌محابا درز سر
urn:sufi:rumi.mathnawi:1.b1190	65:10	1190	orthographic	agrees_both	p0050	high			حالِ آن کو قول دشمن را شنود	بین جزای آنک شد یار حسود	حال آن کاو قول دشمن را شنود	بین جزای آن که شد یار حسود
urn:sufi:rumi.mathnawi:1.b1191	65:11	1191	identical	agrees_ganjoor	p0050	high			حالِ فرعونی که هامان را شنود	حال نمرودی که شیطان را شنود	حال فرعونی که هامان را شنود	حال نمرودی که شیطان را شنود
urn:sufi:rumi.mathnawi:1.b1192	65:12	1192	identical	agrees_ganjoor	p0050	high			دشمن ار چه دوستانه گویدت	دام دان گرچه ز دانه گویدت	دشمن ار چه دوستانه گویدت	دام دان گر چه ز دانه گویدت
urn:sufi:rumi.mathnawi:1.b1193	65:13	1193	orthographic	agrees_both	p0050	high			گر ترا قندی دهد آن زهر دان	گر بتن لطفی کند آن قهر دان	گر ترا قندی دهد آن زهر دان	گر به تن لطفی کند آن قهر دان
urn:sufi:rumi.mathnawi:1.b1194	65:14	1194	identical	agrees_ganjoor	p0050	high			چون قضا آید نبینی غیر پوست	دشمنان را باز نشناسی ز دوست	چون قضا آید نبینی غیر پوست	دشمنان را باز نشناسی ز دوست
urn:sufi:rumi.mathnawi:1.b1195	65:15	1195	identical	agrees_ganjoor	p0050	high			چون چنین شد ابتهال آغاز کن	ناله و تَسبیح و روزه ساز کن	چون چنین شد ابتهال آغاز کن	ناله و تسبیح و روزه ساز کن
urn:sufi:rumi.mathnawi:1.b1196	65:16	1196	identical	agrees_ganjoor	p0050	high			ناله می‌کن کای تو عَلّام الغیوب	زیرِ سنگِ مَکرِ بد ما را مکوب	ناله می‌کن کای تو علام الغیوب	زیر سنگ مکر بد ما را مکوب
urn:sufi:rumi.mathnawi:1.b1197	65:17	1197	identical	agrees_ganjoor	p0050	high			گر سگی کردیم ای شیرآفرین	شیر را مگمار بر ما زین کمین	گر سگی کردیم ای شیر آفرین	شیر را مگمار بر ما زین کمین
urn:sufi:rumi.mathnawi:1.b1198	65:18	1198	identical	agrees_ganjoor	p0050	high			آبِ خوش را صورت آتش مدِه	اندر آتش صورتِ آبی منه	آب خوش را صورت آتش مده	اندر آتش صورت آبی منه
urn:sufi:rumi.mathnawi:1.b1199	65:19	1199	identical	agrees_ganjoor	p0050	high			از شراب قهر چون مستی دهی	نیستها را صورتِ هستی دهی	از شراب قهر چون مستی دهی	نیستها را صورت هستی دهی
urn:sufi:rumi.mathnawi:1.b1200	65:20	1200	identical	agrees_ganjoor	p0050	high			چیست مستی بندِ چشم از دیدِ چشم	تا نُماید سنگْ گوهرْ پَشمْ یشم	چیست مستی بند چشم از دید چشم	تا نماید سنگ گوهر پشم یشم
urn:sufi:rumi.mathnawi:1.b1201	65:21	1201	identical	agrees_ganjoor	p0050	high			چیست مستی حسّها مُبدَل شدن	چوبِ گَز اندر نظر صَندل شدن	چیست مستی حسها مبدل شدن	چوب گز اندر نظر صندل شدن
urn:sufi:rumi.mathnawi:1.b1202	66:1	1202	identical	agrees_ganjoor	p0050	high			چون سلیمان را سراپرده زدند	جمله مرغانش به خدمت آمدند	چون سلیمان را سراپرده زدند	جمله مرغانش به خدمت آمدند
urn:sufi:rumi.mathnawi:1.b1203	66:2	1203	orthographic	agrees_both	p0050	high			هم‌زبان و محرم خود یافتند	پیش او یک یک بجان بشتافتند	هم زبان و محرم خود یافتند	پیش او یک یک به جان بشتافتند
urn:sufi:rumi.mathnawi:1.b1204	66:3	1204	orthographic	agrees_both	p0050	high			جمله مرغان ترک کرده چیک چیک	با سلیمان گشته اَفْصَحُ مِنْ اَخیک	جمله مرغان ترک کرده جیک جیک	با سلیمان گشته افصح من اخیک
urn:sufi:rumi.mathnawi:1.b1205	66:4	1205	identical	agrees_ganjoor	p0050	high			همزبانی خویشی و پیوندی است	مَرد با نامحرمان چون بندی است	هم زبانی خویشی و پیوندی است	مرد با نامحرمان چون بندی است
urn:sufi:rumi.mathnawi:1.b1206	66:5	1206	identical	agrees_ganjoor	p0050	high			ای بسا هندو و تُرکِ همزبان	ای بسا دو تُرک چون بیگانگان	ای بسا هندو و ترک هم زبان	ای بسا دو ترک چون بیگانگان
urn:sufi:rumi.mathnawi:1.b1207	66:6	1207	orthographic	agrees_both	p0050	high			پس زبانِ محرمی خود دیگرست	همدلی از همزبانی بهترست	پس زبان محرمی خود دیگر است	هم دلی از هم زبانی بهتر است
urn:sufi:rumi.mathnawi:1.b1208	66:7	1208	identical	agrees_ganjoor	p0050	high			غیر نطق و غیر اِیما و سِجل	صد هزاران ترجمان خیزد ز دل	غیر نطق و غیر ایما و سجل	صد هزاران ترجمان خیزد ز دل
urn:sufi:rumi.mathnawi:1.b1209	66:8	1209	identical	agrees_ganjoor	p0050	high			جمله مرغان هر یکی اسرار خود	از هنر وز دانش و از کار خود	جمله مرغان هر یکی اسرار خود	از هنر وز دانش و از کار خود
urn:sufi:rumi.mathnawi:1.b1210	66:9	1210	lexical	agrees_ganjoor	p0050	high	یک بیک	Konya 'یک بیک' (as Ganjoor); difference essentially orthographic	با سلیمان یک بیک وا می‌نمود	از برای عرضه خود را می‌ستود	با سلیمان یک به یک وامی‌نمود	از برای عرضه خود را می‌ستود
urn:sufi:rumi.mathnawi:1.b1211	66:10	1211	lexical	agrees_ganjoor	p0050	high	از تکبر نه		از تکبّر نه و از هستی خویش	بهر آن تا ره دهد او را به پیش	از تکبر نی و از هستی خویش	بهر آن تا ره دهد او را به پیش
urn:sufi:rumi.mathnawi:1.b1212	66:11	1212	lexical	agrees_ganjoor	p0050	high	چون بباید برده را از خواجه‌ای		چون بباید بَرده را از خواجه‌ای	عرضه دارد از هنر دیباجه‌ای	چون بباید برده‌ای را خواجه‌ای	عرضه دارد از هنر دیباجه‌ای
urn:sufi:rumi.mathnawi:1.b1213	66:12	1213	orthographic	agrees_both	p0050	high			چونک دارد از خریداریش ننگ	خود کند بیمار و کِرّ و شَلّ و لنگ	چون که دارد از خریداریش ننگ	خود کند بیمار و کر و شل و لنگ
urn:sufi:rumi.mathnawi:1.b1214	66:13	1214	identical	agrees_ganjoor	p0050	high			نوبت هدهد رسید و پیشه‌اش	و آن بیانِ صنعت و اندیشه‌اش	نوبت هدهد رسید و پیشه‌اش	و آن بیان صنعت و اندیشه‌اش
urn:sufi:rumi.mathnawi:1.b1215	66:14	1215	orthographic	agrees_both	p0050	high			گفت ای شه یک هنر کان کِهترست	باز گویم گفتْ کوته بهترست	گفت ای شه یک هنر کان کهتر است	باز گویم گفت کوته بهتر است
urn:sufi:rumi.mathnawi:1.b1216	66:15	1216	orthographic	agrees_both	p0050	high			گفت بر گو تا کدامست آن هنر	گفت من آنگه که باشم اوج بَر	گفت بر گو تا کدام است آن هنر	گفت من آن گه که باشم اوج بر
urn:sufi:rumi.mathnawi:1.b1217	66:16	1217	identical	agrees_ganjoor	p0050	high			بنگرم از اوج با چشم یقین	من ببینم آب در قعر زمین	بنگرم از اوج با چشم یقین	من ببینم آب در قعر زمین
urn:sufi:rumi.mathnawi:1.b1218	66:17	1218	orthographic	agrees_both	p0050	high			تا کجایست و چه عُمقستش چه رنگ	از چه می‌جوشد ز خاکی یا ز سنگ	تا کجایست و چه عمق استش چه رنگ	از چه می‌جوشد ز خاکی یا ز سنگ
urn:sufi:rumi.mathnawi:1.b1219	66:18	1219	orthographic	agrees_both	p0050	high			ای سلیمان بهرِ لشگرگاه را	در سفر می‌دار این آگاه را	ای سلیمان بهر لشکرگاه را	در سفر می‌دار این آگاه را
urn:sufi:rumi.mathnawi:1.b1220	66:19	1220	identical	agrees_ganjoor	p0050	high			پس سلیمان گفت ای نیکو رفیق	در بیابانهای بی آب عمیق	پس سلیمان گفت ای نیکو رفیق	در بیابانهای بی‌آب عمیق
urn:sufi:rumi.mathnawi:1.b1221	67:1	1221	orthographic	agrees_both	p0050	high			زاغ چون بشنود آمد از حسد	با سلیمان گفت کو کژ گفت و بَد	زاغ چون بشنود آمد از حسد	با سلیمان گفت کاو کژ گفت و بد
urn:sufi:rumi.mathnawi:1.b1222	67:2	1222	identical	agrees_ganjoor	p0050	medium		'دروغین' read with dotless final nun	از ادب نبود به پیش شَه مقال	خاصه خودلاف دروغین و محال	از ادب نبود به پیش شه مقال	خاصه خود لاف دروغین و محال
urn:sufi:rumi.mathnawi:1.b1223	67:3	1223	identical	agrees_ganjoor	p0050	high			گر مر او را این نظر بودی مُدام	چون ندیدی زیر مشتی خاکْ دام	گر مر او را این نظر بودی مدام	چون ندیدی زیر مشتی خاک دام
urn:sufi:rumi.mathnawi:1.b1224	67:4	1224	identical	agrees_ganjoor	p0050	high			چون گرفتار آمدی در دامْ او	چون قفس اندر شدی ناکام او	چون گرفتار آمدی در دام او	چون قفس اندر شدی ناکام او
urn:sufi:rumi.mathnawi:1.b1225	67:5	1225	identical	agrees_ganjoor	p0050	high			پس سلیمان گفت ای هدهد رواست	کز تو در اوّل قدح این دُرد خاست	پس سلیمان گفت ای هدهد رواست	کز تو در اول قدح این درد خاست
urn:sufi:rumi.mathnawi:1.b1226	67:6	1226	identical	agrees_ganjoor	p0050	high			چون نمایی مستی ای خورده تو دوغ	پیش من لافی زنی آنگه دروغ	چون نمایی مستی ای خورده تو دوغ	پیش من لافی زنی آن گه دروغ
urn:sufi:rumi.mathnawi:1.b1227	68:1	1227	identical	agrees_ganjoor	p0051	high			گفت ای شه بر من عور گدای	قول دشمن مشنو از بهر خدای	گفت ای شه بر من عور گدای	قول دشمن مشنو از بهر خدای
urn:sufi:rumi.mathnawi:1.b1228	68:2	1228	orthographic	agrees_both	p0051	medium		'کردنم' written compressed, looks like کردم; take as orthographic	گر به بطلانست دعوی کردنم	من نهادم سر ببُر این گردنم	گر به بطلان است دعوی کردنم	من نهادم سر ببر این گردنم
urn:sufi:rumi.mathnawi:1.b1229	68:3	1229	orthographic	agrees_both	p0051	high			زاغ کو حکمِ قضا را منکرست	گر هزاران عقل دارد کافرست	زاغ کاو حکم قضا را منکر است	گر هزاران عقل دارد کافر است
urn:sufi:rumi.mathnawi:1.b1230	68:4	1230	identical	agrees_ganjoor	p0051	high			در تو تا کافی بود از کافران	جای گَند و شهوتی چون کافِ ران	در تو تا کافی بود از کافران	جای گند و شهوتی چون کاف ران
urn:sufi:rumi.mathnawi:1.b1231	68:5	1231	identical	agrees_ganjoor	p0051	high			من ببینم دام را اندر هوا	گر نپوشد چشم عقلم را قضا	من ببینم دام را اندر هوا	گر نپوشد چشم عقلم را قضا
urn:sufi:rumi.mathnawi:1.b1232	68:6	1232	orthographic	agrees_both	p0051	high			چون قضا آید شود دانش بخواب	مه سیه گردد بگیرد آفتاب	چون قضا آید شود دانش به خواب	مه سیه گردد بگیرد آفتاب
urn:sufi:rumi.mathnawi:1.b1233	68:7	1233	orthographic	agrees_both	p0051	high			از قضا این تعبیه کی نادِرست	از قضا دان کو قضا را مُنکرست	از قضا این تعبیه کی نادر است	از قضا دان کاو قضا را منکر است
urn:sufi:rumi.mathnawi:1.b1234	69:1	1234	orthographic	agrees_both	p0051	high			بوالبشر کو علَّم الاَسْما بگَست	صد هزاران علمش اندر هر رگَست	بو البشر کاو علم الاسما بگ است	صد هزاران علمش اندر هر رگ است
urn:sufi:rumi.mathnawi:1.b1235	69:2	1235	identical	agrees_ganjoor	p0051	high			اسم هر چیزی چنان کان چیز هست	تا به پایان جانِ او را داد دست	اسم هر چیزی چنان کان چیز هست	تا به پایان جان او را داد دست
urn:sufi:rumi.mathnawi:1.b1236	69:3	1236	orthographic	agrees_both	p0051	high			هر لقب کو داد آن مُبدَل نشد	آنک چُستش خواند او کاهل نشد	هر لقب کاو داد آن مبدل نشد	آن که چستش خواند او کاهل نشد
urn:sufi:rumi.mathnawi:1.b1237	69:4	1237	lexical	agrees_ganjoor	p0051	high	هر که اوّل مؤمنست اوّل بدید	main text اوّل; interlinear correction 'آخر' written above the first اوّل (supports MASNAVINET reading)	هر که اوّل مؤمن است اوّل بدید	هر که آخر کافر او را شد پدید	هر که آخر مومن است اول بدید	هر که آخر کافر او را شد پدید
urn:sufi:rumi.mathnawi:1.b1238	69:5	1238	identical	agrees_ganjoor	p0051	high			اسمِ هر چیزی تو از دانا شنو	سِرِّ رمز علَّمَ الاَسْما شنو	اسم هر چیزی تو از دانا شنو	سر رمز علم الاسما شنو
urn:sufi:rumi.mathnawi:1.b1239	69:6	1239	identical	agrees_ganjoor	p0051	high			اسم هر چیزی بر ما ظاهرش	اسم هر چیزی بر خالق سِرش	اسم هر چیزی بر ما ظاهرش	اسم هر چیزی بر خالق سرش
urn:sufi:rumi.mathnawi:1.b1240	69:7	1240	identical	agrees_ganjoor	p0051	high			نزد موسی نام چوبش بُد عصا	نزدِ خالق بود نامش اژدها	نزد موسی نام چوبش بد عصا	نزد خالق بود نامش اژدها
urn:sufi:rumi.mathnawi:1.b1241	69:8	1241	identical	agrees_ganjoor	p0051	high			بُد عُمر را نام اینجا بت‌پرست	لیک مؤمن بود نامش در اَلَست	بد عمر را نام اینجا بت پرست	لیک مومن بود نامش در الست
urn:sufi:rumi.mathnawi:1.b1242	69:9	1242	orthographic	agrees_both	p0051	high			آنک بُد نزدیک ما نامش منی	پیش حق این نقش بُد که با منی	آن که بد نزدیک ما نامش منی	پیش حق این نقش بد که با منی
urn:sufi:rumi.mathnawi:1.b1243	69:10	1243	identical	differs_both	p0051	medium	صورتی بود این منی اندر علم	last word clearly written علم (raised at line end), not عدم	صورتی بود این منی اندر عدم	پیش حق موجود نه بیش و نه کم	صورتی بود این منی اندر عدم	پیش حق موجود نه بیش و نه کم
urn:sufi:rumi.mathnawi:1.b1244	69:11	1244	identical	agrees_ganjoor	p0051	high			حاصل آن آمد حقیقت نام ما	پیشِ حضرت کان بود انجام ما	حاصل آن آمد حقیقت نام ما	پیش حضرت کان بود انجام ما
urn:sufi:rumi.mathnawi:1.b1245	69:12	1245	lexical	agrees_ganjoor	p0051	medium	نی بر آن	written نے	مرد را بر عاقبت نامی نهد	نی بر آن کو عاریت نامی نهد	مرد را بر عاقبت نامی نهد	نه بر آن کاو عاریت نامی نهد
urn:sufi:rumi.mathnawi:1.b1246	69:13	1246	identical	agrees_ganjoor	p0051	high			چشم آدم چون به نور پاک دید	جان و سرّ نام‌ها گشتش پدید	چشم آدم چون به نور پاک دید	جان و سر نامها گشتش پدید
urn:sufi:rumi.mathnawi:1.b1247	69:14	1247	lexical	agrees_masnavinet	p0051	high	در وی بیافت	'چون ملک انوار حق در وی بیافت'; a small '۲'/sign above چون keyed to a marginal couplet in right margin (see extra row)	چون مَلَک انوار حق از وی بتافت	در سجود افتاد و در خدمت شتافت	چون ملک انوار حق در وی بیافت	در سجود افتاد و در خدمت شتافت
urn:sufi:rumi.mathnawi:1.b1248	69:15	1248	identical	agrees_ganjoor	p0051	high			مدح این آدم که نامش می‌بَرم	قاصرم گر تا قیامت بشمرم	مدح این آدم که نامش می‌برم	قاصرم گر تا قیامت بشمرم
urn:sufi:rumi.mathnawi:1.b1249	69:16	1249	identical	agrees_ganjoor	p0051	high			این همه دانِست و چون آمد قضا	دانِش یک نهی شد بر وی خطا	این همه دانست و چون آمد قضا	دانش یک نهی شد بر وی خطا
urn:sufi:rumi.mathnawi:1.b1250	69:17	1250	identical	agrees_ganjoor	p0051	high			کای عجب نهی از پی تحریم بود	یا به تأویلی بُد و توهیم بود	کای عجب نهی از پی تحریم بود	یا به تاویلی بد و توهیم بود
urn:sufi:rumi.mathnawi:1.b1251	69:18	1251	identical	agrees_ganjoor	p0051	high			در دلش تأویل چون ترجیح یافت	طبع در حیرت سوی گندم شتافت	در دلش تاویل چون ترجیح یافت	طبع در حیرت سوی گندم شتافت
urn:sufi:rumi.mathnawi:1.b1252	69:19	1252	identical	agrees_ganjoor	p0051	high			باغبان را خار چون در پای رفت	دزد فرصت یافت کالا برد تَفت	باغبان را خار چون در پای رفت	دزد فرصت یافت، کالا برد تفت
urn:sufi:rumi.mathnawi:1.b1253	69:20	1253	identical	agrees_ganjoor	p0051	high			چون ز حیرت رَست‌ باز آمد به راه	دید بُرده دزد رخت از کارگاه	چون ز حیرت رست باز آمد به راه	دید برده دزد رخت از کارگاه
urn:sufi:rumi.mathnawi:1.b1254	69:21	1254	identical	agrees_ganjoor	p0051	high			رَبَّنَا اِنَّا ظَلَمْنَا گفت و آه	یعنی آمد ظلمت و گُم گشت راه	ربنا إنا ظلمنا گفت و آه	یعنی آمد ظلمت و گم گشت راه
urn:sufi:rumi.mathnawi:1.b1255	69:22	1255	identical	agrees_ganjoor	p0051	high		interlinear 'این' written above 'پس' (alternative: این قضا ابری بود)	پس قضا ابری بوَد خورشیدپوش	شیر و اژدرها شود زو همچو موش	پس قضا ابری بود خورشید پوش	شیر و اژدرها شود زو همچو موش
urn:sufi:rumi.mathnawi:1.b1256	69:23	1256	identical	agrees_ganjoor	p0051	high			من اگر دامی نبینم گاهِ حُکم	من نه تنها جاهلم در راه حُکم	من اگر دامی نبینم گاه حکم	من نه تنها جاهلم در راه حکم
urn:sufi:rumi.mathnawi:1.b1257	69:24	1257	orthographic	agrees_both	p0051	medium		نکوکاری written compressed	ای خنُک آن کو نکوکاری گرفت	زور را بگذاشت او‌، زاری گرفت	ای خنک آن کاو نکو کاری گرفت	زور را بگذاشت او زاری گرفت
urn:sufi:rumi.mathnawi:1.b1258	69:25	1258	identical	agrees_ganjoor	p0051	high			گر قضا پوشد سیه همچون شبت	هم قضا دستت بگیرد عاقبت	گر قضا پوشد سیه همچون شبت	هم قضا دستت بگیرد عاقبت
urn:sufi:rumi.mathnawi:1.b1259	69:26	1259	identical	agrees_ganjoor	p0051	high			گر قضا صد بار قصدِ جان کند	هم قضا جانت دهد درمان کند	گر قضا صد بار قصد جان کند	هم قضا جانت دهد درمان کند
urn:sufi:rumi.mathnawi:1.b1260	69:27	1260	identical	agrees_ganjoor	p0051	high			این قضا صد بار اگر راهت زند	بر فراز چرخ‌ْ خرگاهت زند	این قضا صد بار اگر راهت زند	بر فراز چرخ خرگاهت زند
urn:sufi:rumi.mathnawi:1.b1261	69:28	1261	identical	agrees_ganjoor	p0051	high			از کرم دان این که می‌تَرساندت	تا به مُلک ایمنی بنشاندت	از کرم دان این که می‌ترساندت	تا به ملک ایمنی بنشاندت
urn:sufi:rumi.mathnawi:1.b1262	69:29	1262	orthographic	agrees_both	p0051	high			این سخن پایان ندارد گشت دیر	گوش کن تو قصهٔ خرگوش و شیر	این سخن پایان ندارد گشت دیر	گوش کن تو قصه‌ی خرگوش و شیر
urn:sufi:rumi.mathnawi:1.b1263	70:1	1263	orthographic	agrees_both	p0051	high			چونک نزد چاه آمد شیر دید	کز ره آن خرگوش ماند و پا کشید	چون که نزد چاه آمد شیر دید	کز ره آن خرگوش ماند و پا کشید
urn:sufi:rumi.mathnawi:1.b1264	70:2	1264	identical	agrees_ganjoor	p0051	medium		'واپس' partly faded/erased in 2nd hemistich (پای را وا.. مکش)	گفت پا واپس کشیدی تو چرا	پای را واپس مکش پیش اندر آ	گفت پا واپس کشیدی تو چرا	پای را واپس مکش پیش اندر آ
urn:sufi:rumi.mathnawi:1.b1265	70:3	1265	identical	agrees_ganjoor	p0051	high			گفت کو پایم که دست و پای رفت	جان من لرزید و دل از جای رفت	گفت کو پایم که دست و پای رفت	جان من لرزید و دل از جای رفت
urn:sufi:rumi.mathnawi:1.b1266	70:4	1266	identical	agrees_ganjoor	p0051	high			رنگ رویم را نمی‌بینی چو زر	ز اندرونْ خود می‌دهد رنگم خبر	رنگ رویم را نمی‌بینی چو زر	ز اندرون خود می‌دهد رنگم خبر
urn:sufi:rumi.mathnawi:1.b1267	70:5	1267	orthographic	agrees_both	p0051	high			حق چو سیما را مُعرِّف خوانده‌ست	چشم عارف سوی سیما مانده‌ست	حق چو سیما را معرف خوانده است	چشم عارف سوی سیما مانده است
urn:sufi:rumi.mathnawi:1.b1268	70:6	1268	identical	agrees_ganjoor	p0051	high			رنگ و بو غمّاز آمد چون جرس	از فرس آگه کند بانگ فرس	رنگ و بو غماز آمد چون جرس	از فرس آگه کند بانگ فرس
urn:sufi:rumi.mathnawi:1.b1269	70:7	1269	identical	agrees_ganjoor	p0051	high			بانگ هر چیزی رساند زو خبر	تا بدانی بانگ خر از بانگ دَر	بانگ هر چیزی رساند زو خبر	تا بدانی بانگ خر از بانگ در
urn:sufi:rumi.mathnawi:1.b1270	70:8	1270	orthographic	agrees_both	p0051	high			گفت پیغامبر به تمییز کسان	مَرءُ مَخفیٌّ لَدَی طَیِّ اللِّسان	گفت پیغمبر به تمییز کسان	مرء مخفی لدی طی اللسان
urn:sufi:rumi.mathnawi:1.b1271	70:9	1271	identical	agrees_ganjoor	p0051	high			رنگ رو از حال دل دارد نشان	رحمتم کن مِهر من در دل نشان	رنگ رو از حال دل دارد نشان	رحمتم کن مهر من در دل نشان
urn:sufi:rumi.mathnawi:1.b1272	70:10	1272	lexical	agrees_ganjoor	p0051	high	بانگ روی زرد دارد	شکر written raised at end of first hemistich	رنگ روی سرخ دارد بانگ شکر	بانگ روی زرد دارد صبر و نُکر	رنگ روی سرخ دارد بانگ شکر	بانگ روی زرد باشد صبر و نکر
urn:sufi:rumi.mathnawi:1.b1273	70:11	1273	orthographic	agrees_both	p0051	high			در من آمد آنک دست و پا بَرد	رنگ رو و قوّت و سیما بَرد	در من آمد آن که دست و پا برد	رنگ رو و قوت و سیما برد
urn:sufi:rumi.mathnawi:1.b1274	70:12	1274	orthographic	agrees_both	p0051	high			آنک در هر چه در آید بشکند	هر درخت از بیخ و بن او بَر کَند	آن که در هر چه در آید بشکند	هر درخت از بیخ و بن او بر کند
urn:sufi:rumi.mathnawi:1.b1275	70:13	1275	orthographic	agrees_both	p0051	high			در من آمد آنک از وی گشت مات	آدمی و جانور جامد نبات	در من آمد آن که از وی گشت مات	آدمی و جانور جامد نبات
urn:sufi:rumi.mathnawi:1.b1276	70:14	1276	lexical	agrees_ganjoor	p0052	medium	این خود اجزا اند	written اجزا اند (two words); essentially orthographic	این خود اجزا اند کُلّیّات ازو	زرد کرده رنگ و فاسد کرده بو	این خود اجزایند کلیات از او	زرد کرده رنگ و فاسد کرده بو
urn:sufi:rumi.mathnawi:1.b1277	70:15	1277	orthographic	agrees_both	p0052	high			تا جهان گَه صابرست و گَه شَکور	بوستان گَه حُلّه پوشد گاه عور	تا جهان گه صابر است و گه شکور	بوستان گه حله پوشد گاه عور
urn:sufi:rumi.mathnawi:1.b1278	70:16	1278	orthographic	agrees_both	p0052	high			آفتابی کو بر آید نارگون	ساعتی دیگر شود او سرنگون	آفتابی کاو بر آید نارگون	ساعتی دیگر شود او سر نگون
urn:sufi:rumi.mathnawi:1.b1279	70:17	1279	identical	agrees_ganjoor	p0052	high			اخترانِ تافته بر چار طاق	لحظه لحظه مبتلای احتراق	اختران تافته بر چار طاق	لحظه لحظه مبتلای احتراق
urn:sufi:rumi.mathnawi:1.b1280	70:18	1280	orthographic	agrees_both	p0052	high			ماه کو افزود ز اختر در جمال	شد ز رنج دِقّ او همچون خیال	ماه کاو افزود ز اختر در جمال	شد ز رنج دق او همچون خیال
urn:sufi:rumi.mathnawi:1.b1281	70:19	1281	identical	agrees_ganjoor	p0052	high			این زمین با سکونِ با ادب	اندر آرد زلزله‌ش در لرز تب	این زمین با سکون با ادب	اندر آرد زلزله‌ش در لرز تب
urn:sufi:rumi.mathnawi:1.b1282	70:20	1282	lexical	agrees_ganjoor	p0052	medium	ای بسا کُه زین بلای مُردریگ	damma on کُه; مردریگ without ه	ای بسا کُه زین بلای مُردریگ	گشته است اندر جهان او خرد و ریگ	ای بسا که زین بلای مرده‌ریگ	گشته است اندر جهان او خرد و ریگ
urn:sufi:rumi.mathnawi:1.b1283	70:21	1283	identical	agrees_ganjoor	p0052	high			این هوا با روح آمد مُقترِن	چون قضا آید وبا گشت و عَفِن	این هوا با روح آمد مقترن	چون قضا آید وبا گشت و عفن
urn:sufi:rumi.mathnawi:1.b1284	70:22	1284	orthographic	agrees_both	p0052	high			آب خوش کو روح را همشیره شد	در غدیری زرد و تلخ و تیره شد	آب خوش کاو روح را همشیره شد	در غدیری زرد و تلخ و تیره شد
urn:sufi:rumi.mathnawi:1.b1285	70:23	1285	orthographic	agrees_both	p0052	high			آتشی کو باد دارد در بُروت	هم یکی بادی برو خوانَد یموت	آتشی کاو باد دارد در بروت	هم یکی بادی بر او خواند یموت
urn:sufi:rumi.mathnawi:1.b1286	70:24	1286	identical	agrees_ganjoor	p0052	high			حال دریا ز اضطراب و جوش او	فهم کن تبدیلهای هوش او	حال دریا ز اضطراب و جوش او	فهم کن تبدیلهای هوش او
urn:sufi:rumi.mathnawi:1.b1287	70:25	1287	lexical	agrees_ganjoor	p0052	high	اندر جست و جوست	و جو + ست written above at line end	چرخ سرگردان که اندر جُست و جوست	حال او چون حال فرزندان اوست	چرخ سر گردان که اندر جستجوست	حال او چون حال فرزندان اوست
urn:sufi:rumi.mathnawi:1.b1288	70:26	1288	orthographic	agrees_both	p0052	high			گه حَضیض و گه میانه گاه اوج	اندرو از سعد و نحسی فوج فوج	گه حضیض و گه میانه گاه اوج	اندر او از سعد و نحسی فوج فوج
urn:sufi:rumi.mathnawi:1.b1289	70:27	1289	identical	agrees_ganjoor	p0052	high			از خودْ ای جزوی ز کُلها مُختلِط	فهم می‌کن حالت هر مُنبَسط	از خود ای جزوی ز کلها مختلط	فهم می‌کن حالت هر منبسط
urn:sufi:rumi.mathnawi:1.b1290	70:28	1290	orthographic	agrees_both	p0052	high			چونک کلّیّات را رنجست و درد	جزو ایشان چون نباشد روی‌زرد	چون که کلیات را رنج است و درد	جزو ایشان چون نباشد روی زرد
urn:sufi:rumi.mathnawi:1.b1291	70:29	1291	orthographic	agrees_both	p0052	high			خاصه جزوی کو ز اضدادست جمع	ز آب و خاک و آتش و بادست جمع	خاصه جزوی کاو ز اضداد است جمع	ز آب و خاک و آتش و باد است جمع
urn:sufi:rumi.mathnawi:1.b1292	70:30	1292	orthographic	agrees_both	p0052	high			این عجب نبود که میش از گرگ جَست	این عجب کین میش دل در گرگ بَست	این عجب نبود که میش از گرگ جست	این عجب کاین میش دل در گرگ بست
urn:sufi:rumi.mathnawi:1.b1293	70:31	1293	lexical	agrees_ganjoor	p0052	high	مرگ آنک اندر میانش جنگ خاست		زندگانی آشتیّ ضدّهاست	مرگ آنک اندر میانش جنگ خاست	زندگانی آشتی ضدهاست	مرگ آن کاندر میانشان جنگ خاست
urn:sufi:rumi.mathnawi:1.b1294	70:32	1294	lexical	agrees_ganjoor	p0052	high	الف دادست		لطفِ حق این شیر را و گور را	اُلْف دادست این دو ضدِّ دور را	لطف حق این شیر را و گور را	الف داده ست این دو ضد دور را
urn:sufi:rumi.mathnawi:1.b1295	70:33	1295	identical	agrees_ganjoor	p0052	high			چون جهان رنجور و زندانی بود	چه عجب رنجور اگر فانی بود	چون جهان رنجور و زندانی بود	چه عجب رنجور اگر فانی بود
urn:sufi:rumi.mathnawi:1.b1296	70:34	1296	orthographic	agrees_both	p0052	high			خواند بر شیر او ازین رو پندها	گفت من پس مانده‌ام زین بندها	خواند بر شیر او از این رو پندها	گفت من پس مانده‌ام زین بندها
urn:sufi:rumi.mathnawi:1.b1297	71:1	1297	orthographic	agrees_both	p0052	high			شیر گفتش تو ز اسباب مرض	این سبب گو خاصْ کاینستم غرض	شیر گفتش تو ز اسباب مرض	این سبب گو خاص کاین استم غرض
urn:sufi:rumi.mathnawi:1.b1298	71:2	1298	lexical	agrees_ganjoor	p0052	high	آمنست	ز آفات آمنست with madda	گفت آن شیر اندرین چَه ساکنست	اندرین قلعه ز آفات آمنست	گفت آن شیر اندر این چه ساکن است	اندر این قلعه ز آفات ایمن است
urn:sufi:rumi.mathnawi:1.b1299	71:3	1299	lexical	agrees_ganjoor	p0052	high	هرکه	که/کی difference essentially orthographic	قعر چَه بگزید هر که عاقلست	زانک در خلوت صفاهای دلست	قعر چه بگزید هر کی عاقل است	ز آن که در خلوت صفاهای دل است
urn:sufi:rumi.mathnawi:1.b1300	71:4	1300	identical	agrees_ganjoor	p0052	high			ظلمتِ چَه بِه که ظلمتهای خلق	سَر نبُرد آنکس که گیرد پای خلق	ظلمت چه به که ظلمتهای خلق	سر نبرد آن کس که گیرد پای خلق
urn:sufi:rumi.mathnawi:1.b1301	71:5	1301	orthographic	agrees_both	p0052	high			گفت پیش آ زخمم او را قاهرست	تو ببین کان شیر در چَه حاضرست	گفت پیش آ زخمم او را قاهر است	تو ببین کان شیر در چه حاضر است
urn:sufi:rumi.mathnawi:1.b1302	71:6	1302	identical	agrees_ganjoor	p0052	high			گفت من سوزیده‌ام زان آتشی	تو مگر اندر بَرِ خویشم کشی	گفت من سوزیده‌ام ز آن آتشی	تو مگر اندر بر خویشم کشی
urn:sufi:rumi.mathnawi:1.b1303	71:7	1303	orthographic	agrees_both	p0052	high			تا به پُشت تو من ای کانِ کرم	چشم بگشایم بِچَه دَر بنگرم	تا بپشت تو من ای کان کرم	چشم بگشایم به چه در بنگرم
urn:sufi:rumi.mathnawi:1.b1304	72:1	1304	orthographic	agrees_both	p0052	high			چونک شیر اندر بَر خویشش کشید	در پناه شیر تا چَه می‌دوید	چون که شیر اندر بر خویشش کشید	در پناه شیر تا چه می‌دوید
urn:sufi:rumi.mathnawi:1.b1305	72:2	1305	orthographic	agrees_both	p0052	high			چونک در چَه بنگریدند اندر آب	اندر آب از شیر و او در تافت تاب	چون که در چه بنگریدند اندر آب	اندر آب از شیر و او در تافت تاب
urn:sufi:rumi.mathnawi:1.b1306	72:3	1306	identical	agrees_ganjoor	p0052	high			شیر عکس خویش دید از آب تَفت	شکل شیری در بَرش خرگوش زفت	شیر عکس خویش دید از آب تفت	شکل شیری در برش خرگوش زفت
urn:sufi:rumi.mathnawi:1.b1307	72:4	1307	orthographic	agrees_both	p0052	high			چونک خصم خویش را در آب دید	مر ورا بگذاشت و اندر چه جهید	چون که خصم خویش را در آب دید	مر و را بگذاشت و اندر چه جهید
urn:sufi:rumi.mathnawi:1.b1308	72:5	1308	orthographic	agrees_both	p0052	high			در فتاد اندر چَهی کو کنده بود	زانک ظلمش در سَرش آینده بود	در فتاد اندر چهی کاو کنده بود	ز آن که ظلمش در سرش آینده بود
urn:sufi:rumi.mathnawi:1.b1309	72:6	1309	identical	agrees_ganjoor	p0052	high			چاهِ مُظلم گشت ظلمِ ظالمان	این چنین گفتند جملهٔ عالمان	چاه مظلم گشت ظلم ظالمان	این چنین گفتند جمله عالمان
urn:sufi:rumi.mathnawi:1.b1310	72:7	1310	lexical	agrees_ganjoor	p0052	high	بتر را بتر	عدل فرمودست بتر را بتر	هر که ظالم‌تر چَهَش با هول‌تر	عدل فرمودست بتَر را بتر	هر که ظالمتر چهش با هول‌تر	عدل فرموده ست بدتر را بتر
urn:sufi:rumi.mathnawi:1.b1311	72:8	1311	lexical	agrees_ganjoor	p0052	high	ای که تو از جاه ظلمی می‌کنی / دانک بهر خویش چاهی می‌کنی		ای که تو از جاه ظلمی می‌کُنی	دانک بهر خویش چاهی می‌کَنی	ای که تو از ظلم چاهی می‌کنی	دان که بهر خویش دامی می‌کنی
urn:sufi:rumi.mathnawi:1.b1312	72:9	1312	identical	agrees_ganjoor	p0052	high			گِرد خود چون کِرم پیله بَر متَن	بهر خود چَه می‌کنی اندازه کَن	گرد خود چون کرم پیله بر متن	بهر خود چه می‌کنی اندازه کن
urn:sufi:rumi.mathnawi:1.b1313	72:10	1313	lexical	agrees_masnavinet	p0052	high	از نبی ذا جاء نصر الله خوان		مر ضعیفان را تو بی‌خصمی مدان	از نُبِی إِذَجَاءَ نَصْرُ اللَّه خوان	مر ضعیفان را تو بی‌خصمی مدان	از نبی ذا جاء نصر الله خوان
urn:sufi:rumi.mathnawi:1.b1314	72:11	1314	identical	agrees_ganjoor	p0052	high			گر تو پیلی خصم تو از تو رمید	نک جَزا طَیْرًا أَبَابِیلَت رسید	گر تو پیلی خصم تو از تو رمید	نک جزا طیرا ابابیلت رسید
urn:sufi:rumi.mathnawi:1.b1315	72:12	1315	identical	agrees_ganjoor	p0052	high			گر ضعیفی در زمین خواهد امان	غلغل افتد در سپاه آسمان	گر ضعیفی در زمین خواهد امان	غلغل افتد در سپاه آسمان
urn:sufi:rumi.mathnawi:1.b1316	72:13	1316	identical	agrees_ganjoor	p0052	high			گر بِدَندانش گزی پُر خون کنی	درد دندانت بگیرد چون کُنی	گر بدندانش گزی پر خون کنی	درد دندانت بگیرد چون کنی
urn:sufi:rumi.mathnawi:1.b1317	72:14	1317	identical	agrees_ganjoor	p0052	high			شیرْ خود را دید در چَه وز غُلو	خویش را نشناخت آن دم از عُدو	شیر خود را دید در چه وز غلو	خویش را نشناخت آن دم از عدو
urn:sufi:rumi.mathnawi:1.b1318	72:15	1318	lexical	agrees_ganjoor	p0052	medium	عدوّ خویش	written عدوّ with shadda, no final ی	عکس خود را او عدوّ خویش دید	لاجرم بر خویش شمشیری کشید	عکس خود را او عدوی خویش دید	لا جرم بر خویش شمشیری کشید
urn:sufi:rumi.mathnawi:1.b1319	72:16	1319	lexical	agrees_ganjoor	p0052	medium	در کسان	small marks near کسان and فلان, not a word correction as far as legible	ای بسا ظلمی که بینی در کسان	خوی تو باشد دریشان ای فلان	ای بسا ظلمی که بینی از کسان	خوی تو باشد در ایشان ای فلان
urn:sufi:rumi.mathnawi:1.b1320	72:17	1320	orthographic	agrees_both	p0052	high			اندریشان تافته هستی تو	از نفاق و ظلم و بد مستی تو	اندر ایشان تافته هستی تو	از نفاق و ظلم و بد مستی تو
urn:sufi:rumi.mathnawi:1.b1321	72:18	1321	lexical	agrees_ganjoor	p0052	high	آن توی	توی/تویی essentially orthographic	آن توی و آن زخم بر خود می‌زنی	بر خود آن دم تار لعنت می‌تنی	آن تویی و آن زخم بر خود می‌زنی	بر خود آن دم تار لعنت می‌تنی
urn:sufi:rumi.mathnawi:1.b1322	72:19	1322	orthographic	agrees_both	p0052	high			در خود آن بد را نمی‌بینی عیان	ورنه دشمن بودیی خود را بجان	در خود آن بد را نمی‌بینی عیان	ور نه دشمن بودیی خود را به جان
urn:sufi:rumi.mathnawi:1.b1323	72:20	1323	identical	agrees_ganjoor	p0052	high			حمله بر خود می‌کنی ای ساده مرد	همچو آن شیری که بر خود حمله کرد	حمله بر خود می‌کنی ای ساده مرد	همچو آن شیری که بر خود حمله کرد
urn:sufi:rumi.mathnawi:1.b1324	72:21	1324	identical	agrees_ganjoor	p0053	high			چون به قعر خوی خود اندر رسی	پس بدانی کز تو بود آن ناکسی	چون به قعر خوی خود اندر رسی	پس بدانی کز تو بود آن ناکسی
urn:sufi:rumi.mathnawi:1.b1325	72:22	1325	identical	agrees_ganjoor	p0053	high			شیر را در قعر پیدا شد که بود	نقش او آنکش دگر کس می‌نمود	شیر را در قعر پیدا شد که بود	نقش او آن کش دگر کس می‌نمود
urn:sufi:rumi.mathnawi:1.b1326	72:23	1326	identical	agrees_ganjoor	p0053	high			هر که دندان ضعیفی می‌کند	کار آن شیر غلط‌بین می‌کند	هر که دندان ضعیفی می‌کند	کار آن شیر غلط بین می‌کند
urn:sufi:rumi.mathnawi:1.b1327	72:24	1327	lexical	agrees_masnavinet	p0053	high	ای بدیده عکس بد بر روی عم / بد نه عمست آن توی از خود مرم	Margin (later hand, marked ح/نسخه) gives the Ganjoor reading: [می]بینی خال بد بر روی عم / عکس خال تست آن از عم مرم	می‌ببیند خال بد بر روی عم	عکس خال تست آن از عم مرم	ای بدیده عکس بد بر روی عم	بد نه عم است آن تویی از خود مرم
urn:sufi:rumi.mathnawi:1.b1328	72:25	1328	orthographic	agrees_both	p0053	high			مؤمنان آیینهٔ همدیگرند	این خبر می از پیمبر آورند	مومنان آیینه‌ی همدیگرند	این خبر می‌از پیمبر آورند
urn:sufi:rumi.mathnawi:1.b1329	72:26	1329	orthographic	agrees_both	p0053	high			پیش چشمت داشتی شیشهٔ کبود	زان سبب عالم کبودت می‌نمود	پیش چشمت داشتی شیشه‌ی کبود	ز آن سبب عالم کبودت می‌نمود
urn:sufi:rumi.mathnawi:1.b1330	72:27	1330	identical	agrees_ganjoor	p0053	high			گر نه کوری این کبودی دان ز خویش	خویش را بد گو مگو کس را تو بیش	گر نه کوری این کبودی دان ز خویش	خویش را بد گو، مگو کس را تو بیش
urn:sufi:rumi.mathnawi:1.b1331	72:28	1331	identical	agrees_ganjoor	p0053	high			مؤمن ار ینظر بنور الله نبود	غیب مؤمن را برهنه چون نمود	مومن ار ینظر بنور الله نبود	غیب مومن را برهنه چون نمود
urn:sufi:rumi.mathnawi:1.b1332	72:29	1332	lexical	agrees_ganjoor	p0053	medium	در بدی از نیکوی غافل شدی	Margin variant for hem. 2, roughly: نیکوی را وا ندیدی از بدی (partly uncertain reading)	چون که تو ینظر بنار الله بدی	در بدی از نیکوی غافل شدی	چون که تو ینظر بنار الله بدی	در بدی از نیکویی غافل شدی
urn:sufi:rumi.mathnawi:1.b1333	72:30	1333	identical	agrees_ganjoor	p0053	high			اندک اندک آب بر آتش بزن	تا شود نار تو نور ای بوالحزن	اندک اندک آب بر آتش بزن	تا شود نار تو نور ای بو الحزن
urn:sufi:rumi.mathnawi:1.b1334	72:31	1334	identical	agrees_ganjoor	p0053	high			تو بزن یا ربنا آب طهور	تا شود این نار عالم جمله نور	تو بزن یا ربنا آب طهور	تا شود این نار عالم جمله نور
urn:sufi:rumi.mathnawi:1.b1335	72:32	1335	identical	agrees_ganjoor	p0053	high			آب دریا جمله در فرمان تست	آب و آتش ای خداوند آن تست	آب دریا جمله در فرمان تست	آب و آتش ای خداوند آن تست
urn:sufi:rumi.mathnawi:1.b1336	72:33	1336	identical	agrees_ganjoor	p0053	high			گر تو خواهی آتش آب خوش شود	ور نخواهی آب هم آتش شود	گر تو خواهی آتش آب خوش شود	ور نخواهی آب هم آتش شود
urn:sufi:rumi.mathnawi:1.b1337	72:34	1337	identical	agrees_ganjoor	p0053	high			این طلب در ما هم از ایجاد تست	رستن از بیداد یا رب داد تست	این طلب در ما هم از ایجاد تست	رستن از بی‌داد یا رب داد تست
urn:sufi:rumi.mathnawi:1.b1338	72:35	1338	identical	agrees_ganjoor	p0053	high		written centered in the middle columns (after 1337), directly before the §73 heading	بی‌طلب تو این طلب‌مان داده‌ای	گنج احسان بر همه بگشاده‌ای	بی‌طلب تو این طلب‌مان داده‌ای	گنج احسان بر همه بگشاده‌ای
urn:sufi:rumi.mathnawi:1.b1339	73:1	1339	orthographic	agrees_both	p0053	high			چونک خرگوش از رهایی شاد گشت	سوی نخچیران دوان شد تا به دشت	چون که خرگوش از رهایی شاد گشت	سوی نخجیران دوان شد تا به دشت
urn:sufi:rumi.mathnawi:1.b1340	73:2	1340	identical	agrees_ganjoor	p0053	high			شیر را چون دید در چَه کُشته، زار	چرخ می‌زد شادمان تا مرغزار	شیر را چون دید در چه کشته زار	چرخ می‌زد شادمان تا مرغزار
urn:sufi:rumi.mathnawi:1.b1341	73:3	1341	identical	agrees_ganjoor	p0053	high			دست می‌زد چون رهید از دستِ مرگ	سبز و رقصان در هوا چون شاخ و برگ	دست می‌زد چون رهید از دست مرگ	سبز و رقصان در هوا چون شاخ و برگ
urn:sufi:rumi.mathnawi:1.b1342	73:4	1342	identical	agrees_ganjoor	p0053	high			شاخ و برگ از حبسِ خاک آزاد شد	سَر برآورد و حریف باد شد	شاخ و برگ از حبس خاک آزاد شد	سر بر آورد و حریف باد شد
urn:sufi:rumi.mathnawi:1.b1343	73:5	1343	identical	agrees_ganjoor	p0053	high			برگها چون شاخ را بشکافتند	تا به بالای درخت اشتافتند	برگها چون شاخ را بشکافتند	تا به بالای درخت اشتافتند
urn:sufi:rumi.mathnawi:1.b1344	73:6	1344	lexical	agrees_masnavinet	p0053	medium	با زبان شطأهُ شکر خدا	word written شطاهُ / شطأه with damma on ه, not شطّاح	با زبان شَطّاحِ شُکرِ خدا	می‌سراید هر بَر و بَرگی جدا	با زبان شطاه شکر خدا	می‌سراید هر بر و برگی جدا
urn:sufi:rumi.mathnawi:1.b1345	73:7	1345	lexical	agrees_masnavinet	p0053	high	تا درخت استغلظ آمد واستوی	no ف prefix on either verb	که بپرورد اصل ما را ذوالعطا	تا درخت فَاسْتَغْلَظَ آمد فَاسْتَوی‌	که بپرورد اصل ما را ذو العطا	تا درخت استغلظ آمد و استوی
urn:sufi:rumi.mathnawi:1.b1346	73:8	1346	identical	agrees_ganjoor	p0053	high			جانهای بسته اندر آب و گِل	چون رهند از آب و گِلها شاددل	جانهای بسته اندر آب و گل	چون رهند از آب و گلها شاد دل
urn:sufi:rumi.mathnawi:1.b1347	73:9	1347	identical	agrees_ganjoor	p0053	high			در هوای عشقِ حق رقصان شوند	همچو قُرص بَدر بی‌نقصان شوند	در هوای عشق حق رقصان شوند	همچو قرص بدر بی‌نقصان شوند
urn:sufi:rumi.mathnawi:1.b1348	73:10	1348	orthographic	agrees_both	p0053	high			جسمشان در رقص و جانها خود مپرس	وانک گِرد جانْ از آنها خود مپرس	جسمشان در رقص و جانها خود مپرس	و آن که گرد جان از آنها خود مپرس
urn:sufi:rumi.mathnawi:1.b1349	73:11	1349	orthographic	agrees_both	p0053	high			شیر را خرگوش در زندان نشاند	ننگ شیری کو ز خرگوشی بماند	شیر را خرگوش در زندان نشاند	ننگ شیری کاو ز خرگوشی بماند
urn:sufi:rumi.mathnawi:1.b1350	73:12	1350	identical	agrees_ganjoor	p0053	high			درچنان ننگی و آنگه این عجب	فخر دین خواهد که گویندش لقب	در چنان ننگی و آن گه این عجب	فخر دین خواهد که گویندش لقب
urn:sufi:rumi.mathnawi:1.b1351	73:13	1351	identical	agrees_ganjoor	p0053	high			ای تو شیری در تک این چاهْ فَرد	نفسْ چون خرگوشْ خونت‌ریخت و خورد	ای تو شیری در تک این چاه فرد	نفس چون خرگوش خونت ریخت و خورد
urn:sufi:rumi.mathnawi:1.b1352	73:14	1352	identical	agrees_ganjoor	p0053	high			نفسِ خرگوشت به صَحرا در چَرا	تو به قعر این چَه چون و چِرا	نفس خرگوشت به صحرا در چرا	تو به قعر این چه چون و چرا
urn:sufi:rumi.mathnawi:1.b1353	73:15	1353	orthographic	agrees_both	p0053	high			سوی نخچیران دوید آن شیرگیر	کأَبْشِرُوا یَا قَوْمُ إِذْ جَاءَ الْبَشِیرُ	سوی نخجیران دوید آن شیر گیر	کابشروا یا قوم إذ جاء البشیر
urn:sufi:rumi.mathnawi:1.b1354	73:16	1354	identical	agrees_ganjoor	p0053	high			مژده مژده ای گروه عیش‌ساز	کان سگِ دوزخ به دوزخ رفت باز	مژده مژده ای گروه عیش‌ساز	کان سگ دوزخ به دوزخ رفت باز
urn:sufi:rumi.mathnawi:1.b1355	73:17	1355	lexical	agrees_ganjoor	p0053	medium	کان عدوّ جانها		مژده مژده کان عدوّ جانها	کَند قهرِ خالقش دندانها	مژده مژده کان عدوی جانها	کند قهر خالقش دندانها
urn:sufi:rumi.mathnawi:1.b1356	73:18	1356	orthographic	agrees_both	p0053	high			آنک از پنجه بسی سرها بکوفت	همچو خَس جاروبِ مَرگش هم بروفت	آن که از پنجه بسی سرها بکوفت	همچو خس جاروب مرگش هم بروفت
urn:sufi:rumi.mathnawi:1.b1357	74:1	1357	identical	agrees_ganjoor	p0053	high			جمع گشتند آن زمان جمله وحوش	شاد و خندان از طرب در ذوق و جوش	جمع گشتند آن زمان جمله وحوش	شاد و خندان از طرب در ذوق و جوش
urn:sufi:rumi.mathnawi:1.b1358	74:2	1358	identical	agrees_ganjoor	p0053	high		Small later-hand note in heading row above: سجده کردندش همه صحراییان (possible variant of hem. 2)	حلقه کردند او چو شمعی در میان	سجده آوردند و گفتندش که هان	حلقه کردند او چو شمعی در میان	سجده آوردند و گفتندش که هان
urn:sufi:rumi.mathnawi:1.b1359	74:3	1359	orthographic	agrees_both	p0053	high			تو فرشتهٔ آسمانی یا پری	نی تو عزرائیل شیرانِ نری	تو فرشته‌ی آسمانی یا پری	نی تو عزراییل شیران نری
urn:sufi:rumi.mathnawi:1.b1360	74:4	1360	identical	agrees_ganjoor	p0053	high		درست added above the line	هرچه هستی جان ما قربان تُست	دست بُردی دست و بازویت درست	هر چه هستی جان ما قربان تست	دست بردی دست و بازویت درست
urn:sufi:rumi.mathnawi:1.b1361	74:5	1361	identical	agrees_ganjoor	p0053	high			راند حق این آب را در جوی تو	آفرین بر دست و بَر بازوی تو	راند حق این آب را در جوی تو	آفرین بر دست و بر بازوی تو
urn:sufi:rumi.mathnawi:1.b1362	74:6	1362	identical	agrees_ganjoor	p0053	high			باز گو تا چون سگالیدی به مکر	آن عوان را چون بمالیدی به مکر	باز گو تا چون سگالیدی به مکر	آن عوان را چون بمالیدی به مکر
urn:sufi:rumi.mathnawi:1.b1363	74:7	1363	identical	agrees_ganjoor	p0053	high			بازگو تا قصّه درمانها شود	بازگو تا مرهمِ جانها شود	باز گو تا قصه درمانها شود	باز گو تا مرهم جانها شود
urn:sufi:rumi.mathnawi:1.b1364	74:8	1364	identical	agrees_ganjoor	p0053	high			بازگو کز ظلم آن اِستم‌نُما	صد هزاران زخم دارد جان ما	باز گو کز ظلم آن استم نما	صد هزاران زخم دارد جان ما
urn:sufi:rumi.mathnawi:1.b1365	74:9	1365	lexical	agrees_ganjoor	p0053	medium	گفت تایید خدا بُد ای مهان		گفت تأییدِ خدا بُد ای مِهان	ورنه خرگوشی که باشد در جهان	گفت تایید خدا بود ای مهان	ور نه خرگوشی که باشد در جهان
urn:sufi:rumi.mathnawi:1.b1366	74:10	1366	identical	agrees_ganjoor	p0053	high			قوّتم بخشید و دل را نور داد	نورِ دل مر دست و پا را زور داد	قوتم بخشید و دل را نور داد	نور دل مر دست و پا را زور داد
urn:sufi:rumi.mathnawi:1.b1367	74:11	1367	identical	agrees_ganjoor	p0053	high			از بَرِ حق می‌رسد تفضیلها	باز هم از حق رسد تبدیلها	از بر حق می‌رسد تفضیلها	باز هم از حق رسد تبدیلها
urn:sufi:rumi.mathnawi:1.b1368	74:12	1368	lexical	agrees_ganjoor	p0053	medium	حق بدور نوبت	no و visible between دور and نوبت; letters crowded	حق بدور نوبت این تأیید را	می‌نماید اهل ظنّ و دید را	حق به دور و نوبت این تایید را	می‌نماید اهل ظن و دید را
urn:sufi:rumi.mathnawi:1.b1369	75:1	1369	orthographic	agrees_both	p0054	high			هین به مُلکِ نوبتی شادی مکن	ای تو بستهٔ نوبت آزادی مکن	هین به ملک نوبتی شادی مکن	ای تو بسته‌ی نوبت آزادی مکن
urn:sufi:rumi.mathnawi:1.b1370	75:2	1370	orthographic	agrees_both	p0054	high			آنک ملکش برتر از نوبت تنند	برتر از هفت انجمش نوبت زنند	آن که ملکش برتر از نوبت تنند	برتر از هفت انجمش نوبت زنند
urn:sufi:rumi.mathnawi:1.b1371	75:3	1371	lexical	agrees_ganjoor	p0054	high	باقیند / ساقیند	difference only orthographic	برتر از نوبت ملوک باقیند	دور دایم روحها با ساقیند	برتر از نوبت ملوک باقی‌اند	دور دایم روحها با ساقی‌اند
urn:sufi:rumi.mathnawi:1.b1372	75:4	1372	identical	agrees_ganjoor	p0054	high			ترک این شُرب ار بگویی یک دو روز	در کنی اندر شرابِ خُلد پوز	ترک این شرب ار بگویی یک دو روز	در کنی اندر شراب خلد پوز
urn:sufi:rumi.mathnawi:1.b1373	76:1	1373	identical	agrees_ganjoor	p0054	high			ای شهان کُشتیم ما خصم برون	ماند خصمی زو بتر در اندرون	ای شهان کشتیم ما خصم برون	ماند خصمی زو بتر در اندرون
urn:sufi:rumi.mathnawi:1.b1374	76:2	1374	orthographic	agrees_both	p0054	high			کشتن این، کار عقل و هوش نیست	شیر باطن سخرهٔ خرگوش نیست	کشتن این کار عقل و هوش نیست	شیر باطن سخره‌ی خرگوش نیست
urn:sufi:rumi.mathnawi:1.b1375	76:3	1375	orthographic	agrees_both	p0054	high			دوزخست این نَفس و دوزخ اژدهاست	کو به دریاها نگردد کم و کاست	دوزخ است این نفس و دوزخ اژدهاست	کاو به دریاها نگردد کم و کاست
urn:sufi:rumi.mathnawi:1.b1376	76:4	1376	identical	agrees_ganjoor	p0054	high			هفت دریا را در آشامد، هنوز	کم نگردد سوزش آن خلق‌سوز	هفت دریا را در آشامد هنوز	کم نگردد سوزش آن خلق سوز
urn:sufi:rumi.mathnawi:1.b1377	76:5	1377	orthographic	agrees_both	p0054	high			سنگها و کافرانِ سنگ‌دل	اندر آیند اندرو زار و خجل	سنگها و کافران سنگ دل	اندر آیند اندر او زار و خجل
urn:sufi:rumi.mathnawi:1.b1378	76:6	1378	lexical	agrees_ganjoor	p0054	high	مرورا	difference only orthographic	هم نگردد ساکن از چندین غذا	تا ز حقّ آید مرورا این ندا	هم نگردد ساکن از چندین غذا	تا ز حق آید مر او را این ندا
urn:sufi:rumi.mathnawi:1.b1379	76:7	1379	lexical	agrees_ganjoor	p0054	high	نه هنوز		سیر گشتی سیر، گوید نه هنوز	اینت آتش اینت تابش اینت سوز	سیر گشتی سیر گوید نی هنوز	اینت آتش اینت تابش اینت سوز
urn:sufi:rumi.mathnawi:1.b1380	76:8	1380	identical	agrees_ganjoor	p0054	high			عالمی را لقمه کرد و در کشید	معده‌اش نعره زنان هَلْ مِنْ مَزید	عالمی را لقمه کرد و در کشید	معده‌اش نعره زنان هل من مزید
urn:sufi:rumi.mathnawi:1.b1381	76:9	1381	identical	agrees_ganjoor	p0054	high			حق قدم بر وی نهد از لامکان	آنگه او ساکن شود از کُنْ فَکان	حق قدم بر وی نهد از لا مکان	آن گه او ساکن شود از کن فکان
urn:sufi:rumi.mathnawi:1.b1382	76:10	1382	orthographic	agrees_both	p0054	high			چونک جزو دوزخست این نَفس ما	طبع کل دارد همیشه جزوها	چون که جزو دوزخ است این نفس ما	طبع کل دارد همیشه جزوها
urn:sufi:rumi.mathnawi:1.b1383	76:11	1383	orthographic	agrees_both	p0054	high			این قدم حق را بود کو را کُشد	غیرِ حق خود کی کمان او کَشد	این قدم حق را بود کاو را کشد	غیر حق خود کی کمان او کشد
urn:sufi:rumi.mathnawi:1.b1384	76:12	1384	orthographic	agrees_both	p0054	high			در کمان ننهند الّا تیر راست	این کمان را بازگون کژ تیرهاست	در کمان ننهند الا تیر راست	این کمان را باژگون کژ تیرهاست
urn:sufi:rumi.mathnawi:1.b1385	76:13	1385	identical	agrees_ganjoor	p0054	high			راست شو چون تیر و وا رَه از کمان	کز کمان هر راست بجهد بی‌گمان	راست شو چون تیر و واره از کمان	کز کمان هر راست بجهد بی‌گمان
urn:sufi:rumi.mathnawi:1.b1386	76:14	1386	orthographic	agrees_both	p0054	high		چونک واگشتم ز پیکار برون	چونک وا گشتم ز پیگار بُرون	روی آوردم به پیگار درون	چون که واگشتم ز پیکار برون	روی آوردم به پیکار درون
urn:sufi:rumi.mathnawi:1.b1387	76:15	1387	lexical	agrees_masnavinet	p0054	medium	قد رجعنا من جهاد الاصغریم / با نبی اندر جهاد اکبریم	no article on جهاد; Ganjoor's مِنَ الْجِهَاد not supported	قَدْ رَجَعْنَا مِنَ الْجِهَادِ الْأَصْغَرِیمْ	بَانَبِیٍّ أَنْدَرَ جِهَادِ أَکْبَرِیمْ	قد رجعنا من جهاد الاصغریم	با نبی اندر جهاد اکبریم
urn:sufi:rumi.mathnawi:1.b1388	76:16	1388	identical	agrees_ganjoor	p0054	high			قوّت از حق خواهم و توفیق و لاف	تا به سوزن بر کَنم این کوه قاف	قوت از حق خواهم و توفیق و لاف	تا به سوزن بر کنم این کوه قاف
urn:sufi:rumi.mathnawi:1.b1389	76:17	1389	lexical	agrees_masnavinet	p0054	high	سهل شیری دان که صفها بشکند	written alone, centered in the middle columns	سهل دان شیری که صَفها بشکند	شیر آنست آن که خود را بشکند	سهل شیری دان که صفها بشکند	شیر آن است آن که خود را بشکند
