n	name	quran_verses	quran_first	ghazali_record	ghazali_page	qurtubi_units
0	الله	1823	1:1			961
1	الرحمن	48	1:1	urn:openiti:0505Ghazali.MaqsadAsna.JK000036-ara1:p00133	61	85
2	الرحيم	95	1:1	urn:openiti:0505Ghazali.MaqsadAsna.JK000036-ara1:p00133	61	41
3	الملك	59	2:102	urn:openiti:0505Ghazali.MaqsadAsna.JK000036-ara1:p00151	65	85
4	القدوس	2	59:23	urn:openiti:0505Ghazali.MaqsadAsna.JK000036-ara1:p00157	67	24
5	السلام	33	4:94	urn:openiti:0505Ghazali.MaqsadAsna.JK000036-ara1:p00165	68	114
6	المومن	14	2:221	urn:openiti:0505Ghazali.MaqsadAsna.JK000036-ara1:p00169	69	48
7	المهيمن	1	59:23	urn:openiti:0505Ghazali.MaqsadAsna.JK000036-ara1:p00177	71	6
8	العزيز	92	2:129	urn:openiti:0505Ghazali.MaqsadAsna.JK000036-ara1:p00180	72	47
9	الجبار	5	11:59	urn:openiti:0505Ghazali.MaqsadAsna.JK000036-ara1:p00184	73	13
10	المتكبر	3	40:27	urn:openiti:0505Ghazali.MaqsadAsna.JK000036-ara1:p00187	74	7
11	الخالق	8	6:102	urn:openiti:0505Ghazali.MaqsadAsna.JK000036-ara1:p00191	74	58
12	الباري	1	59:24	urn:openiti:0505Ghazali.MaqsadAsna.JK000036-ara1:p00191	74	56
13	المصور	1	59:24	urn:openiti:0505Ghazali.MaqsadAsna.JK000036-ara1:p00191	74	19
14	الغفار	4	20:82	urn:openiti:0505Ghazali.MaqsadAsna.JK000036-ara1:p00205	79	5
15	القهار	6	12:39	urn:openiti:0505Ghazali.MaqsadAsna.JK000036-ara1:p00213	80	14
16	الوهاب	3	3:8	urn:openiti:0505Ghazali.MaqsadAsna.JK000036-ara1:p00216	81	7
17	الرزاق	1	51:58	urn:openiti:0505Ghazali.MaqsadAsna.JK000036-ara1:p00225	83	12
18	الفتاح	1	34:26	urn:openiti:0505Ghazali.MaqsadAsna.JK000036-ara1:p00231	85	4
19	العليم	139	2:29	urn:openiti:0505Ghazali.MaqsadAsna.JK000036-ara1:p00234	85	17
20	القابض	0		urn:openiti:0505Ghazali.MaqsadAsna.JK000036-ara1:p00242	87	3
21	الباسط	2	5:28	urn:openiti:0505Ghazali.MaqsadAsna.JK000036-ara1:p00242	87	2
22	الخافض	0		urn:openiti:0505Ghazali.MaqsadAsna.JK000036-ara1:p00246	87	4
23	الرافع	0		urn:openiti:0505Ghazali.MaqsadAsna.JK000036-ara1:p00246	87	4
24	المعز	1	6:143	urn:openiti:0505Ghazali.MaqsadAsna.JK000036-ara1:p00249	88	8
25	المذل	0		urn:openiti:0505Ghazali.MaqsadAsna.JK000036-ara1:p00249	88	0
26	السميع	43	2:127	urn:openiti:0505Ghazali.MaqsadAsna.JK000036-ara1:p00252	89	15
27	البصير	36	2:96	urn:openiti:0505Ghazali.MaqsadAsna.JK000036-ara1:p00258	90	6
28	الحكم	17	3:79	urn:openiti:0505Ghazali.MaqsadAsna.JK000036-ara1:p00264	91	26
29	العدل	11	2:48	urn:openiti:0505Ghazali.MaqsadAsna.JK000036-ara1:p00291	97	8
30	اللطيف	6	6:103	urn:openiti:0505Ghazali.MaqsadAsna.JK000036-ara1:p00302	100	8
31	الخبير	33	2:234	urn:openiti:0505Ghazali.MaqsadAsna.JK000036-ara1:p00308	102	8
32	الحليم	12	2:225	urn:openiti:0505Ghazali.MaqsadAsna.JK000036-ara1:p00311	102	47
33	العظيم	85	2:7	urn:openiti:0505Ghazali.MaqsadAsna.JK000036-ara1:p00314	103	50
34	الغفور	71	2:173	urn:openiti:0505Ghazali.MaqsadAsna.JK000036-ara1:p00318	104	7
35	الشكور	9	14:5	urn:openiti:0505Ghazali.MaqsadAsna.JK000036-ara1:p00320	104	5
36	العلي	651	2:5	urn:openiti:0505Ghazali.MaqsadAsna.JK000036-ara1:p00324	105	60
37	الكبير	19	2:217	urn:openiti:0505Ghazali.MaqsadAsna.JK000036-ara1:p00331	108	21
38	الحفيظ	8	6:104	urn:openiti:0505Ghazali.MaqsadAsna.JK000036-ara1:p00336	109	2
39	المقيت	0		urn:openiti:0505Ghazali.MaqsadAsna.JK000036-ara1:p00347	112	2
40	الحسيب	0		urn:openiti:0505Ghazali.MaqsadAsna.JK000036-ara1:p00350	112	5
41	الجليل	0		urn:openiti:0505Ghazali.MaqsadAsna.JK000036-ara1:p00356	114	22
42	الكريم	23	8:4	urn:openiti:0505Ghazali.MaqsadAsna.JK000036-ara1:p00362	116	27
43	الرقيب	3	5:117	urn:openiti:0505Ghazali.MaqsadAsna.JK000036-ara1:p00365	116	4
44	المجيب	1	11:61	urn:openiti:0505Ghazali.MaqsadAsna.JK000036-ara1:p00368	117	4
45	الواسع	8	2:115	urn:openiti:0505Ghazali.MaqsadAsna.JK000036-ara1:p00371	118	8
46	الحكيم	81	2:32	urn:openiti:0505Ghazali.MaqsadAsna.JK000036-ara1:p00374	119	22
47	الودود	2	11:90	urn:openiti:0505Ghazali.MaqsadAsna.JK000036-ara1:p00380	121	6
48	المجيد	4	11:73	urn:openiti:0505Ghazali.MaqsadAsna.JK000036-ara1:p00383	122	16
49	الباعث	0		urn:openiti:0505Ghazali.MaqsadAsna.JK000036-ara1:p00385	122	3
50	الشهيد	15	2:282	urn:openiti:0505Ghazali.MaqsadAsna.JK000036-ara1:p00392	125	10
51	الحق	219	2:26	urn:openiti:0505Ghazali.MaqsadAsna.JK000036-ara1:p00394	125	164
52	الوكيل	11	3:173	urn:openiti:0505Ghazali.MaqsadAsna.JK000036-ara1:p00408	128	6
53	القوي	11	8:52	urn:openiti:0505Ghazali.MaqsadAsna.JK000036-ara1:p00410	128	23
54	المتين	3	7:183	urn:openiti:0505Ghazali.MaqsadAsna.JK000036-ara1:p00410	128	13
55	الولي	26	2:107	urn:openiti:0505Ghazali.MaqsadAsna.JK000036-ara1:p00412	128	15
56	الحميد	16	2:267	urn:openiti:0505Ghazali.MaqsadAsna.JK000036-ara1:p00415	129	11
57	المحصي	0		urn:openiti:0505Ghazali.MaqsadAsna.JK000036-ara1:p00418	129	5
58	المبدي	0		urn:openiti:0505Ghazali.MaqsadAsna.JK000036-ara1:p00421	130	5
59	المعيد	0		urn:openiti:0505Ghazali.MaqsadAsna.JK000036-ara1:p00421	130	3
60	المحيي	2	30:50	urn:openiti:0505Ghazali.MaqsadAsna.JK000036-ara1:p00423	130	2
61	المميت	0		urn:openiti:0505Ghazali.MaqsadAsna.JK000036-ara1:p00423	130	2
62	الحي	11	2:255	urn:openiti:0505Ghazali.MaqsadAsna.JK000036-ara1:p00425	130	76
63	القيوم	3	2:255	urn:openiti:0505Ghazali.MaqsadAsna.JK000036-ara1:p00427	131	22
64	الواجد	0		urn:openiti:0505Ghazali.MaqsadAsna.JK000036-ara1:p00431	131	7
65	الماجد	0		urn:openiti:0505Ghazali.MaqsadAsna.JK000036-ara1:p00433	132	4
66	الواحد	25	2:61	urn:openiti:0505Ghazali.MaqsadAsna.JK000036-ara1:p00435	132	45
67	الصمد	1	112:2	urn:openiti:0505Ghazali.MaqsadAsna.JK000036-ara1:p00440	133	11
68	القادر	7	6:37	urn:openiti:0505Ghazali.MaqsadAsna.JK000036-ara1:p00442	133	23
69	المقتدر	2	54:42	urn:openiti:0505Ghazali.MaqsadAsna.JK000036-ara1:p00442	133	8
70	المقدم	0		urn:openiti:0505Ghazali.MaqsadAsna.JK000036-ara1:p00445	133	3
71	الموخر	0		urn:openiti:0505Ghazali.MaqsadAsna.JK000036-ara1:p00445	133	3
72	الاول	23	2:41	urn:openiti:0505Ghazali.MaqsadAsna.JK000036-ara1:p00449	134	108
73	الاخر	49	2:8	urn:openiti:0505Ghazali.MaqsadAsna.JK000036-ara1:p00449	134	75
74	الظاهر	3	6:120	urn:openiti:0505Ghazali.MaqsadAsna.JK000036-ara1:p00452	135	34
75	الباطن	1	57:3	urn:openiti:0505Ghazali.MaqsadAsna.JK000036-ara1:p00452	135	24
76	الوالي	28	2:210	urn:openiti:0505Ghazali.MaqsadAsna.JK000036-ara1:p00479	140	3
77	المتعالي	0		urn:openiti:0505Ghazali.MaqsadAsna.JK000036-ara1:p00481	141	13
78	البر	19	2:44	urn:openiti:0505Ghazali.MaqsadAsna.JK000036-ara1:p00460	137	38
79	التواب	8	2:37	urn:openiti:0505Ghazali.MaqsadAsna.JK000036-ara1:p00463	138	6
80	المنتقم	0		urn:openiti:0505Ghazali.MaqsadAsna.JK000036-ara1:p00466	138	2
81	العفو	4	2:219	urn:openiti:0505Ghazali.MaqsadAsna.JK000036-ara1:p00469	139	7
82	الرءوف	11	2:143	urn:openiti:0505Ghazali.MaqsadAsna.JK000036-ara1:p00472	139	0
83	مالك الملك	1	3:26	urn:openiti:0505Ghazali.MaqsadAsna.JK000036-ara1:p00474	139	9
84	ذو الجلال والاكرام	1	55:27	urn:openiti:0505Ghazali.MaqsadAsna.JK000036-ara1:p00477	140	5
85	المقسط	0		urn:openiti:0505Ghazali.MaqsadAsna.JK000036-ara1:p00483	141	1
86	الجامع	3	3:9	urn:openiti:0505Ghazali.MaqsadAsna.JK000036-ara1:p00487	142	12
87	الغني	17	2:263	urn:openiti:0505Ghazali.MaqsadAsna.JK000036-ara1:p00494	143	16
88	المغني	0		urn:openiti:0505Ghazali.MaqsadAsna.JK000036-ara1:p00494	143	0
89	المانع	0		urn:openiti:0505Ghazali.MaqsadAsna.JK000036-ara1:p00498	143	7
90	الضار	0		urn:openiti:0505Ghazali.MaqsadAsna.JK000036-ara1:p00500	144	4
91	النافع	0		urn:openiti:0505Ghazali.MaqsadAsna.JK000036-ara1:p00500	144	2
92	النور	21	2:257	urn:openiti:0505Ghazali.MaqsadAsna.JK000036-ara1:p00503	145	11
93	الهادي	2	7:186	urn:openiti:0505Ghazali.MaqsadAsna.JK000036-ara1:p00505	145	5
94	البديع	2	2:117	urn:openiti:0505Ghazali.MaqsadAsna.JK000036-ara1:p00508	146	5
95	الباقي	0		urn:openiti:0505Ghazali.MaqsadAsna.JK000036-ara1:p00511	146	13
96	الوارث	1	2:233	urn:openiti:0505Ghazali.MaqsadAsna.JK000036-ara1:p00516	147	11
97	الرشيد	3	11:78	urn:openiti:0505Ghazali.MaqsadAsna.JK000036-ara1:p00519	147	2
98	الصبور	0		urn:openiti:0505Ghazali.MaqsadAsna.JK000036-ara1:p00522	148	0
