concept	label	area	works	passages	raw_passages	kept_share	filtered	top_works
qutb	the Pole	wilaya	83	544	1499	0.363	yes	ibnarabi.futuhat.arabiyya (157); ibnarabi.futuhat.mansub_ocr (154); openiti.0638IbnCarabi.FutuhatMakkiyya.Shia004687Vols-ara1 (127); openiti.0638IbnCarabi.FutuhatMakkiyya.JK009237-ara1 (125); wilaya.1031CabdRaufMunawi.KawakibDurriyya (33)
ghawth	the Succour	wilaya	52	153	508	0.301	yes	wilaya.0571IbnCasakir.TarikhDimashq (29); critics.0728IbnTaymiyya.MajmucFatawa (12); openiti.0561CabdQadirJilani.Diwan.Kraken22021606121600-ara1 (11); ibnarabi.rasail.mahajja (10); jilani.sayf (10)
awtad	the Pillars	wilaya	65	203	1206	0.168	yes	ibnarabi.futuhat.arabiyya (27); tafsir.0310Tabari.JamicBayan (27); ibnarabi.futuhat.mansub_ocr (25); openiti.0638IbnCarabi.FutuhatMakkiyya.JK009237-ara1 (24); openiti.0638IbnCarabi.FutuhatMakkiyya.Shia004687Vols-ara1 (22)
abdal	the Substitutes	wilaya	159	1289	1398	0.922	yes	wilaya.0571IbnCasakir.TarikhDimashq (119); wilaya.0911Suyuti.HawiLiFatawi (75); ibnarabi.futuhat.arabiyya (69); ibnarabi.futuhat.mansub_ocr (69); modern.1420Albani.SilsilaDacifa (67)
nujaba	the Nobles	wilaya	37	79	134	0.59	yes	wilaya.0911Suyuti.HawiLiFatawi (13); wilaya.0571IbnCasakir.TarikhDimashq (8); ibnarabi.futuhat.mansub_ocr (6); tafsir.1270ShihabDinAlusi.RuhMacani (6); ibnarabi.futuhat.arabiyya (5)
nuqaba	the Chiefs	wilaya	34	67	301	0.223	yes	tafsir.1270ShihabDinAlusi.RuhMacani (9); ibnarabi.futuhat.arabiyya (7); wilaya.0808IbnKhaldun.Tarikh (5); wilaya.0911Suyuti.HawiLiFatawi (5); openiti.0638IbnCarabi.FutuhatMakkiyya.JK009237-ara1 (5)
afrad	the Singular Ones	wilaya	29	122	2110	0.058	yes	openiti.0638IbnCarabi.FutuhatMakkiyya.JK009237-ara1 (26); openiti.0638IbnCarabi.FutuhatMakkiyya.Shia004687Vols-ara1 (22); ibnarabi.futuhat.arabiyya (21); ibnarabi.futuhat.mansub_ocr (12); nur.0834IbnHamzaFanari.MisbahUns (5)
khatm_awliya	the Seal of the Saints	wilaya	49	364	364	1.0	no	nur.0751DawudQaysari.SharhFusus (102); critics.0728IbnTaymiyya.MajmucFatawa (77); ibnarabi.jami_sharh_fusus (56); ibnarabi.futuhat.arabiyya (52); openiti.0638IbnCarabi.FutuhatMakkiyya.Shia004687Vols-ara1 (43)
wilaya	sainthood / friendship with God	wilaya	192	2370	4228	0.561	yes	critics.0728IbnTaymiyya.MajmucFatawa (353); nur.1127IsmacilHaqqiBurusawi.RuhBayan (167); nur.0751DawudQaysari.SharhFusus (144); ibnarabi.futuhat.arabiyya (133); ibnarabi.futuhat.mansub_ocr (131)
rijal_ghayb	the Men of the Unseen	wilaya	17	75	75	1.0	no	critics.0728IbnTaymiyya.MajmucFatawa (24); jilani.0713Shattanawfi.BahjatAsrar (14); ibnarabi.futuhat.mansub_ocr (12); jilani.qalaid (12); ibnarabi.futuhat.arabiyya (10)
nur_muhammadi	the Muhammadan Light	nur	41	97	97	1.0	no	nur.1127IsmacilHaqqiBurusawi.RuhBayan (11); rumi.diwan.gh (10); nur.0923AhmadQastallani.MawahibLaduniyya (9); nur.0669IbnSabcinMursi.AnwarNabi (6); nur.1122MuhammadZurqani.SharhCalaMawahib (6)
haqiqa_muhammadiyya	the Muhammadan Reality	nur	33	143	143	1.0	no	ibnarabi.rasail.mahajja (24); tafsir.1270ShihabDinAlusi.RuhMacani (19); ibnarabi.anqa_mughrib (11); ibnarabi.tajalliyat_ibnsawdakin (10); nur.0751DawudQaysari.SharhFusus (10)
ruh_muhammadi	the Muhammadan Spirit	nur	20	35	35	1.0	no	nur.1127IsmacilHaqqiBurusawi.RuhBayan (8); nur.0751DawudQaysari.SharhFusus (3); nur.0751DawudQaysari.SharhTaiyya (3); ibnarabi.futuhat.arabiyya (2); ibnarabi.rasail.mahajja (2)
insan_kamil	the Perfect Human	nur	53	908	908	1.0	no	openiti.0638IbnCarabi.FutuhatMakkiyya.JK009237-ara1 (224); ibnarabi.futuhat.arabiyya (215); openiti.0638IbnCarabi.FutuhatMakkiyya.Shia004687Vols-ara1 (202); ibnarabi.futuhat.mansub_ocr (140); ibnarabi.rahma (96)
kawn_jami	the comprehensive being	nur	21	52	52	1.0	no	ibnarabi.jami_sharh_fusus (20); nur.0751DawudQaysari.SharhFusus (19); nur.0736CabdRazzaqQashani.SharhFusus (5); ibnarabi.fusus.nizamaldin_textlayer (3); ibnarabi.jami_naqd_nusus (3)
aql_awwal	the First Intellect	nur	79	558	558	1.0	no	nur.0751DawudQaysari.SharhFusus (80); ibnarabi.futuhat.arabiyya (68); ibnarabi.futuhat.mansub_ocr (67); openiti.0638IbnCarabi.FutuhatMakkiyya.Shia004687Vols-ara1 (65); openiti.0638IbnCarabi.FutuhatMakkiyya.JK009237-ara1 (63)
qalam_ala	the Supreme Pen	nur	37	213	213	1.0	no	nur.0834IbnHamzaFanari.MisbahUns (50); nur.0699SacidDinFarghani.MuntahaMadarik (29); ibnarabi.futuhat.mansub_ocr (18); nur.0805CabdKarimJili.InsanKamil (18); ibnarabi.futuhat.arabiyya (17)
haba	the Dust (prime matter)	nur	24	195	343	0.569	yes	ibnarabi.futuhat.arabiyya (64); openiti.0638IbnCarabi.FutuhatMakkiyya.JK009237-ara1 (60); openiti.0638IbnCarabi.FutuhatMakkiyya.Shia004687Vols-ara1 (60); ibnarabi.futuhat.mansub_ocr (48); nur.0834IbnHamzaFanari.MisbahUns (26)
hayula	prime matter (hyle)	nur	66	1130	1130	1.0	no	nur.0375IkhwanSafa.Rasail (391); kalam.0816IbnMuhammadSharifJurjani.SharhMawaqif (355); kalam.0756CadudDinIji.Mawaqif (140); kalam.0792IbnCumarTaftazani.SharhMaqasid (79); nur.0428IbnSina.ShifaTabiciyyat (67)
barzakh	the isthmus	nur	106	1229	1229	1.0	no	openiti.0638IbnCarabi.FutuhatMakkiyya.JK009237-ara1 (217); ibnarabi.futuhat.arabiyya (216); openiti.0638IbnCarabi.FutuhatMakkiyya.Shia004687Vols-ara1 (209); ibnarabi.futuhat.mansub_ocr (188); nur.1127IsmacilHaqqiBurusawi.RuhBayan (84)
ayan_thabita	the fixed entities	asma	34	307	307	1.0	no	nur.0751DawudQaysari.SharhFusus (90); ibnarabi.jami_sharh_fusus (47); openiti.0638IbnCarabi.FutuhatMakkiyya.JK009237-ara1 (33); ibnarabi.futuhat.arabiyya (31); openiti.0638IbnCarabi.FutuhatMakkiyya.Shia004687Vols-ara1 (27)
asma_husna	the Most Beautiful Names	asma	124	951	951	1.0	no	openiti.0638IbnCarabi.FutuhatMakkiyya.JK009237-ara1 (145); ibnarabi.futuhat.arabiyya (141); openiti.0638IbnCarabi.FutuhatMakkiyya.Shia004687Vols-ara1 (139); critics.0728IbnTaymiyya.MajmucFatawa (92); ibnarabi.futuhat.mansub_ocr (59)
ism_azam	the Greatest Name	asma	77	304	304	1.0	no	nur.1127IsmacilHaqqiBurusawi.RuhBayan (43); wilaya.1031CabdRaufMunawi.KawakibDurriyya (24); tafsir.1270ShihabDinAlusi.RuhMacani (21); nur.0751DawudQaysari.SharhFusus (20); asma.0606FakhrDinRazi.LawamicBayyinat (20)
takhalluq	taking on the divine traits	asma	81	737	737	1.0	no	ibnarabi.futuhat.arabiyya (121); openiti.0638IbnCarabi.FutuhatMakkiyya.JK009237-ara1 (113); openiti.0638IbnCarabi.FutuhatMakkiyya.Shia004687Vols-ara1 (109); ibnarabi.futuhat.mansub_ocr (90); asma.0638IbnCarabi.KashfMacna (88)
taalluq_tahaqquq	dependence and realisation	asma	11	14	14	1.0	no	ibnarabi.futuhat.arabiyya (2); openiti.0638IbnCarabi.FutuhatMakkiyya.JK009237-ara1 (2); openiti.0638IbnCarabi.FutuhatMakkiyya.Shia004687Vols-ara1 (2); ibnarabi.anqa_mughrib (1); ibnarabi.futuhat.mansub_ocr (1)
hadra	divine presence (of a name)	asma	62	785	785	1.0	no	openiti.0638IbnCarabi.FutuhatMakkiyya.JK009237-ara1 (117); ibnarabi.futuhat.arabiyya (111); openiti.0638IbnCarabi.FutuhatMakkiyya.Shia004687Vols-ara1 (106); ibnarabi.futuhat.mansub_ocr (83); nur.0751DawudQaysari.SharhFusus (55)
tajalli	self-disclosure	asma	136	3833	3833	1.0	no	openiti.0638IbnCarabi.FutuhatMakkiyya.JK009237-ara1 (731); ibnarabi.futuhat.arabiyya (691); openiti.0638IbnCarabi.FutuhatMakkiyya.Shia004687Vols-ara1 (663); ibnarabi.futuhat.mansub_ocr (610); ibnarabi.tajalliyat_ibnsawdakin (381)
dhikr	remembrance	address	252	9948	10997	0.905	yes	tafsir.0606FakhrDinRazi.MafatihGhayb (987); tafsir.1270ShihabDinAlusi.RuhMacani (931); nur.1127IsmacilHaqqiBurusawi.RuhBayan (883); ibnarabi.futuhat.arabiyya (657); openiti.0638IbnCarabi.FutuhatMakkiyya.JK009237-ara1 (641)
munajat	intimate converse	address	126	1260	1260	1.0	no	ibnarabi.futuhat.arabiyya (134); openiti.0638IbnCarabi.FutuhatMakkiyya.JK009237-ara1 (125); openiti.0638IbnCarabi.FutuhatMakkiyya.Shia004687Vols-ara1 (123); ibnarabi.futuhat.mansub_ocr (116); nur.1127IsmacilHaqqiBurusawi.RuhBayan (88)
fana_baqa	annihilation and subsistence	path	45	452	452	1.0	no	rumi.diwan.gh (223); mathnawi.book1 (30); rumi.diwan.rb (29); rumi.fihi.d (22); mathnawi.book6 (22)
qada_qadar	the decree (qadaʾ and qadar)	creed	253	8668	17877	0.485	yes	critics.0728IbnTaymiyya.MajmucFatawa (829); wilaya.0571IbnCasakir.TarikhDimashq (579); tafsir.0606FakhrDinRazi.MafatihGhayb (563); openiti.0638IbnCarabi.FutuhatMakkiyya.JK009237-ara1 (432); ibnarabi.futuhat.arabiyya (406)
muallaq_mubram	the suspended and the final decree	creed	15	21	21	1.0	no	kalam.1276Bajuri.TuhfatMurid (5); nur.0805CabdKarimJili.InsanKamil (4); nur.1127IsmacilHaqqiBurusawi.RuhBayan (4); tafsir.1270ShihabDinAlusi.RuhMacani (4); nur.0375IkhwanSafa.Rasail (1)
irada	the divine Will	creed	203	6612	9347	0.707	yes	critics.0728IbnTaymiyya.MajmucFatawa (1166); tafsir.1270ShihabDinAlusi.RuhMacani (774); ibnarabi.futuhat.arabiyya (457); openiti.0638IbnCarabi.FutuhatMakkiyya.JK009237-ara1 (454); openiti.0638IbnCarabi.FutuhatMakkiyya.Shia004687Vols-ara1 (443)
qudra	the divine Power	creed	229	7951	11438	0.695	yes	critics.0728IbnTaymiyya.MajmucFatawa (994); tafsir.0606FakhrDinRazi.MafatihGhayb (977); tafsir.1270ShihabDinAlusi.RuhMacani (734); kalam.0816IbnMuhammadSharifJurjani.SharhMawaqif (595); nur.1127IsmacilHaqqiBurusawi.RuhBayan (514)
lawh_mahfuz	the Preserved Tablet	creed	133	1158	1158	1.0	no	tafsir.1270ShihabDinAlusi.RuhMacani (106); tafsir.0606FakhrDinRazi.MafatihGhayb (96); nur.1127IsmacilHaqqiBurusawi.RuhBayan (81); ibnarabi.futuhat.arabiyya (56); openiti.0638IbnCarabi.FutuhatMakkiyya.JK009237-ara1 (55)
umm_kitab	the Mother of the Book	creed	146	955	955	1.0	no	tafsir.0310Tabari.JamicBayan (135); tafsir.0911Suyuti.DurrManthur (67); tafsir.0774IbnKathir.TafsirQuran (45); tafsir.0606FakhrDinRazi.MafatihGhayb (42); critics.0728IbnTaymiyya.MajmucFatawa (40)
laysa_imkan	'nothing possible is more wondrous than what is'	creed	25	59	59	1.0	no	ibnarabi.futuhat.arabiyya (10); openiti.0638IbnCarabi.FutuhatMakkiyya.Shia004687Vols-ara1 (9); ibnarabi.futuhat.mansub_ocr (8); openiti.0638IbnCarabi.FutuhatMakkiyya.JK009237-ara1 (7); tafsir.1270ShihabDinAlusi.RuhMacani (4)
kasb	acquisition (kasb)	creed	52	170	1570	0.108	yes	kalam.1276Bajuri.TuhfatMurid (24); nur.1127IsmacilHaqqiBurusawi.RuhBayan (19); tafsir.1270ShihabDinAlusi.RuhMacani (18); ibnarabi.futuhat.arabiyya (17); fitra.0751IbnQayyimJawziyya.ShifaCalil (15)
sifat_maani	the attributes of meaning	creed	39	114	114	1.0	no	kalam.1276Bajuri.TuhfatMurid (18); kalam.0895AbuCabdAllahSanusi.SharhMuqaddimat (17); ibnarabi.futuhat.arabiyya (11); ibnarabi.futuhat.mansub_ocr (8); openiti.0638IbnCarabi.FutuhatMakkiyya.JK009237-ara1 (8)
fitra	the primordial nature (fitra)	creed	194	2697	2697	1.0	no	fitra.0728IbnTaymiyya.DarTacarud (305); critics.0728IbnTaymiyya.MajmucFatawa (243); fitra.0751IbnQayyimJawziyya.ShifaCalil (220); ibnarabi.tafsir_qashani (165); openiti.0638IbnCarabi.Tafsir.Shia002611Vols-ara1 (165)
qalb	the heart (qalb)	path	221	3371	3371	1.0	no	nur.1127IsmacilHaqqiBurusawi.RuhBayan (289); ghazali.ihya_with_iraqi (251); openiti.0505Ghazali.IhyaCulumDin.JK000001-ara1 (251); openiti.0505Ghazali.IhyaCulumDin.Shamela0009472-ara1.completed (234); critics.0728IbnTaymiyya.MajmucFatawa (158)
miraj	the Ascent (miʿraj and night journey)	sira	187	2564	2564	1.0	no	nur.1127IsmacilHaqqiBurusawi.RuhBayan (207); tafsir.0911Suyuti.DurrManthur (141); wilaya.0571IbnCasakir.TarikhDimashq (135); modern.1420Albani.SilsilaDacifa (111); tafsir.0774IbnKathir.TafsirQuran (106)
sidra	the Lote Tree of the Limit	sira	131	780	877	0.889	yes	nur.1127IsmacilHaqqiBurusawi.RuhBayan (84); tafsir.0310Tabari.JamicBayan (58); tafsir.0911Suyuti.DurrManthur (48); tafsir.0774IbnKathir.TafsirQuran (43); ibnarabi.futuhat.arabiyya (36)
kursi	the Footstool (kursi)	creed	150	1058	2578	0.41	yes	openiti.0638IbnCarabi.FutuhatMakkiyya.JK009237-ara1 (108); ibnarabi.futuhat.arabiyya (105); openiti.0638IbnCarabi.FutuhatMakkiyya.Shia004687Vols-ara1 (102); nur.1127IsmacilHaqqiBurusawi.RuhBayan (75); critics.0728IbnTaymiyya.MajmucFatawa (70)
arsh	the Throne (ʿarsh)	creed	219	3937	9591	0.41	yes	critics.0728IbnTaymiyya.MajmucFatawa (743); openiti.0638IbnCarabi.FutuhatMakkiyya.JK009237-ara1 (319); ibnarabi.futuhat.arabiyya (304); openiti.0638IbnCarabi.FutuhatMakkiyya.Shia004687Vols-ara1 (289); tafsir.0606FakhrDinRazi.MafatihGhayb (281)
sab_samawat	the seven heavens	creed	203	3796	3796	1.0	no	nur.1127IsmacilHaqqiBurusawi.RuhBayan (276); tafsir.0911Suyuti.DurrManthur (270); tafsir.0310Tabari.JamicBayan (261); tafsir.1270ShihabDinAlusi.RuhMacani (260); tafsir.0774IbnKathir.TafsirQuran (243)
malakut	the Malakut (the unseen dominion)	creed	212	3805	3805	1.0	no	nur.1127IsmacilHaqqiBurusawi.RuhBayan (400); openiti.0638IbnCarabi.FutuhatMakkiyya.JK009237-ara1 (271); ibnarabi.futuhat.arabiyya (261); openiti.0638IbnCarabi.FutuhatMakkiyya.Shia004687Vols-ara1 (253); tafsir.1270ShihabDinAlusi.RuhMacani (190)
awwal_makhluq	the first created thing	creed	111	531	531	1.0	no	ibnarabi.futuhat.arabiyya (42); openiti.0638IbnCarabi.FutuhatMakkiyya.JK009237-ara1 (42); openiti.0638IbnCarabi.FutuhatMakkiyya.Shia004687Vols-ara1 (42); nur.1127IsmacilHaqqiBurusawi.RuhBayan (39); ibnarabi.futuhat.mansub_ocr (29)
