work	passages	placed	verses_reached	pct_lemma
tafsir.0310Tabari.JamicBayan	81255	58136	5016	49.4
tafsir.0327IbnAbiHatimRazi.Tafsir	26685	23587	2385	42.3
tafsir.0510IbnMascudBaghawi.Tafsir	20574	17968	4088	45.9
tafsir.0538JarAllahZamakhshari.Kashshaf	27272	23982	3161	19.7
tafsir.0606FakhrDinRazi.MafatihGhayb	43518	39917	4190	30.6
tafsir.0685NasirDinBaydawi.AnwarTanzil	12512	10519	4013	59.9
tafsir.0774IbnKathir.TafsirQuran	32287	32119	4135	36.8
tafsir.0911Suyuti.DurrManthur	68519	61087	3577	25.1
tafsir.0911Suyuti.TafsirJalalayn	18889	12577	3934	32.1
tafsir.1270ShihabDinAlusi.RuhMacani	31338	26078	3230	17.8
tafsir_sufi.0283SahlTustari.Tafsir	2758	1868	882	90.3
tafsir_sufi.0412Sulami.Tafsir	14232	13955	1724	22.1
tafsir_sufi.0465IbnHawazinQushayri.LataifIsharat	440	429	192	44.8
tafsir_ahkam.0338AbuJacfarNahhas.NasikhWaMansukh	2285	2283	256	26.7
tafsir_ahkam.0370IbnCaliJassas.AhkamQuran	1817	1806	304	30.0
tafsir_ahkam.0468IbnAhmadWahidiNaysaburi.AsbabNuzul	2283	2161	440	32.9
tafsir_ahkam.0504IbnMuhammadCimadDinTabari.AhkamQuran	7126	6958	608	22.5
tafsir_ahkam.0543IbnCarabiIshbili.AhkamQuran	21003	20887	1096	13.1
tafsir_ahkam.0671AbuCabdAllahQurtubi.JamicLiAhkamQuran	45434	42161	3845	67.7
ibnarabi.0638IbnCarabi.TarjumanAshwaq	242	0	0	0.0
ibnarabi.anqa_mughrib	903	0	0	0.0
ibnarabi.fusus.nizamaldin_ocr	520	0	0	0.0
ibnarabi.fusus.nizamaldin_textlayer	520	0	0	0.0
ibnarabi.futuhat.arabiyya	2585	0	0	0.0
ibnarabi.futuhat.mansub_ocr	8242	0	0	0.0
ibnarabi.inshadawair_uqla_tadbirat	2153	0	0	0.0
ibnarabi.jami_naqd_nusus	651	0	0	0.0
ibnarabi.jami_sharh_fusus	534	0	0	0.0
ibnarabi.khalwa	44	0	0	0.0
ibnarabi.manzil_fahwaniyya	824	0	0	0.0
ibnarabi.mubashshirat	43	0	0	0.0
ibnarabi.muhadarat_abrar	10486	0	0	0.0
ibnarabi.parsa_sharh_fusus	589	0	0	0.0
ibnarabi.rahma	2422	0	0	0.0
ibnarabi.rasail.abbas	345	0	0	0.0
ibnarabi.rasail.ihya	726	0	0	0.0
ibnarabi.rasail.mahajja	1635	0	0	0.0
ibnarabi.rasail.uthmaniyya	725	0	0	0.0
ibnarabi.tafsir_qashani	893	0	0	0.0
ibnarabi.taj_tarajim	654	0	0	0.0
ibnarabi.tajalliyat_ibnsawdakin	5194	0	0	0.0
ibnarabi.tanazzulat_mawsiliyya	2598	0	0	0.0
nur.0375IkhwanSafa.Rasail	7419	0	0	0.0
nur.0428IbnSina.ShifaIlahiyyat	1178	0	0	0.0
nur.0428IbnSina.ShifaTabiciyyat	5708	0	0	0.0
nur.0430AbuNucaymIsbahani.DalailNubuwwa	3434	0	0	0.0
nur.0505Ghazali.MishkatAnwar	47	0	0	0.0
nur.0505Ghazali.Tahafut	1725	0	0	0.0
nur.0587ShihabDinSuhrawardi.HikmatIshraq	249	0	0	0.0
nur.0632SharafDinIbnFarid.Diwan	1731	0	0	0.0
nur.0669IbnSabcinMursi.AnwarNabi	1882	0	0	0.0
nur.0673AbuMacaliQunawi.MiftahGhayb	613	0	0	0.0
nur.0673AbuMacaliQunawi.RisalatNusus	313	0	0	0.0
nur.0696SharafDinBusiri.Diwan	2783	0	0	0.0
nur.0699SacidDinFarghani.MuntahaMadarik	834	0	0	0.0
nur.0736CabdRazzaqQashani.KashfWujuhGhurr	279	0	0	0.0
nur.0736CabdRazzaqQashani.SharhFusus	350	0	0	0.0
nur.0751DawudQaysari.SharhFusus	1418	0	0	0.0
nur.0751DawudQaysari.SharhTaiyya	223	0	0	0.0
nur.0805CabdKarimJili.InsanKamil	296	0	0	0.0
nur.0805CabdKarimJili.KamalatIlahiyya	1500	0	0	0.0
nur.0834IbnHamzaFanari.MisbahUns	3596	0	0	0.0
nur.0911Suyuti.KhasaisKubra	4415	0	0	0.0
nur.0923AhmadQastallani.MawahibLaduniyya	13248	0	0	0.0
nur.1122MuhammadZurqani.SharhCalaMawahib	17587	0	0	0.0
nur.1127IsmacilHaqqiBurusawi.RuhBayan	81611	0	0	0.0
wilaya.0281IbnAbiDunya.Awliya	188	0	0	0.0
wilaya.0320HakimTirmidhi.KhatmAwliya	659	0	0	0.0
wilaya.0320HakimTirmidhi.MasalaFiWasfMufarridin	135	0	0	0.0
wilaya.0320HakimTirmidhi.NawadirUsul	4545	0	0	0.0
wilaya.0418HibatAllahLalikai.KaramatAwliya	1028	0	0	0.0
wilaya.0463KhatibBaghdadi.TarikhBaghdad	55092	0	0	0.0
wilaya.0571IbnCasakir.TarikhDimashq	200306	0	0	0.0
wilaya.0597IbnJawzi.Mawducat	4042	0	0	0.0
wilaya.0597IbnJawzi.TalbisIblis	1736	0	0	0.0
wilaya.0628IbnZayyat.Tashawwuf	2019	0	0	0.0
wilaya.0709IbnCataAllahSikandari.LataifMinan	501	0	0	0.0
wilaya.0728IbnTaymiyya.FurqanBaynaAwliya	1155	0	0	0.0
wilaya.0751IbnQayyimJawziyya.ManarMunif	575	0	0	0.0
wilaya.0768Yafici.RawdRayahin	1157	0	0	0.0
wilaya.0804IbnMulaqqin.TabaqatAwliya	3717	0	0	0.0
wilaya.0808IbnKhaldun.ShifaSail	805	0	0	0.0
wilaya.0808IbnKhaldun.Tarikh	18962	0	0	0.0
wilaya.0902Sakhawi.MaqasidHasana	4984	0	0	0.0
wilaya.0911Suyuti.HawiLiFatawi	652	0	0	0.0
wilaya.0911Suyuti.LaaliMasnuca	5062	0	0	0.0
wilaya.0973CabdWahhabShacrani.KibritAhmar	894	0	0	0.0
wilaya.0973CabdWahhabShacrani.LawaqihAnwar	3066	0	0	0.0
wilaya.1014MullaCaliQari.AsrarMarfuca	3615	0	0	0.0
wilaya.1031CabdRaufMunawi.KawakibDurriyya	23433	0	0	0.0
wilaya.1182IbnIsmacilSancani.InsafFiHaqiqatAwliya	292	0	0	0.0
wilaya.1345IbnJacfarKattani.NazmMutanathir	1029	0	0	0.0
asma.0311IbnSariZajjaj.TafsirAsmaAllah	272	0	0	0.0
asma.0337IbnIshaqZajjaji.IshtiqaqAsmaAllah	2181	0	0	0.0
asma.0388AbuSulaymanKhattabi.ShanDuca	849	0	0	0.0
asma.0458Bayhaqi.AsmaWaSifat	5039	0	0	0.0
asma.0505Ghazali.MaqsadAsna	624	0	0	0.0
asma.0561CabdQadirJilani.Ghunya	5952	0	0	0.0
asma.0561CabdQadirJilani.JalaKhatir	752	0	0	0.0
asma.0606FakhrDinRazi.LawamicBayyinat	296	0	0	0.0
asma.0638IbnCarabi.KashfMacna	194	0	0	0.0
asma.0671AbuCabdAllahQurtubi.Asna	2706	0	0	0.0
asma.0676Nawawi.Adhkar	2419	0	0	0.0
asma.0709IbnCataAllahSikandari.HikamCataiyya	12	0	0	0.0
asma.0709IbnCataAllahSikandari.QasdMujarrad	395	0	0	0.0
asma.0751IbnQayyimJawziyya.WabilSayyib	608	0	0	0.0
asma.0852IbnHajarCasqalani.TakhrijAhadithAsmaHusna	234	0	0	0.0
asma.0870Jazuli.DalailKhayrat	469	0	0	0.0
jilani.diwan.gh	641	0	0	0.0
jilani.diwan	51	0	0	0.0
jilani.fathrabbani	377	0	0	0.0
jilani.futuhghayb.azqul	189	0	0	0.0
jilani.futuhghayb.darwish	295	0	0	0.0
jilani.futuhghayb.ilmiyya	124	0	0	0.0
jilani.qalaid	222	0	0	0.0
jilani.sayf	108	0	0	0.0
jilani.sirrasrar	61	0	0	0.0
sufi_manuals.0380AbuBakrKalabadhi.TacarrufLiMadhhabAhlTasawwuf	1118	0	0	0.0
sufi_manuals.0386AbuTalibMakki.QutQulub	388	0	0	0.0
sufi_manuals.0412Sulami.TabaqatSufiyya	3048	0	0	0.0
sufi_manuals.0430AbuNucaymIsbahani.HilyatAwliya	16352	0	0	0.0
sufi_manuals.0465IbnHawazinQushayri.RisalaQushayriyya	381	0	0	0.0
afterlife.0281IbnAbiDunya.Ahwal	463	0	0	0.0
afterlife.0281IbnAbiDunya.ManCashaBacdaMawt	385	0	0	0.0
afterlife.0281IbnAbiDunya.Qubur	1304	0	0	0.0
afterlife.0458Bayhaqi.BacthWaNushur	2338	0	0	0.0
afterlife.0505Ghazali.DurraFakhira	132	0	0	0.0
afterlife.0671AbuCabdAllahQurtubi.TadhkiraFiAhwalMawta	9506	0	0	0.0
afterlife.0751IbnQayyimJawziyya.RuhFiKalam	1620	0	0	0.0
afterlife.0774IbnKathir.NihayaFiFitan	1222	0	0	0.0
afterlife.0795IbnRajabHanbali.AhwalQubur	1298	0	0	0.0
afterlife.0911Suyuti.BudurSafira	5219	0	0	0.0
afterlife.0911Suyuti.SharhSudur	1697	0	0	0.0
grading.0405HakimNaysaburi.Mustadrak	40785	0	0	0.0
grading.0748Dhahabi.TalkhisMawducatIbnJawzi	2557	0	0	0.0
grading.0762IbnYusufZaylaci.NasbRaya	4949	0	0	0.0
grading.0807NurDinHaythami.MajmacZawaid	18005	0	0	0.0
grading.0840ShihabDinBusiri.IthafKhayra	42249	0	0	0.0
grading.0840ShihabDinBusiri.MisbahZujaja	13104	0	0	0.0
grading.0852IbnHajarCasqalani.TalkhisHabir	3940	0	0	0.0
grading.0902Sakhawi.MaqasidHasana	4984	0	0	0.0
modern.1377AhmadMuhammadShakir.BacithHathith	1160	0	0	0.0
modern.1420Albani.SilsilaDacifa	11932	0	0	0.0
modern.1420Albani.SilsilaSahiha	7585	0	0	0.0
modern.1420MuhammadNasirDinAlbani.DacifAdabMufrad	773	0	0	0.0
modern.1420MuhammadNasirDinAlbani.SahihAdabMufrad	2261	0	0	0.0
modern.1420MuhammadNasirDinAlbani.SahihWaDacifSunanTirmidhi	19755	0	0	0.0
