key	title	death_ah	source_type	witnesses	corroborated_of_checked	references	page_note
aflaki.manaqib.yazici_ocr	Aflaki, Manaqib al-'arifin, ed. Tahsin Yazici (Tehran: Dunya-yi Kitab, 2nd pr. 1362 Sh/1983)	761	ocr_uncorrected	1	4/1236		
alawi.0406SharifRadi.NahjBalagha	al-Sharīf al-Raḍī (compiler): NahjBalagha	406	typed	0			
asma.0311IbnSariZajjaj.TafsirAsmaAllah	al-Zajjaj: TafsirAsmaAllah	311	typed	0			
asma.0337IbnIshaqZajjaji.IshtiqaqAsmaAllah	al-Zajjaji: IshtiqaqAsmaAllah	337	typed	0			
asma.0388AbuSulaymanKhattabi.ShanDuca	al-Khattabi: ShanDuca	388	typed	0			
asma.0458Bayhaqi.AsmaWaSifat	al-Bayhaqi: AsmaWaSifat	458	typed	0			
asma.0505Ghazali.MaqsadAsna	al-Ghazali: MaqsadAsna	505	typed	0			
asma.0561CabdQadirJilani.Ghunya	Abd al-Qadir al-Jilani: Ghunya	561	typed	0			
asma.0561CabdQadirJilani.JalaKhatir	Abd al-Qadir al-Jilani: JalaKhatir	561	ocr_uncorrected	0	0/492		
asma.0606FakhrDinRazi.LawamicBayyinat	Fakhr al-Din al-Razi: LawamicBayyinat	606	ocr_uncorrected	0	0/281		
asma.0638IbnCarabi.KashfMacna	Ibn Arabi: Kashf al-mana an sirr asma Allah al-husna	638	ocr_uncorrected	0	0/168	beneito2024_secret_names;kazi2018_unveiling_names	
asma.0671AbuCabdAllahQurtubi.Asna	al-Qurtubi: Asna	671	ocr_uncorrected	0	0/1520		
asma.0676Nawawi.Adhkar	al-Nawawi: Adhkar	676	typed	0			
asma.0709IbnCataAllahSikandari.HikamCataiyya	Ibn Ata Allah al-Iskandari: HikamCataiyya	709	typed	0			
asma.0709IbnCataAllahSikandari.QasdMujarrad	Ibn Ata Allah al-Iskandari: QasdMujarrad	709	ocr_uncorrected	0	0/286		
asma.0751IbnQayyimJawziyya.WabilSayyib	Ibn Qayyim al-Jawziyya: WabilSayyib	751	typed	0			
asma.0852IbnHajarCasqalani.TakhrijAhadithAsmaHusna	Ibn Hajar al-Asqalani: TakhrijAhadithAsmaHusna	852	typed	0			
asma.0870Jazuli.DalailKhayrat	al-Jazuli: DalailKhayrat	870	ocr_uncorrected	0	0/349		
athar.0182AbuYusufYacqub.Kharaj	Abū Yūsuf: Kharaj	182	typed	0			
athar.0211CabdRazzaqSancani.Musannaf	ʿAbd al-Razzāq al-Ṣanʿānī: Musannaf	211	typed	0			
athar.0224QasimIbnSallam.Amwal	Abū ʿUbayd: Amwal	224	typed	0			
athar.0235IbnAbiShayba.Musannaf	Ibn Abī Shayba: Musannaf	235	typed	0			
athar.0458Bayhaqi.SunanKubra	al-Bayhaqī: SunanKubra	458	typed	0			
athar.0463IbnCabdBarr.IstidhkarJamic	Ibn ʿAbd al-Barr: IstidhkarJamic	463	typed	0			
attar.asrarnama.a	'Attar, Asrar-nama		ganjoor	0			
attar.bayanalirshad.bi	Bayan al-irshad (attributed to 'Attar)		ganjoor	0			
attar.bisarnama.bs	Bi-sar-nama (attributed to 'Attar)		ganjoor	0			
attar.bulbulnama.bb	Bulbul-nama (attributed to 'Attar)		ganjoor	0			
attar.diwan.d	'Attar, Divan		ganjoor	0			
attar.futuwwatnama.f	Futuwwat-nama (attributed to 'Attar)		ganjoor	0			
attar.hilajnama.hj	Hilaj-nama (attributed to 'Attar)		ganjoor	0			
attar.ilahinama.i	'Attar, Ilahi-nama		ganjoor	0			
attar.jawharaldhat.jz	Jawhar al-dhat (attributed to 'Attar)		ganjoor	0			
attar.khusrawnama.x	'Attar, Khusraw-nama		ganjoor	0			
attar.mantiq.m	'Attar, Mantiq al-tayr		ganjoor	0			
attar.mazhar.mz	Mazhar (attributed to 'Attar)		ganjoor	0			
attar.mazharalajaib.ma	Mazhar al-'aja'ib (attributed to 'Attar)		ganjoor	0			
attar.mukhtarnama.k	'Attar, Mukhtar-nama		ganjoor	0			
attar.musibatnama.u	'Attar, Musibat-nama		ganjoor	0			
attar.nuzhatalahbab.na	Nuzhat al-ahbab (attributed to 'Attar)		ganjoor	0			
attar.pandnama.p	Pand-nama (attributed to 'Attar)		ganjoor	0			
attar.siyfasl.sf	Si fasl (attributed to 'Attar)		ganjoor	0			
attar.tadhkira.t	'Attar, Tadhkirat al-awliya		ganjoor	0			
attar.ushturnama.us	Ushtur-nama (attributed to 'Attar)		ganjoor	0			
attar.wuslatnama.ws	Wuslat-nama (attributed to 'Attar)		ganjoor	0			
awhad.rubaiyat.rb	Awhad al-Din Kirmani, ruba'is		ganjoor	0			
bahawalad.maarif.j	Baha' Walad, Ma'arif		ganjoor	0			
consensus.0319IbnMundhirNaysaburi.AwsatFiSunan	Ibn al-Mundhir: AwsatFiSunan	319	typed	0			
consensus.0319IbnMundhirNaysaburi.Ijmac	Ibn al-Mundhir: Ijmac	319	typed	0			
consensus.0319IbnMundhirNaysaburi.IshrafCalaMadhahib	Ibn al-Mundhir: IshrafCalaMadhahib	319	typed	0			
consensus.0456IbnHazm.MuhallaBiAthar	Ibn Ḥazm: MuhallaBiAthar	456	typed	0			
consensus.0595IbnRushdHafid.BidayatMujtahid	Ibn Rushd: BidayatMujtahid	595	typed	0			
critics.0728IbnTaymiyya.MajmucFatawa	Ibn Taymiyya: MajmucFatawa	728	typed	0			
ghazali.arbain	Kitab al-Arba'in fi usul al-din	505	shamela	0			
ghazali.ihya_with_iraqi	Ihya' 'ulum al-din, with al-'Iraqi's takhrij (al-Mughni 'an haml al-asfar)	505	shamela	0			
ghazali.kimiya.k	al-Ghazali, Kimiya-yi sa'adat	505	ganjoor	0			
ghazali.mukashafa	Mukashafat al-qulub	505	shamela	0			
hadith.0241IbnHanbal.Musnad	Aḥmad ibn Ḥanbal: Musnad	241	typed	0			
hadith.0255CabdAllahDarimi.Sunan	al-Dārimī: Sunan	255	typed	0			
hadith.0256Bukhari.Sahih	al-Bukhārī: Sahih	256	typed	0			
hadith.0261Muslim.Sahih	Muslim: Sahih	261	typed	0			
hadith.0273IbnMaja.Sunan	Ibn Māja: Sunan	273	typed	0			
hadith.0275AbuDawudSijistani.Sunan	Abū Dāwūd: Sunan	275	typed	0			
hadith.0279Tirmidhi.Sunan	al-Tirmidhī: Sunan	279	typed	0			
hadith.0303Nasai.SunanKubra	al-Nasāʾī: SunanKubra	303	typed	0			
hadith.0303Nasai.SunanSughra	al-Nasāʾī: SunanSughra	303	typed	0			
hadith.0311IbnKhuzaymaNaysaburi.Sahih	Ibn Khuzayma: Sahih	311	typed	0			
hadith.0360Tabarani.MucjamKabir	al-Ṭabarānī: MucjamKabir	360	typed	0			
hadith.0385Daraqutni.Sunan	al-Dāraquṭnī: Sunan	385	typed	0			
hadith.0405HakimNaysaburi.Mustadrak	al-Ḥākim: Mustadrak	405	typed	0			
hadith.0510IbnMascudBaghawi.SharhSunna	al-Baghawī: SharhSunna	510	typed	0			
hadith.0676Nawawi.ArbacunaNawawiyya	al-Nawawī: ArbacunaNawawiyya	676	typed	0			
hadith.0676Nawawi.RiyadSalihin	al-Nawawī: RiyadSalihin	676	typed	0			
hanafi.0189MuhammadShaybani.Asl	al-Shaybani: Asl	189	typed	0			
hanafi.0189MuhammadShaybani.HujjaCalaAhlMadina	al-Shaybani: HujjaCalaAhlMadina	189	typed	0			
hanafi.0189MuhammadShaybani.JamicSaghir	al-Shaybani: JamicSaghir	189	typed	0			
hanafi.0321Tahawi.Mukhtasar	al-Tahawi: Mukhtasar	321	ocr_uncorrected	1	1132/3262		
hanafi.0370IbnCaliJassas.FusulFiUsul	al-Jassas: FusulFiUsul	370	typed	0			
hanafi.0428AbuHusaynQuduri.Mukhtasar	al-Quduri: Mukhtasar	428	typed	0			
hanafi.0430AbuZaydDabusi.Taqwim	al-Dabusi: Taqwim	430	typed	0			
hanafi.0482IbnMuhammadBazdawi.KanzWusul	al-Bazdawi: KanzWusul	482	typed	0			
hanafi.0483IbnAhmadSarakhsi.Mabsut	al-Sarakhsi: Mabsut	483	typed	0			
hanafi.0483IbnAhmadSarakhsi.Usul	al-Sarakhsi: Usul	483	typed	0			
hanafi.0587IbnMascudCalaDinKasani.BadaicSanaic	al-Kasani: BadaicSanaic	587	typed	0			
hanafi.0593BurhanDinFarghaniMarghinani.HidayaFiSharhBidaya	al-Marghinani: HidayaFiSharhBidaya	593	typed	0			
hanafi.0970IbnIbrahimIbnNujaymMisri.AshbahWaNazair	Ibn Nujaym: AshbahWaNazair	970	typed	0			
hanafi.1252IbnCabidinDimashqi.RaddMukhtar	Ibn 'Abidin: RaddMukhtar	1252	typed	0			
hanbali.0241IbnHanbal.MasailRiwayatCabdAllah	Ahmad ibn Hanbal: MasailRiwayatCabdAllah	241	typed	0			
hanbali.0241IbnHanbal.MasailRiwayatIbnHani	Ahmad ibn Hanbal: MasailRiwayatIbnHani	241	typed	0			
hanbali.0241IbnHanbal.MasailRiwayatSalih	Ahmad ibn Hanbal: MasailRiwayatSalih	241	typed	0			
hanbali.0334IbnHusaynKhiraqi.MukhtasarMinMasailIbnHanbal	al-Khiraqi: MukhtasarMinMasailIbnHanbal	334	typed	0			
hanbali.0458AbuYaclaIbnFarra.CuddaFiUsulFiqh	Abu Ya'la: CuddaFiUsulFiqh	458	typed	0			
hanbali.0458AbuYaclaIbnFarra.MasailFiqhiyya	Abu Ya'la: MasailFiqhiyya	458	typed	0			
hanbali.0513AbuWafaIbnCaqil.WadihFiUsulFiqh	Ibn 'Aqil: WadihFiUsulFiqh	513	typed	0			
hanbali.0620IbnQudamaMaqdisi.Mughni	Ibn Qudama: Mughni	620	typed	0			
hanbali.0620IbnQudamaMaqdisi.MuqnicFiFiqh	Ibn Qudama: MuqnicFiFiqh	620	typed	0			
hanbali.0620IbnQudamaMaqdisi.RawdatNazir	Ibn Qudama: RawdatNazir	620	typed	0			
hanbali.0716NajmDinTufi.SharhMukhtasarRawda	al-Tufi: SharhMukhtasarRawda	716	typed	0			
hanbali.0728IbnTaymiyya.FatawaKubra	Ibn Taymiyya: FatawaKubra	728	typed	0			
hanbali.0751IbnQayyimJawziyya.AclamMuwaqqicin	Ibn Qayyim al-Jawziyya: AclamMuwaqqicin	751	typed	0			
hanbali.0885CalaDinMardawi.Insaf	al-Mardawi: Insaf	885	typed	0			
hanbali.0972IbnAhmadIbnNajjarHanbali.SharhKawkabMunir	Ibn al-Najjar: SharhKawkabMunir	972	typed	0			
hanbali.1051IbnYunusBuhutiHanbali.KashshafQinac	al-Buhuti: KashshafQinac	1051	typed	0			
history.0279Baladhuri.AnsabAshraf	al-Balādhurī: AnsabAshraf	279	typed	0			
history.0279Baladhuri.FutuhBuldan	al-Balādhurī: FutuhBuldan	279	typed	0			
history.0310Tabari.Tarikh	al-Ṭabarī: Tarikh	310	typed	0			
history.0911Suyuti.TarikhKhulafa	al-Suyūṭī: TarikhKhulafa	911	typed	0			
ibnarabi.0638IbnCarabi.TarjumanAshwaq	Ibn Arabi: Tarjuman al-ashwaq, with his commentary Dhakhair al-alaq	638	ocr_uncorrected	0	0/227		
ibnarabi.anqa_mughrib	'Anqa' mughrib, ed. Bahnasawi Ahmad al-Sayyid al-Sharif	638	typed	0			
ibnarabi.fusus.nizamaldin_ocr	Fusus al-hikam, ed. Sayyid Nizam al-Din Ahmad (Cairo 2015, critical)	638	ocr_uncorrected	2	10/499		
ibnarabi.fusus.nizamaldin_textlayer	Fusus al-hikam, ed. Sayyid Nizam al-Din Ahmad (Cairo 2015, critical)	638	pdf_textlayer_cleaned	0			
ibnarabi.futuhat.arabiyya	al-Futuhat al-Makkiyya (Dar al-Kutub al-'Arabiyya al-Kubra)	638	shamela	0		winkel_openings;chodkiewicz1993_seal	
ibnarabi.futuhat.mansub_ocr	al-Futuhat al-Makkiyya, ed. Sultan al-Mansub (Yemen 2010, Konya autograph)	638	ocr_uncorrected	2	359/7976	winkel_openings	
ibnarabi.inshadawair_uqla_tadbirat	Insha' al-dawa'ir; 'Uqlat al-mustawfiz; al-Tadbirat al-ilahiyya	638	typed	0			
ibnarabi.jami_naqd_nusus	Jami, Naqd al-nusus fi sharh Naqsh al-fusus	638	shamela	0			
ibnarabi.jami_sharh_fusus	Jami, Sharh Fusus al-hikam (contains the Fusus text)	638	shamela	0			
ibnarabi.khalwa	Kitab al-Khalwa, ed. Khalid M. 'Abduh	638	shamela	0			
ibnarabi.manzil_fahwaniyya	Manzil al-manazil al-fahwaniyya	638	typed	0			
ibnarabi.mubashshirat	Kitab al-Mubashshirat, ed. Khalid M. 'Abduh	638	shamela	0			
ibnarabi.muhadarat_abrar	Muhadarat al-abrar wa-musamarat al-akhyar (2 vols)	638	typed	0			
ibnarabi.parsa_sharh_fusus	Khwaja Muhammad Parsa, Sharh Fusus al-hikam (ed. Jalil Misgarnizhad, Tehran 1987)	638	shamela	0			
ibnarabi.rahma	Rahma min al-Rahman (modern compilation of Ibn 'Arabi's Qur'an passages, Mahmud Ghurab)	638	shamela	0			
ibnarabi.rasail.abbas	Rasa'il Ibn 'Arabi: Sharh mubtada' al-tufan etc., ed. Qasim M. 'Abbas and Husayn M. 'Ajil	638	shamela	0			
ibnarabi.rasail.ihya	Rasa'il Ibn al-'Arabi (Dar Ihya' al-Turath)	638	shamela	0			
ibnarabi.rasail.mahajja	Majmu'at rasa'il Ibn 'Arabi (Dar al-Mahajja al-Bayda')	638	shamela	0			
ibnarabi.rasail.uthmaniyya	Rasa'il Ibn al-'Arabi (Hyderabad, Da'irat al-Ma'arif al-'Uthmaniyya)	638	shamela	0			
ibnarabi.tafsir_qashani	'Tafsir Ibn 'Arabi' (= al-Qashani, Ta'wilat)	638	shamela	0			
ibnarabi.taj_tarajim	Taj al-tarajim	638	typed	0			
ibnarabi.tajalliyat_ibnsawdakin	Kitab al-Tajalliyat al-ilahiyya, with Ibn Sawdakin's notes	638	typed	0			
ibnarabi.tanazzulat_mawsiliyya	al-Tanazzulat al-Mawsiliyya	638	typed	0			
iraqi.diwan.d	'Iraqi, Divan		ganjoor	0			
iraqi.istilahat.i	'Iraqi, Risala-yi istilahat		ganjoor	0			
iraqi.lamaat.l	'Iraqi, Lama'at		ganjoor	0			
iraqi.ushshaqnama.u	'Iraqi, 'Ushshaq-nama		ganjoor	0			
jami.arbain.a	Jami, Risala-yi arba'in		ganjoor	0			
jami.baharistan.b	Jami, Baharistan		ganjoor	0			
jami.diwan.d	Jami, Divan		ganjoor	0			
jami.haftawrang.h	Jami, Haft awrang		ganjoor	0			
jilani.diwan	Diwan Ghawth al-A'zam	561	shamela	0			
jilani.diwan.gh	Divan attributed to 'Abd al-Qadir al-Jilani: ghazals	561	ganjoor	0			
jilani.fathrabbani	al-Fath al-rabbani wa-l-fayd al-rahmani	561	shamela	0			
jilani.futuhghayb.azqul	Futuh al-ghayb, ed. 'Azqul	561	shamela	0			
jilani.futuhghayb.darwish	Futuh al-ghayb (= Adab al-suluk), ed. al-Darwish	561	shamela	0			
jilani.futuhghayb.ilmiyya	Futuh al-ghayb, Dar al-Kutub al-'Ilmiyya	561	shamela	0			
jilani.qalaid	Qala'id al-jawahir (al-Tadifi, hagiography of al-Jilani)	561	shamela	0			
jilani.sayf	al-Sayf al-rabbani (defence of al-Jilani, later author)	561	shamela	0			
jilani.sirrasrar	Sirr al-asrar	561	shamela	0			
judging.0450AbuHasanMawardi.AhkamSultaniyya	al-Māwardī: AhkamSultaniyya	450	typed	0			
judging.0458AbuYaclaIbnFarra.AhkamSultaniyya	Abū Yaʿlā: AhkamSultaniyya	458	typed	0			
judging.0751IbnQayyimJawziyya.TuruqHukmiyya	Ibn Qayyim: TuruqHukmiyya	751	typed	0			
judging.0799IbnFarhun.TabsiratHukkam	Ibn Farḥūn: TabsiratHukkam	799	typed	0			
kalam.0324Ashcari.Ibana	al-Ashʿarī: Ibana	324	typed	0			
kalam.0324Ashcari.MaqalatIslamiyyin	al-Ashʿarī: MaqalatIslamiyyin	324	typed	0			
kalam.0333AbuMansurMaturidi.Tawhid	al-Māturīdī: Tawhid	333	typed	0			
kalam.0792IbnCumarTaftazani.SharhMaqasid	al-Taftāzānī: SharhMaqasid	792	typed	0			
lugha.0502RaghibIsbahani.Mufradat	al-Rāghib: Mufradat	502	typed	0			
lugha.0606IbnAthirMajdDin.NihayaFiGharib	Ibn al-Athīr: NihayaFiGharib	606	typed	0			
lugha.0711IbnManzurIfriqi.LisanCarab	Ibn Manẓūr: LisanCarab	711	typed	0			
maliki.0179MalikIbnAnas.Muwatta	Malik: Muwatta	179	typed	0			
maliki.0240SahnunIbnSacid.MudawwanaKubra	Sahnun: MudawwanaKubra	240	typed	0			
maliki.0386IbnAbiZaydQayrawani.NawadirWaZiyadat	Ibn Abi Zayd: NawadirWaZiyadat	386	typed	0			
maliki.0386IbnAbiZaydQayrawani.Risala	Ibn Abi Zayd: Risala	386	typed	0			
maliki.0463IbnCabdBarr.KafiFiFiqh	Ibn 'Abd al-Barr: KafiFiFiqh	463	typed	0			
maliki.0474IbnKhalafBaji.IsharaFiUsulFiqh	al-Baji: IsharaFiUsulFiqh	474	typed	0			
maliki.0474IbnKhalafBaji.MuntaqaSharhMuwatta	al-Baji: MuntaqaSharhMuwatta	474	typed	0			
maliki.0520IbnRushdJadd.Muqaddimat	Ibn Rushd al-Jadd: Muqaddimat	520	typed	0			
maliki.0684ShihabDinQarafi.Dhakhira	al-Qarafi: Dhakhira	684	typed	0			
maliki.0684ShihabDinQarafi.Furuq	al-Qarafi: Furuq	684	typed	0			
maliki.0767KhalilIbnIshaq.MukhtasarKhalil	Khalil: MukhtasarKhalil	767	typed	0			
maliki.0790IbnMusaGharnatiShatibi.Muwafaqat	al-Shatibi: Muwafaqat	790	typed	0			
maliki.0954HattabRucayniMaghribi.MawahibJalil	al-Hattab: MawahibJalil	954	typed	0			
maliki.1230IbnAhmadDasuqi.HashiyatCalaSharhKabir	al-Dasuqi: HashiyatCalaSharhKabir	1230	typed	0			
maybudi.kashf.t	Maybudi, Kashf al-asrar wa 'uddat al-abrar		ganjoor	0			
nur.0375IkhwanSafa.Rasail	Ikhwan al-Safa: Rasail	375	typed	0			
nur.0428IbnSina.ShifaIlahiyyat	Ibn Sina: ShifaIlahiyyat	428	typed	0			
nur.0428IbnSina.ShifaTabiciyyat	Ibn Sina: ShifaTabiciyyat	428	typed	0			
nur.0430AbuNucaymIsbahani.DalailNubuwwa	Abu Nuaym al-Isbahani: DalailNubuwwa	430	typed	0			
nur.0505Ghazali.MishkatAnwar	al-Ghazali: MishkatAnwar	505	typed	0			
nur.0505Ghazali.Tahafut	al-Ghazali: Tahafut	505	typed	0			
nur.0587ShihabDinSuhrawardi.HikmatIshraq	Shihab al-Din al-Suhrawardi: Hikmat al-ishraq	587	ocr_uncorrected	1	208/242		
nur.0632SharafDinIbnFarid.Diwan	Ibn al-Farid: Diwan	632	typed	0			
nur.0669IbnSabcinMursi.AnwarNabi	Ibn Sabin: AnwarNabi	669	typed	0			
nur.0673AbuMacaliQunawi.MiftahGhayb	Sadr al-Din al-Qunawi: MiftahGhayb	673	typed	0			
nur.0673AbuMacaliQunawi.RisalatNusus	Sadr al-Din al-Qunawi: RisalatNusus	673	ocr_uncorrected	1	78/153		
nur.0696SharafDinBusiri.Diwan	al-Busiri: Diwan	696	typed	0			
nur.0699SacidDinFarghani.MuntahaMadarik	Said al-Din al-Farghani: Muntaha al-madarik fi sharh Taiyyat Ibn al-Farid	699	ocr_uncorrected	2	40/828		
nur.0736CabdRazzaqQashani.KashfWujuhGhurr	Abd al-Razzaq al-Qashani: Kashf al-wujuh al-ghurr li-maani Nazm al-durr	736	ocr_uncorrected	1	1/273		
nur.0736CabdRazzaqQashani.SharhFusus	Abd al-Razzaq al-Qashani: Sharh Fusus al-hikam	736	ocr_uncorrected	2	345/349		
nur.0751DawudQaysari.SharhFusus	Dawud al-Qaysari: Sharh Fusus al-hikam (Matla khusus al-kilam)	751	ocr_uncorrected	0	0/1343	ali2020_horizons	
nur.0751DawudQaysari.SharhTaiyya	Dawud al-Qaysari: Sharh Taiyyat Ibn al-Farid	751	ocr_uncorrected	1	31/220		
nur.0805CabdKarimJili.InsanKamil	Abd al-Karim al-Jili: al-Insan al-kamil fi marifat al-awakhir wa-l-awail	805	ocr_uncorrected	2	213/281	morrissey2020_perfect_human	
nur.0805CabdKarimJili.KamalatIlahiyya	Abd al-Karim al-Jili: KamalatIlahiyya	805	ocr_uncorrected	1	459/627	morrissey2020_perfect_human	
nur.0834IbnHamzaFanari.MisbahUns	Shams al-Din al-Fanari: MisbahUns	834	typed	0			
nur.0911Suyuti.KhasaisKubra	al-Suyuti: KhasaisKubra	911	typed	0			
nur.0923AhmadQastallani.MawahibLaduniyya	al-Qastallani: MawahibLaduniyya	923	typed	0			
nur.1122MuhammadZurqani.SharhCalaMawahib	al-Zurqani: SharhCalaMawahib	1122	typed	0			
nur.1127IsmacilHaqqiBurusawi.RuhBayan	Ismail Haqqi Bursevi: RuhBayan	1127	typed	0			
quran.0001Quran.Mushaf	Tanzil Project: Mushaf	1	typed	0			
rijal.0676Nawawi.MinhajFiSharhMuslim	al-Nawawī: MinhajFiSharhMuslim	676	typed	0			
rijal.0742Mizzi.TahdhibKamal	al-Mizzī: TahdhibKamal	742	typed	0			
rijal.0748Dhahabi.MizanIctidal	al-Dhahabī: MizanIctidal	748	typed	0			
rijal.0852IbnHajarCasqalani.FathBari	Ibn Ḥajar: FathBari	852	typed	0			
rijal.0852IbnHajarCasqalani.TaqribTahdhib	Ibn Ḥajar: TaqribTahdhib	852	typed	0			
rumi.diwan.gh	Divan-i Shams: ghazals		ganjoor	0			
rumi.diwan.ms	Divan-i Shams: mustadrakat		ganjoor	0			
rumi.diwan.rb	Divan-i Shams: quatrains		ganjoor	0			
rumi.diwan.tj	Divan-i Shams: tarji'at		ganjoor	0			
rumi.fihi.d	Fihi ma fihi		ganjoor	0			
rumi.majalis.m	Majalis-i sab'a		ganjoor	0			
sahaba.0230IbnSacd.TabaqatKubra	Ibn Saʿd: TabaqatKubra	230	typed	0			
sahaba.0463IbnCabdBarr.IsticabFiMacrifatAshab	Ibn ʿAbd al-Barr: IsticabFiMacrifatAshab	463	typed	0			
sahaba.0630IbnAthirCizzDin.UsdGhaba	Ibn al-Athīr: UsdGhaba	630	typed	0			
sahaba.0748Dhahabi.SiyarAclamNubala	al-Dhahabī: SiyarAclamNubala	748	typed	0			
sahaba.0852IbnHajarCasqalani.IsabaFiTamyiz	Ibn Ḥajar: IsabaFiTamyiz	852	typed	0			
sanai.diwan.d	Sana'i, Divan		ganjoor	0			
sanai.hadiqa.h	Sana'i, Hadiqat al-haqiqa		ganjoor	0			
sanai.tariq.t	Tariq al-tahqiq (attributed to Sana'i)		ganjoor	0			
shabistari.gulshan.g	Shabistari, Gulshan-i raz		ganjoor	0			
shabistari.haqqalyaqin.h	Shabistari, Haqq al-yaqin		ganjoor	0			
shabistari.kanz.k	Kanz al-haqa'iq (attributed to Shabistari)		ganjoor	0			
shabistari.maratib.r	Maratib al-'arifin (attributed to Shabistari)		ganjoor	0			
shabistari.mirat.m	Shabistari, Mir'at al-muhaqqiqin		ganjoor	0			
shabistari.saadatnama.s	Shabistari, Sa'adat-nama		ganjoor	0			
shafii.0204Shafici.Risala	al-Shafi'i: Risala	204	typed	0			
shafii.0204Shafici.Umm	al-Shafi'i: Umm	204	typed	0			
shafii.0264IbnYahyaMuzani.Mukhtasar	al-Muzani: Mukhtasar	264	typed	0			
shafii.0450AbuHasanMawardi.HawiKabir	al-Mawardi: HawiKabir	450	typed	0			
shafii.0476AbuIshaqShirazi.LumacFiUsulFiqh	al-Shirazi: LumacFiUsulFiqh	476	typed	0			
shafii.0476AbuIshaqShirazi.MuhadhdhabFiFiqh	al-Shirazi: MuhadhdhabFiFiqh	476	typed	0			
shafii.0478ImamHaramaynJuwayni.BurhanFiUsulFiqh	al-Juwayni: BurhanFiUsulFiqh	478	typed	0			
shafii.0478ImamHaramaynJuwayni.NihayatMatlab	al-Juwayni: NihayatMatlab	478	typed	0			
shafii.0606FakhrDinRazi.Mahsul	Fakhr al-Din al-Razi: Mahsul	606	typed	0			
shafii.0623AbuQasimRafici.SharhKabir	al-Rafi'i: SharhKabir	623	typed	0			
shafii.0676Nawawi.Majmuc	al-Nawawi: Majmuc	676	typed	0			
shafii.0676Nawawi.MinhajTalibin	al-Nawawi: MinhajTalibin	676	typed	0			
shafii.0974IbnHajarHaytami.TuhfatMuhtaj	Ibn Hajar al-Haytami: TuhfatMuhtaj	974	typed	0			
shafii.1004ShamsDinRamli.NihayatMuhtaj	al-Ramli: NihayatMuhtaj	1004	typed	0			
shams.maqalat.movahhed_ocr	Maqalat-i Shams-i Tabrizi, ed. Muhammad-'Ali Muvahhid (Tehran, 4th pr. 1391 Sh/2012)	645	ocr_uncorrected	0	0/1005	chittick2004_me_and_rumi	printed_page runs one ahead of the page header: cite printed_page - 1 (v25)
sira.0207Waqidi.Maghazi	al-Wāqidī: Maghazi	207	typed	0			
sira.0213IbnHisham.SiraNabawiyya	Ibn Hishām: SiraNabawiyya	213	typed	0			
sira.0279Tirmidhi.ShamailMuhammadiyya	al-Tirmidhī: ShamailMuhammadiyya	279	typed	0			
sira.0458Bayhaqi.DalailNubuwwa	al-Bayhaqī: DalailNubuwwa	458	typed	0			
sira.0544QadiCiyad.Shifa	Qāḍī ʿIyāḍ: Shifa	544	typed	0			
sira.0751IbnQayyimJawziyya.ZadMacad	Ibn Qayyim: ZadMacad	751	typed	0			
sufi_manuals.0380AbuBakrKalabadhi.TacarrufLiMadhhabAhlTasawwuf	al-Kalābādhī: TacarrufLiMadhhabAhlTasawwuf	380	typed	0			
sufi_manuals.0386AbuTalibMakki.QutQulub	Abū Ṭālib al-Makkī: QutQulub	386	typed	0			
sufi_manuals.0412Sulami.TabaqatSufiyya	al-Sulamī: TabaqatSufiyya	412	typed	0			
sufi_manuals.0430AbuNucaymIsbahani.HilyatAwliya	Abū Nuʿaym: HilyatAwliya	430	typed	0			
sufi_manuals.0465IbnHawazinQushayri.RisalaQushayriyya	al-Qushayrī: RisalaQushayriyya	465	typed	0		knysh2007_epistle	
sultanwalad.waladnama.s	Sultan Walad, Waladnama		ganjoor	0			
tafsir.0310Tabari.JamicBayan	al-Ṭabarī: JamicBayan	310	typed	0			
tafsir.0327IbnAbiHatimRazi.Tafsir	Ibn Abī Ḥātim: Tafsir	327	typed	0			
tafsir.0510IbnMascudBaghawi.Tafsir	al-Baghawī: Tafsir	510	typed	0			
tafsir.0538JarAllahZamakhshari.Kashshaf	al-Zamakhsharī: Kashshaf	538	typed	0			
tafsir.0606FakhrDinRazi.MafatihGhayb	Fakhr al-Dīn al-Rāzī: MafatihGhayb	606	typed	0			
tafsir.0685NasirDinBaydawi.AnwarTanzil	al-Bayḍāwī: AnwarTanzil	685	typed	0			
tafsir.0774IbnKathir.TafsirQuran	Ibn Kathīr: TafsirQuran	774	typed	0			
tafsir.0911Suyuti.DurrManthur	al-Suyūṭī: DurrManthur	911	typed	0			
tafsir.0911Suyuti.TafsirJalalayn	al-Maḥallī and al-Suyūṭī: TafsirJalalayn	911	typed	0			
tafsir_ahkam.0338AbuJacfarNahhas.NasikhWaMansukh	al-Naḥḥās: NasikhWaMansukh	338	typed	0			
tafsir_ahkam.0370IbnCaliJassas.AhkamQuran	al-Jaṣṣāṣ: AhkamQuran	370	typed	0			
tafsir_ahkam.0468IbnAhmadWahidiNaysaburi.AsbabNuzul	al-Wāḥidī: AsbabNuzul	468	typed	0			
tafsir_ahkam.0504IbnMuhammadCimadDinTabari.AhkamQuran	Kiyā al-Harrāsī: AhkamQuran	504	typed	0			
tafsir_ahkam.0543IbnCarabiIshbili.AhkamQuran	Ibn al-ʿArabī al-Mālikī: AhkamQuran	543	typed	0			
tafsir_ahkam.0671AbuCabdAllahQurtubi.JamicLiAhkamQuran	al-Qurṭubī: JamicLiAhkamQuran	671	typed	0			
tafsir_sufi.0283SahlTustari.Tafsir	Sahl al-Tustarī: Tafsir	283	typed	0			
tafsir_sufi.0412Sulami.Tafsir	al-Sulamī: Tafsir	412	typed	0			
tafsir_sufi.0465IbnHawazinQushayri.LataifIsharat	al-Qushayrī: LataifIsharat	465	typed	0			
wilaya.0281IbnAbiDunya.Awliya	Ibn Abi al-Dunya: Awliya	281	typed	0		chodkiewicz1993_seal	
wilaya.0320HakimTirmidhi.KhatmAwliya	al-Hakim al-Tirmidhi: KhatmAwliya	320	typed	0		chodkiewicz1993_seal	
wilaya.0320HakimTirmidhi.MasalaFiWasfMufarridin	al-Hakim al-Tirmidhi: MasalaFiWasfMufarridin	320	ocr_uncorrected	0	0/72	chodkiewicz1993_seal	
wilaya.0320HakimTirmidhi.NawadirUsul	al-Hakim al-Tirmidhi: NawadirUsul	320	typed	0		chodkiewicz1993_seal	
wilaya.0418HibatAllahLalikai.KaramatAwliya	al-Lalakai: KaramatAwliya	418	typed	0		chodkiewicz1993_seal	
wilaya.0463KhatibBaghdadi.TarikhBaghdad	al-Khatib al-Baghdadi: TarikhBaghdad	463	typed	0		chodkiewicz1993_seal	
wilaya.0571IbnCasakir.TarikhDimashq	Ibn Asakir: TarikhDimashq	571	typed	0		chodkiewicz1993_seal	
wilaya.0597IbnJawzi.Mawducat	Ibn al-Jawzi: Mawducat	597	typed	0		chodkiewicz1993_seal	
wilaya.0597IbnJawzi.TalbisIblis	Ibn al-Jawzi: TalbisIblis	597	typed	0		chodkiewicz1993_seal	
wilaya.0628IbnZayyat.Tashawwuf	Ibn al-Zayyat al-Tadili: Tashawwuf	628	ocr_uncorrected	2	285/1187	chodkiewicz1993_seal	
wilaya.0709IbnCataAllahSikandari.LataifMinan	Ibn Ata Allah al-Iskandari: LataifMinan	709	ocr_uncorrected	3	310/442	chodkiewicz1993_seal	
wilaya.0728IbnTaymiyya.FurqanBaynaAwliya	Ibn Taymiyya: FurqanBaynaAwliya	728	typed	0		chodkiewicz1993_seal	
wilaya.0751IbnQayyimJawziyya.ManarMunif	Ibn al-Qayyim: ManarMunif	751	typed	0		chodkiewicz1993_seal	
wilaya.0768Yafici.RawdRayahin	al-Yafii: RawdRayahin	768	ocr_uncorrected	1	471/964	chodkiewicz1993_seal	
wilaya.0804IbnMulaqqin.TabaqatAwliya	Ibn al-Mulaqqin: TabaqatAwliya	804	typed	0		chodkiewicz1993_seal	
wilaya.0808IbnKhaldun.ShifaSail	Ibn Khaldun: ShifaSail	808	ocr_uncorrected	2	45/460	chodkiewicz1993_seal	
wilaya.0808IbnKhaldun.Tarikh	Ibn Khaldun: Tarikh	808	typed	0		chodkiewicz1993_seal	
wilaya.0902Sakhawi.MaqasidHasana	al-Sakhawi: MaqasidHasana	902	typed	0		chodkiewicz1993_seal	
wilaya.0911Suyuti.HawiLiFatawi	al-Suyuti: HawiLiFatawi	911	typed	0		chodkiewicz1993_seal	
wilaya.0911Suyuti.LaaliMasnuca	al-Suyuti: LaaliMasnuca	911	typed	0		chodkiewicz1993_seal	
wilaya.0973CabdWahhabShacrani.KibritAhmar	al-Sharani: KibritAhmar	973	ocr_uncorrected	3	669/785	chodkiewicz1993_seal	
wilaya.0973CabdWahhabShacrani.LawaqihAnwar	al-Sharani: LawaqihAnwar	973	typed	0		chodkiewicz1993_seal	
wilaya.1014MullaCaliQari.AsrarMarfuca	Mulla Ali al-Qari: AsrarMarfuca	1014	typed	0		chodkiewicz1993_seal	
wilaya.1031CabdRaufMunawi.KawakibDurriyya	al-Munawi: KawakibDurriyya	1031	ocr_uncorrected	2	7448/12046	chodkiewicz1993_seal	
wilaya.1182IbnIsmacilSancani.InsafFiHaqiqatAwliya	al-Amir al-Sanani: InsafFiHaqiqatAwliya	1182	typed	0		chodkiewicz1993_seal	
wilaya.1345IbnJacfarKattani.NazmMutanathir	Muhammad b. Jafar al-Kattani: NazmMutanathir	1345	typed	0		chodkiewicz1993_seal	
